IM-000000010733569-AP1.png ::::::::: [21, 3, 5, 4, 13, 3, 16, 4, 15, 3, 5, 2, 3, 16, 5, 5, 5]
IM-000000011387376-AP1.png ::::::::: [3, 4, 5, 5, 2, 6, 5, 6]
IM-000000011186395-AP1.png ::::::::: [13, 5, 5, 4, 4]
IM-000000010756065-AP1.png ::::::::: [10, 9, 8, 8]
IM-000000011387161-AP1.png ::::::::: [9, 3]
IM-000000011143054-AP1.png ::::::::: [6, 2, 3, 10, 7, 6, 6, 11]
IM-000000011200858-AP1.png ::::::::: [10, 14, 13, 13]
IM-000000011379256-AP1.png ::::::::: [4, 3, 3, 3, 5, 3, 4, 3, 4, 2]
IM-000000011386972-AP1.png ::::::::: [10, 3, 14, 22, 21, 2, 9, 20, 3, 10, 3, 10, 2, 9, 2, 11, -7, 4, 15, 3, 16]
IM-000000011379650-AP2.png ::::::::: [1, 5, 7, 4, 4, 4, 6, 4, 3, 4, 5, 4, 4, 4, 5, 5, 4, 3, 5, 6, 4, 5, 5, 6, 5, 4, 4, 5, 5, 5, 6, 6, 5, 5, 4, 6, 4, 4, 5, 6, 6, 4, 4, 4, 4, 5, 4, 5, 4, 6, 5, 4, 6]
IM-000000011379909-AP1.png ::::::::: [13, 4, 4, 4, 5, 5, 4, 3, 316, -11]
IM-000000009457731-AP1.png ::::::::: [24, 4]
IM-000000011379196-AP1.png ::::::::: [3]
IM-000000011143056-AP2.png ::::::::: [5, 4, 4, 10, 6, 5, 5, 2, 4, 11, 19, 6, 8, 6, 7, 4, 7, 10, 19, 5, 7, 8, 7, 7, 13, 18, 7, 6, 8, 7, 7, 12]
IM-000000011379574-AP1.png ::::::::: [9, 11, 5, 8, 9, 10, 6]
IM-000000011188933-AP1.png ::::::::: [9, 10, 11]
IM-000000010759568-AP1.png ::::::::: [23, -12, 7]
IM-000000011802745-AP1.png ::::::::: [10, 6, 8, 7]
IM-000000010652231-AP1.png ::::::::: [-1, -1, 4, 6, 7, 5, -7, 5, 6, 6]
IM-000000011191756-AP1.png ::::::::: [4, 14, 6, 12, 12, 11, 12, 5, 13, 11, 4]
IM-000000010557088-AP1.png ::::::::: [7, 7, 7, 6, 8, 8, 7, 6, 9, 8]
IM-000000011387111-AP1.png ::::::::: [3, -13, -13]
IM-000000010733583-AP1.png ::::::::: [21, 3, 2, 3, 15, 4, 15, 2, 14, 4, 6]
IM-000000011387418-AP1.png ::::::::: [-12, 12, 2, 3, -3, 12, 13, 5, 3, -6, 5, 10, 13, 3, 3, -6, 7, 13, 13, 4, 4, -5, 6, 12]
IM-000000010617010-AP1.png ::::::::: [-5, -6, 17, 4, 4, 4]
IM-000000011186404-AP1.png ::::::::: [13, 4, 4, 3]
IM-000000010579474-AP1.png ::::::::: [-1, 32, 8, 6, 6, 6, 7, 7, 8, 6, 8, 8, 7, 6, 7, 8, 7, 6, 7, 7, 7, 5, 7, 7, 7, 17]
IM-000000011188934-AP1.png ::::::::: [9]
IM-000000011343294-AP2.png ::::::::: [-5, -4, 4, -3, -4, 5, -4, -4, 4, -3, -3, 4, -3, -4, 4, 2, 2, 5, -4, -4]
IM-000000010529633-AP1.png ::::::::: [12, 7, 5, 6, 6, 6, 5, 6, 5, 5, 6, 5, 5, 5]
IM-000000010892936-AP1.png ::::::::: [10, 2, 3, 3, 1, 4, 3, 4, 2, 0, 17, 2, 2, 2, 2, 52, -11, 6, -10, 9, 13, 2, 3, 2, 2, 52, -10, 6, -10, 9, 14, 3, 3, 2, 55, -10, 7, -9, 10, 32]
IM-000000011378661-AP1.png ::::::::: [7, -2, 0, -2, -2]
IM-000000011379461-AP16.png ::::::::: [1, 1, 23, -5, 4, 8]
IM-000000010865955-AP1.png ::::::::: [11, 4, 4, 5, 4]
IM-000000011387673-AP1.png ::::::::: [-8, -3, -3, 12, 279]
IM-000000011378814-AP2.png ::::::::: [-3, -4, 4, -2, -4, 5, 1, -1, 4, -2, -6, 5, -4, -4, 5, -2, -3]
IM-000000011310368-AP1.png ::::::::: [8, 8, 3, 4, 3, 16, 4, 5]
IM-000000011379366-AP1.png ::::::::: [3, 2, 3, 6, 6, 0, -13, -11, 6, 6]
IM-000000011379642-AP1.png ::::::::: [13, 3, 8]
IM-000000011459351-AP1.png ::::::::: [16, 4, 4, 14, -1, 4]
IM-000000011379891-AP1.png ::::::::: [14, 5, 6, 3, 5, 358]
IM-000000011286382-AP1.png ::::::::: [-11, 14, 5, 4, 4]
IM-000000011379818-AP3.png ::::::::: [-5, 0, -5, 4, 22, 60, 9, 33, 8, 59, 8, 34, 10, 61, 8, 34, 9, 26]
IM-000000011379754-AP1.png ::::::::: [3]
IM-000000011378600-AP1.png ::::::::: [8, -2, -3, -2, -3, 8, 4, 6, 16, 8, 8, 19, 4, 24, 6, 22, 6, 22, 4, 23, 3, 22, 3, 22, 5, 22, 5, 21, 5, 33]
IM-000000011379222-AP1.png ::::::::: [7, 5]
IM-000000011379823-AP1.png ::::::::: [10, -4, -5, 7, 11, -5, -4, 8]
IM-000000011379445-AP6.png ::::::::: [3, -12, 6, 24, 3, 6]
IM-000000011379510-AP1.png ::::::::: [6, 19, 4, 5, 5, 4, 5, 5, 6, 6, 6, 6]
IM-000000011550130-AP2.png ::::::::: [-2, -3]
IM-000000011387464-AP2.png ::::::::: [-3, 9, 4, -3, -2, 5, 5, 6, 5, 4, -3, -2, 4, 4, 5, 5, 3, -3, -2, 4, 3, 5, 5, 3, -3, -2, 5, 5, 5, 4]
IM-000000011379500-AP1.png ::::::::: [13, 2]
IM-000000011102001-AP1.png ::::::::: [6, 18, 3, 21, 4, 17, 4]
IM-000000011386948-AP2.png ::::::::: [-6, 1, 12, 3, 17, 3, 17, 3, 15, 4, 15, 4, 16, 4, 17, 3, 17, 3, 17, 4, 18, 3, 17, 3]
IM-000000010881208-AP1.png ::::::::: [4, 0, 2]
IM-000000011386730-AP1.png ::::::::: [16, 10, 10, 11, 10, 10, 11, 12, 13, 10, 10, 10, 11, 11, 11, 12, 12, 8, 11, 7, -8, 10, 9]
IM-000000011379780-AP1.png ::::::::: [5]
IM-000000010529107-AP1.png ::::::::: [-5, -5, 8, 15]
IM-000000010904574-AP1.png ::::::::: [8, 7, 4, 3, 3, 15, 4, 3, 5, 5, 4, 5, 4, 4, 4, 4, 4, 5, 3, 19]
IM-000000010733602-AP1.png ::::::::: [19, -11, 4, 13, -12, 4, 5, 16, 3, 1, -12, 1]
IM-000000010733573-AP1.png ::::::::: [-10, 20, 3, 15, 3, 4, 1, 11, 2, 6, 13, 6, 6, 5]
IM-000000011379973-AP1.png ::::::::: [4, 3, -10, 5, 5, 3, -10, -10, 5]
IM-000000010965479-AP3.png ::::::::: []
IM-000000011378779-AP1.png ::::::::: [8, 3]
IM-000000011379401-AP2.png ::::::::: [3, 0, -7, 23, -4, 3, 5, -10, 13, -6, 5, 9]
IM-000000011386905-AP1.png ::::::::: [-3, -10, -4, 17, 5, 6]
IM-000000011511178-AP1.png ::::::::: [6, 2, 0, 12, 2, 0]
IM-000000010890124-AP1.png ::::::::: [-5, -5, -3, 7, 2, 16, 16, 15, 2, 2, 4, 4, 3, 2, -10, 241, 1, 2, 1, 2, 0]
IM-000000011143060-AP1.png ::::::::: [5, 4, 3, 10, 7, 5, 7, 5, 10]
IM-000000011379333-AP2.png ::::::::: [13, 15, 14, 12]
IM-000000011370742-AP1.png ::::::::: [8, 7, 4, 4, 2, 13, 3, 4]
IM-000000011387105-AP1.png ::::::::: [3, -13]
IM-000000011378803-AP1.png ::::::::: [1, -5, 127]
IM-000000010865989-AP1.png ::::::::: [-8, 7, -9, -3, -1, -2, 0]
IM-000000011386934-AP2.png ::::::::: [1, 8, 2, 12, -12, 1, 11, -13, -11, 3, 13, 2, 13, 3]
IM-000000011386944-AP1.png ::::::::: [2, 28, 3, 5, 36, 17]
IM-000000011378586-AP1.png ::::::::: [8, -2, -2, -3, -3, 8, 4, 6, 17, 8, 8, 19, 4, 6, 6, 6, 22, 5, 5, 6, 5, 23, 5, 6, 6, 5, 23, 5, 6, 6, 7, 23, 3, 5, 6, 5, 23]
IM-000000010638076-AP1.png ::::::::: [11]
IM-000000010655224-AP1.png ::::::::: [8, 9, 2, 5, 4, 13, 1, 5, 19]
IM-000000011378913-AP1.png ::::::::: [13, 3, 216]
IM-000000010819088-AP6.png ::::::::: [6, 5, 5, 6, 17, 5, 1, 5, 4, 4, 14, 6, 3, 5, 17, 6, 5, 2, 4, 4, 4, 14, -10, 7, 4, 6, 17, 4, 6]
IM-000000011378631-AP1.png ::::::::: [8, -2, -1, -2, -3]
IM-000000011379338-AP1.png ::::::::: [5, 21, 8, 7, 6]
IM-000000011387010-AP1.png ::::::::: [4, 4, 5, 2, 1, -11, 4, 3, 6, 33, 5, 63, 6, 6, 7, 6]
IM-000000011379382-AP2.png ::::::::: [3, 0, -7, 24, -4, 3, 9, 14, -5, 4, 10, 15, -4, 4, 9, 14, -4, 5, 8, 11, -4, 4, 6, 13, -4, 4, 9, 13, -4, 5, 8, 12, -4, 5, 7, -10, -8, 14, 2]
IM-000000010071904-AP1.png ::::::::: [5, 17, 10, 5, 6]
IM-000000010814247-AP1.png ::::::::: [9, -11, 8, 14, 12, 8, 12, 14, 8, 13]
IM-000000011379588-AP1.png ::::::::: [-7, 19, 3, 4, 2, 0]
IM-000000011379361-AP1.png ::::::::: [9, 3, 5, 5, 4, 4, 4, 2, 3, 3, 5, 4, 4, 3, 5, 4, 6]
IM-000000011379412-AP1.png ::::::::: [14, -7, 6, 6, 11, 8, 9, 14, 7, 9]
IM-000000011249368-AP1.png ::::::::: [-8, 24, 7, 6, 7, 7, 6, 8, 7]
IM-000000011387565-AP1.png ::::::::: [5, 7, 14, -3]
IM-000000009466516-AP1.png ::::::::: [5, 2, 13, 5]
IM-000000011378898-AP1.png ::::::::: [0, 0, 10, 2]
IM-000000010662990-AP1.png ::::::::: [5, 6, -5, 5, 8]
IM-000000011378615-AP2.png ::::::::: [8, -1, -1, -2, -3, 7, 23, 4, 4, 34]
IM-000000011387521-AP2.png ::::::::: [18, -3, -3]
IM-000000011378648-AP2.png ::::::::: [6, -4, -3, -2, -2]
IM-000000011343858-AP1.png ::::::::: [6, 1, 0, 8, 1, 2]
IM-000000011379801-AP1.png ::::::::: [-7, 0, -3, 2, 21, 8, 58, 7, 120, 5, 5, 4, 4, 180]
IM-000000011379101-AP2.png ::::::::: [5, 12, 21, 5, 5, 7, 5, 23, 4, 5, 8, 23, 22, 7, 5, 7, 22, 6, 5, 6, 144]
IM-000000011253951-AP2.png ::::::::: [16, 2, 4, -3, -4, 1, 3, 29, 3, 5, -3, -2, 2, 3]
IM-000000011386923-AP1.png ::::::::: [14, 5]
IM-000000011387230-AP2.png ::::::::: [2, 64]
IM-000000010854737-AP1.png ::::::::: [7, 7, 4, 3, 2, 15, 4, 3, 5]
IM-000000010731884-AP1.png ::::::::: [6, 3, 1, 1, 0]
IM-000000011386879-AP3.png ::::::::: [-1, -4, 16, 4, 7, 4, 8]
IM-000000011387630-AP1.png ::::::::: [15, 2, 4, 9, 3, 0, 9, 1, 5, 8, 3, 2, 10, 2, 4]
IM-000000011387385-AP1.png ::::::::: [12, 3, 4, 2, 12, 12]
IM-000000011387485-AP1.png ::::::::: [-1, -4, 16, 4, 2, 4, 4, 5, 2, 2, 4, 4, 5, 4, 6, 5, 4, 4, 8]
IM-000000011254336-AP1.png ::::::::: [-3, -5, 18, 4]
IM-000000011127055-AP1.png ::::::::: [-3, 14, 174, 5]
IM-000000010859297-AP1.png ::::::::: [11, 7, 7, 6, 6, 7]
IM-000000009677502-AP1.png ::::::::: [-7, 0, 10, 10, 2, 3, 66, 7]
IM-000000011379058-AP1.png ::::::::: [13, 4, 6]
IM-000000011379262-AP2.png ::::::::: [-3, -8, -2, 31, 8, 8, 8, 9, 6, 8]
IM-000000011379334-AP1.png ::::::::: [10, -6, 6, -6, 20, -6, 6, -7, 5, 18, 5, 3, 259, 17, 4, 3]
IM-000000010854739-AP1.png ::::::::: [-11, 7, 8, 3, 2, 3, 14, 3, 3, 5]
IM-000000011379430-AP2.png ::::::::: [12, 6]
IM-000000011186418-AP1.png ::::::::: [-10, 14, 4, 4, 4, 4]
IM-000000011379369-AP1.png ::::::::: [6, 9, 6, 3, 6, 4, 6, 4]
IM-000000011284773-AP1.png ::::::::: [6, 19, 2, 4, 6, 9, 4, 5]
IM-000000010733581-AP1.png ::::::::: [-9, 19, 3, 1, 3, 15, 3, 3, 4, 15, 4, 2, -12, 1, 4, 14, -12, 4, 2, 5, 13, 4, 1, 1]
IM-000000011379595-AP1.png ::::::::: [19, 3, 3, 1, 1]
IM-000000011678625-AP1.png ::::::::: [12, 3, 4, 34, 23, 5, 7, 6, 55, 7, 8, 8, 9, 22, -11, 21, 6, 6, 7, 20, 6]
IM-000000010840195-AP1.png ::::::::: [7, 11, 10, 11, 11, 11, 10, 11, 10]
IM-000000010733591-AP1.png ::::::::: [21, 2, 2, 3, 3, 13, 4, 3, 4, 13, -11, 4, 3, 2, 13, 3, 2, -12, 1]
IM-000000011376572-AP1.png ::::::::: [10, 8, 8, 8]
IM-000000011009945-AP1.png ::::::::: [4, 5, 3, 5, 4, 3, 5, 4, 5, 4, 5, 5, 4, 5, 4, 6, 5, 6, 4, 6]
IM-000000011386858-AP1.png ::::::::: [11, 3, 16, 21, 19, 2]
IM-000000011387365-AP1.png ::::::::: [12, 5, 3, -2, 13, 17, 11, -7, 11, 14, 2, 2, 6, 4, -4, -2, 4, 11, 11, 20]
IM-000000011378588-AP2.png ::::::::: [7, -1, -2, -3, -3]
IM-000000009606437-AP5.png ::::::::: [5, 5, 7, 4, 4, 5, 37]
IM-000000009421314-AP1.png ::::::::: [5, 3, 5, 6, 6, 6, 6]
IM-000000010485223-AP1.png ::::::::: [6, 18]
IM-000000011186421-AP1.png ::::::::: [13, 5, 5, 5, 5]
IM-000000011378712-AP1.png ::::::::: [-10, 21, 13, 13, 12, 14]
IM-000000011828276-AP1.png ::::::::: [15, 6]
IM-000000011386733-AP1.png ::::::::: [16, 11, 11, 9, 9, 11, 12, 11, 13, 9, 10, 12, 11, 11, 11, 12, 11, 9, 10, 10, 11, 11]
IM-000000010666197-AP1.png ::::::::: [-4, -2, -5, 24, 3, 9]
IM-000000011254325-AP1.png ::::::::: [-1, -2, 19, 5]
IM-000000011379192-AP1.png ::::::::: [3]
IM-000000010652225-AP1.png ::::::::: [-2, -2, 5, 6, 7, 8, 6, 8]
IM-000000011386904-AP1.png ::::::::: [-3, -10, -4, 17, 4, 9, 4, 10, 3, 9, 5, 9, 4, 8, 5, 9, 4, 10, 5, 9, 5, 6]
IM-000000011333681-AP1.png ::::::::: [12, 7, 8, 8, 8, 8]
IM-000000010652238-AP1.png ::::::::: [-1, -2, 5, 7, 6, 5, -7, 8, 6, -7, 6, -10, 5, -9]
IM-000000011254323-AP1.png ::::::::: [-3, -9, -3, 19, 5]
IM-000000011101955-AP1.png ::::::::: [-4, -5, -4, -5, 8, 3, 4, 2, 5, 4, 16, 16, 14, 2, 3, 4, 5, 3, 1, -10, 193, 1, 2, 1, 3, -1]
IM-000000011686659-AP11.png ::::::::: [-3, -2, -4, -5, 5, 2, 14, 4, 7, 7, 5, 14, 2, 3, 2, 15, 5, 7, 7, 6, 15, 3, 3, 3, 4, 1, 1]
IM-000000011379333-AP1.png ::::::::: [10, 15, 14, 13, 12, 16, 14, 13, 11, -9, 14, 11]
IM-000000011379443-AP6.png ::::::::: [4, 6, 26, 3, 6, 6, -11, 5, 7, 9, 3, 5, 8, 3, 6]
IM-000000011101911-AP1.png ::::::::: [11, 7, 9, 6, -9, 9, 8]
IM-000000011523182-AP1.png ::::::::: [-3, -2, -4, -6, 4, 4, 6, 5, 27, 3, 3, 4, 4]
IM-000000011741699-AP1.png ::::::::: [5, 4, 2, 2]
IM-000000011378984-AP1.png ::::::::: [10, 3, 16, 20, 21, -8, 23, 2, 9, -7, 3, 8, 3, 9, 1, 9, -7, 3, 10, 2, 9, -8, 3, 11, -7, 5, 12]
IM-000000011379440-AP5.png ::::::::: [10, 8, 7, 7, 5, 8, 9]
IM-000000011379373-AP1.png ::::::::: [-9, 2, -1, -8, 25, -5, 4, 10, 13, -4, 5, 10, 13, -6, 4, 9, 12, -5, 3, 9, 15, -4, 4, 8, 14, 5, 8]
IM-000000011285439-AP1.png ::::::::: [10, 0]
IM-000000011143059-AP1.png ::::::::: [6, 4, 5, 10, 6, 7, 12]
IM-000000011583836-AP1.png ::::::::: [5, 1, 11, 2, 1, 10, 0, 10, 0, 10, 2, 10, -1, -11]
IM-000000011685260-AP1.png ::::::::: [6, 6, 16, 4, -11, 3]
IM-000000011386904-AP2.png ::::::::: [-3]
IM-000000010731886-AP1.png ::::::::: [5, 1, 1, 1, 9, 0, 1, 2, 1, 11, 0, 0, 1, 1]
IM-000000009479483-AP2.png ::::::::: [2, 1, 6, 5]
IM-000000011143058-AP1.png ::::::::: [6, 4, 4, 9, 5, 4, 6, 7, 6, 10]
IM-000000010301545-AP2.png ::::::::: [2, 5, 4, 24, 5, 14, 5, 4, 16, 4]
IM-000000010534569-AP1.png ::::::::: [-7, -4, -7, 8, 7]
IM-000000010881253-AP1.png ::::::::: [-1, 0, 9, 1]
IM-000000011379343-AP1.png ::::::::: [9, -6, 388, 15, 6, 4]
IM-000000011249371-AP1.png ::::::::: [-9, 21, 8, 6, 9]
IM-000000011186251-AP1.png ::::::::: [8, 8, 4, 5, 3, 16, 4, 4, 18, 8, 4, 4, 3, 14, 0, 2]
IM-000000010638217-AP1.png ::::::::: [8, 10]
IM-000000010865965-AP1.png ::::::::: [12, 3, 3, 4, 4]
IM-000000011380030-AP1.png ::::::::: [3, -1, 16, 3, 4, 2]
IM-000000011249374-AP1.png ::::::::: [4]
IM-000000011386943-AP1.png ::::::::: [2, 27, 3, 36]
IM-000000011387354-AP1.png ::::::::: [12]
IM-000000011378884-AP1.png ::::::::: [3, -2, 19, 2, 5, 2]
IM-000000011378956-AP1.png ::::::::: [3, 6, 5, 5, 6, 3, 4, 4, 4, 5, 5, 4, 1, 5, 5, 5, 5, 5, 5, 5, 5, 5]
IM-000000011322085-AP1.png ::::::::: [7, 1, 3, 8, 1, 1, 7, 1, 3]
IM-000000010865961-AP1.png ::::::::: [13, 4, 3, 3]
IM-000000010712583-AP1.png ::::::::: [13, -5]
IM-000000011379837-AP1.png ::::::::: [4, 3, 3, 1, 14, 3]
IM-000000011344106-AP1.png ::::::::: [-10, 11, 7, 8, 8, 6, 7, 7, 7, 7, 7, 7, 7, 7, 8, 7, 6, 6, 7, 6, 6, 7]
IM-000000010768804-AP1.png ::::::::: [17, 8, 6]
IM-000000010865958-AP1.png ::::::::: [12, -8, 3, 3, 3, 4]
IM-000000011379805-AP3.png ::::::::: [5, -9, 0, 3, 62, 4, 5, 3, 4, 374]
IM-000000010881247-AP1.png ::::::::: [3, 11]
IM-000000011378606-AP3.png ::::::::: [7, -2, -3, -3, -3]
IM-000000011367584-AP1.png ::::::::: [8, 10, -8, 11, 10, 10, 11, 11, 10, 11]
IM-000000011387369-AP1.png ::::::::: [5, 16]
IM-000000009411514-AP1.png ::::::::: [5, 3, 6, 5, 7, 7, 6]
IM-000000011379836-AP1.png ::::::::: [4, 4, 1, 11, 3, 3, 3, 13, 3, 13, 4, 14, 3, 13, 4, 15, 4]
IM-000000010676246-AP1.png ::::::::: [11, -8, 1, 2, 1, 0]
IM-000000011386966-AP1.png ::::::::: [11, 3, 15, -8, 23, 21, 1]
IM-000000011379453-AP2.png ::::::::: [-14, 2, 27, 9, 11]
IM-000000010965479-AP2.png ::::::::: [8, 7, 4, 3, 4, 4, 14, 0, 3, 2, 5, 4, 4, 4, 18, 48, 8, 3, 1, 4, 5, 13, 1, 1, 3, 6, 5, 4, 5, 19]
IM-000000010772103-AP1.png ::::::::: [8, 9, 4, 3, 14, 4, 5]
IM-000000011190599-AP1.png ::::::::: [-3, -6, 11, 7, 7, -8, 6, 9, 8, -3, -4]
IM-000000011379419-AP2.png ::::::::: [-5, 0, -4, 2, 62, 5, 4, 4, 4, -11, 372]
IM-000000011387282-AP1.png ::::::::: [10, 4, 15, 21, 2, 10, 4]
IM-000000011379443-AP9.png ::::::::: [5, 6, 24, 3, 7, 5, 7, 5, 7, 9, 4, 7, 8, 3, 7]
IM-000000009480622-AP1.png ::::::::: [10, 3, 17, 4]
IM-000000011387445-AP1.png ::::::::: [-4, 9, 4, -3, 17, -3, -2, 6, 5]
IM-000000009433102-AP1.png ::::::::: [7, 7, 4, 6]
IM-000000011379657-AP1.png ::::::::: [16, 5, 2, 6, 5, 5, 4, 4, -10, 5, 4, 20]
IM-000000011378804-AP20.png ::::::::: [-3, -2, -3, -5, 16, 5, 6, 4, 3, 18, 3, 6, 4, 16, 5, 4, 4, 4, 16, 4, 7, 3, 15, 5, 5, 3, 3]
IM-000000011379470-AP1.png ::::::::: [-4, -6, -3, 9, -12, 7, 7, 7, 7, 8, 8, 6, 7, 8, -10, -28, -9]
IM-000000011378667-AP1.png ::::::::: [3, 0]
IM-000000011254332-AP1.png ::::::::: [-1, -3, 19, 4]
IM-000000010865975-AP1.png ::::::::: [12, -9, 2, 2, 2]
IM-000000009418599-AP1.png ::::::::: [6, 3, 4, 6, 4, 7, 6]
IM-000000010712587-AP1.png ::::::::: [14, -5]
IM-000000011386871-AP1.png ::::::::: [-2, -5, 17, 5, 7]
IM-000000011098840-AP2.png ::::::::: [2, 14, 3, 2, 5, 4, 4, 3, 4, 4, 4, 4, 3, 4, 4, 3, 3, 3, 4, 3, 3, 3]
IM-000000010929702-AP1.png ::::::::: [-4, -3, -3, -5, 8, 3, 4, 2, 4, 2, 3, -1, 3, 15, 17, 13, 2, 2, 4, 4, 4, 171, 1, 1, 0, 1, 1]
IM-000000011369972-AP1.png ::::::::: [16, 5]
IM-000000010843146-AP1.png ::::::::: [8, 8, 3, 3, 3, 14, 3, 2, 3, 3, 4, 5, 4, 19]
IM-000000011186271-AP1.png ::::::::: [15, 6, 7, 5, 14, 2]
IM-000000011386922-AP1.png ::::::::: [14, 4]
IM-000000011387163-AP1.png ::::::::: [10, 3, 14, 22, 20, -7, 3, 11]
IM-000000011387384-AP2.png ::::::::: [21]
IM-000000010585549-AP1.png ::::::::: [9, 8, 7, 7, 7, 7, 8, 8, 7, 6]
IM-000000011379120-AP1.png ::::::::: [0, 0, 10, 2]
IM-000000010772396-AP1.png ::::::::: [-6, -6, 10, 7, 8, -8, 6, 6]
IM-000000010662988-AP1.png ::::::::: [5, 6, 4, 8]
IM-000000011378804-AP22.png ::::::::: [-3, -2, -3, 5, 3, 5, 4, 5, 16, 3, 7, 4, 15, -63, -62, 4, 5, 17, 3, 6, 4, 15, 6, 5, 3, 5]
IM-000000011386948-AP1.png ::::::::: [3, 26, 3, 16, 4, 16, 3, 17, 4, 16, -3, 4, 16, 5, 17, 4, 4, 16, 3, 17, 4, 4, 15, 4]
IM-000000011379149-AP1.png ::::::::: [10, 4, 2, 0, 13, 3, 4]
IM-000000011186251-AP2.png ::::::::: []
IM-000000011143056-AP1.png ::::::::: [5, 5, 5, 9, 4, -12, 6, 6, 7, 10, 20, 7, 6, 8, 8, 13]
IM-000000009436489-AP1.png ::::::::: [14, 9, 26, 55, 26]
IM-000000010772567-AP1.png ::::::::: [5, 7, 4, 5, 2, 2, 12, 4, 4, 18]
IM-000000011378639-AP1.png ::::::::: [8, -1, -2, -2, -3, 8, 3, 6, 7, 18, 8, 7, 19, 2, 19, -9, 6, 22, 4, 20, 3, 22, 6, 23, 3]
IM-000000010755800-AP2.png ::::::::: [7, -1, -2, -2, -3, 8, 17, 5]
IM-000000011369019-AP39.png ::::::::: [13, 4, 4, 4, 4]
IM-000000011249355-AP1.png ::::::::: [8, 7, 5, 17, 2, 3]
IM-000000011379276-AP2.png ::::::::: [5, -5, 0, -3, 3, 62, 3, 3, 4, 4, 374]
IM-000000010663073-AP1.png ::::::::: [6, 3, 1, 13, 1, 1]
IM-000000011677806-AP1.png ::::::::: [19, 7, 12, 7, 14, 6, 14, 7]
IM-000000011379530-AP1.png ::::::::: [3, 5, 3]
IM-000000011379972-AP1.png ::::::::: [4, 5]
IM-000000010676276-AP1.png ::::::::: [10, 0, 1, 1]
IM-000000011101899-AP1.png ::::::::: [9, 8, 2, 3, 4, 13, 3, 5]
IM-000000010733603-AP1.png ::::::::: [20, 3, 3, 3, 5, 15, 3, 15, 3, 5, 2, 11, 2, 5, 14, 2, 1, 1]
IM-000000011369019-AP2.png ::::::::: [13, 4, 4, 4, 4]
IM-000000011386671-AP2.png ::::::::: [6, 0, -1, -10, -7, -5, -4, -5, -7, -4, -3, -1, 6, 3, 15, 6, 7, 14, 4, 5, 15, 4, 7, 15, 4, 6, 15, 4, 3, -6, 15, 5, 4, 16, 6, 5, 16, 6, 6]
IM-000000011459575-AP11.png ::::::::: [-3, -4, -5, -4, 5, 3, 13, 2, 12, 3, 6, 4, 15, 2, 14, 4]
IM-000000011387583-AP1.png ::::::::: [-8, 10, 3]
IM-000000011367517-AP1.png ::::::::: [9, 6]
IM-000000011378874-AP1.png ::::::::: [11, 21, -7, 21]
IM-000000011686659-AP12.png ::::::::: [-4, -2, -4, -5, 3, 13, -9, 5, 9, 5, 5, 14, 3, 3, -125, -69, 3, 3, 15, 4, 8, 7, 4, 15, 0, 2, 3]
IM-000000010865935-AP1.png ::::::::: [12, 4, 5, 4, 4]
IM-000000011249352-AP1.png ::::::::: [-10, 12, 7, 8]
IM-000000011186273-AP1.png ::::::::: [15, 7, 13, 0]
IM-000000010948372-AP1.png ::::::::: [-4, -3, -3, -2, 6, -9, 3, 4, 15, 15, 15, 3, 0, 4, 4, 4, 2, 1, 5, 4, 4, 2, 4, 159, 2, 1, 0, 3, 2]
IM-000000011379204-AP1.png ::::::::: [11, 3, 9, 3, 16, 20, 2, 9, -7, 3, 8, -8, 3, 9, 3, 12, 3]
IM-000000011386879-AP1.png ::::::::: [-4, -9, -3, 17, 5, 9, 5, 8, 4, 9, 3, 9, 5, 9, 6, 9, 4, 10, 4, 7, 3, 9, 5, 6, 4, 8, 5]
IM-000000010965551-AP1.png ::::::::: [-7, 3, -8, -7, -2, 0, -1]
IM-000000010652229-AP1.png ::::::::: [-1, -1, 5, -7, 8, 7, 6, -7, 7, -6, 6, 7]
IM-000000011378804-AP17.png ::::::::: [-3, -2, -3, -6, 5, 4, 6, 5, 16, 4, 5, 4, 5, 17, 5, 7, 4, 15, 4, -109, -81, 2, 13, -9, 4, 8, 3, 15]
IM-000000010952149-AP1.png ::::::::: [8, 9, 3, 16, 2, 4, 20, 8, 18, 3, 5]
IM-000000011378619-AP1.png ::::::::: [6, -3, -2, -3, -3, 7, 6, 6, 17, 8, 7, 19, 3, 5, 24, 4, 5, 23, 4, 5, 22, 4, 5, 22, 3, 6, 21, 3, 7, 20, 4, 5, 22, 5]
IM-000000011286384-AP1.png ::::::::: [13, 5, 4, 5, 4]
IM-000000011379456-AP4.png ::::::::: [4, 5, 5, 3]
IM-000000011796877-AP1.png ::::::::: [1, -9, 548]
IM-000000011379263-AP1.png ::::::::: [-3, -4, 17, 4, 8]
IM-000000011378611-AP4.png ::::::::: [-3, -3, -3, -3, 8, 5, 23, 4, 5, 6, 6, 24, 4, 4, 6, 5, 23, 4, -6, 6, 7, 5, 22, 3, 3, 4, 6, 23, 4, 4, 6, 5, 35]
IM-000000010842434-AP1.png ::::::::: [13]
IM-000000011102079-AP1.png ::::::::: [12, 7, 8, 8, 7, 6, 7, 7, 7]
IM-000000011794225-AP1.png ::::::::: [8, -2, -2, -2, -3]
IM-000000011378593-AP1.png ::::::::: [7, -1, -2, -4, -4, 8, 6, 6, 5, 18, 8, 9, 19, 4]
IM-000000011310221-AP1.png ::::::::: [0, 15, 14, 15, 12, 110, 4, 366]
IM-000000011386715-AP1.png ::::::::: [13, -1, -5, 12, -4, -3, 11, -5, -2, 12, -2]
IM-000000011387232-AP1.png ::::::::: [-2, -4, 15, 3, 4, 10, 3, 3]
IM-000000010832526-AP1.png ::::::::: [10, 7, 9, 8, 8, 7, 7]
IM-000000011386881-AP2.png ::::::::: [-3, -10, -4, 17, 4, 7, 4, 8, 4, 8, 4, 9, 4, 9, 3, 9, 5, 10, 5, 8, 5, 6]
IM-000000010679224-AP1.png ::::::::: [4, 2, 1, 2]
IM-000000011379508-AP1.png ::::::::: [13, 5, 6]
IM-000000011387155-AP1.png ::::::::: [11, 3, 9, -7, 4, 10, 1, 9, 3, 8, -8, 4, 11, 3, 12, 3, 12, 3]
IM-000000011386728-AP1.png ::::::::: [11, 3, 11, 3, 15, 21, -7, 23, 3]
IM-000000011386739-AP1.png ::::::::: [16, 7, 11, 13, 8, 10, 12, 12, 11, 10, 12, 12, 11, 11, 13, 12, 12, 9, 11, 9, -7, 9, 10]
IM-000000011064237-AP1.png ::::::::: [-4, -2, -5, 22, 5, 8, -9, 16, -10, 3, 7, -11, -8, 5, 8, 17, 15, 4, 10, 4, 9, 3, 10, 14, -10, 14]
IM-000000011102691-AP1.png ::::::::: [-12, 8, 8, 17, 3, 3, 5, 4, 4, 5, 4, 4, 4, 4]
IM-000000011379685-AP1.png ::::::::: [7]
IM-000000011379440-AP7.png ::::::::: [9, 8, 7, 8, 7, 9, 8]
IM-000000011379440-AP2.png ::::::::: [9, 7, -11, 8, 6, 10, 6, 10, 4, 11, 9]
IM-000000011310474-AP18.png ::::::::: [19, 5, 6, 5, 5, 4, 5, 6, 5, 6, 6, 6, 6, 5, 6, 6, 5, 7, 7]
IM-000000011387317-AP1.png ::::::::: [18, 4, 6, 6, 5]
IM-000000010809068-AP4.png ::::::::: [10, -7, 1, 0, 0, 1]
IM-000000011379309-AP1.png ::::::::: [10, 3, 16, 21, 22, -7, 3, 12]
IM-000000011186432-AP1.png ::::::::: [13, 4, 5, 3]
IM-000000011378578-AP1.png ::::::::: [7, -3, -2, -2, -2]
IM-000000010842922-AP1.png ::::::::: [-4, -4, -3, 7, -9, 4, 3, 4, 4, 15, 16, 14, 2, 0, 4, 5, 4, 1, -11, 205, 2, -1, 0, 2, 1]
IM-000000011143055-AP1.png ::::::::: [6, 5, 4, 8, 6, 8, 11]
IM-000000011598501-AP1.png ::::::::: [-5, -1, 3, 4, 2, 352]
IM-000000011387279-AP1.png ::::::::: [11, -9, -1, 0, 3, 1, 1]
IM-000000011386696-AP2.png ::::::::: [-3, 10, 5, -3, -2, 5, 5, 6, 5, 4, -3, -2, 4, 5, 5, 5]
IM-000000011201057-AP1.png ::::::::: [2, 15, 2, 4, 3, 3, 3, 3, 4, 3, 4, 3, 4]
IM-000000011378635-AP2.png ::::::::: [7, -3, -1, -2, -3]
IM-000000011387399-AP1.png ::::::::: [7, 1, 13, 5, 3]
IM-000000011379481-AP1.png ::::::::: [-12, 4, 28, 4, 4, 2, 7, 15]
IM-000000011386898-AP1.png ::::::::: [-2, -5, 16, 5, 7]
IM-000000011387483-AP1.png ::::::::: [-1, -5, 16, 3, 1, 4, 5, 6, 3, 3, 3, 3, 4, 4, 4, 5, 5, 4, 4, 5]
IM-000000011379799-AP1.png ::::::::: [-6, 0, -3, 3, 19, 9, 59, 6, 34, 9, 59, 1, -3, 3, 197]
IM-000000011127054-AP1.png ::::::::: [-1, 14, 15, 14, 14, 13, 86, 4, 365]
IM-000000011459575-AP5.png ::::::::: [-3, -2, -3, -5, 4, 3, 8, 5, 14, 3, 3, 14, 3, 7, -49, -54, 1, 2, 13, 3, 8, 3, 15, 3, 1, 15]
IM-000000010473802-AP1.png ::::::::: [4, 4, 4, 7]
IM-000000010865976-AP1.png ::::::::: [-10, 12, 3, 1, 3, 2, 3]
IM-000000011387035-AP2.png ::::::::: [1, -11, 3, 18, 4, 19, 3, 17, -11, 4, 19, 4, 3, 30, 5, 32, -10, 3]
IM-000000011379916-AP1.png ::::::::: [13, 5, 4, 5, 5, 357, -10]
IM-000000011387188-AP1.png ::::::::: [7, 9, 8, 7, 8, 24, 25, 20]
IM-000000011379818-AP2.png ::::::::: [-11, -1, 2, 19, 7, 60, 3, 0, 31, 9, 58, 7, 34, 10, 58, 8, 32, 20]
IM-000000010288286-AP1.png ::::::::: [-2, -3, 12]
IM-000000010831843-AP5.png ::::::::: [11, 7, 7, 8, 8, 8, 8, 8, 9, 8, 8, 8, 8, 9, 9, 9, 8, 8, 8, 8, 8, 9, 8, 8]
IM-000000011379353-AP1.png ::::::::: [1, 14, 14]
IM-000000010652236-AP1.png ::::::::: [-1, -2, 4, 6, 7, 7, 5]
IM-000000010831546-AP1.png ::::::::: [-9, 11, 0, 2, 2]
IM-000000010579474-AP2.png ::::::::: [0, 32, 32, 40, 6, 4, 4, 15, 5, 4, 3, 17, 1, 3]
IM-000000011386731-AP1.png ::::::::: [15, 9, 11, 11, 9, 11, 10, 13, 10, 10, 11, 9, -8, 11, 10, 11, 11, 11, 10, 11, 9, 10, 11]
IM-000000011101917-AP1.png ::::::::: [9, 9, 2, 4, 3, 13, 3, 4, 18]
IM-000000011513089-AP1.png ::::::::: [10, 4, 4, 4, 4, 4, 4, 5, 5]
IM-000000010708248-AP1.png ::::::::: [8, 7, 3, 5, 13, 3, 5]
IM-000000009428244-AP1.png ::::::::: [14, 11, 27]
IM-000000011386927-AP1.png ::::::::: [-5, 0, 9, 11, 2, 14, 3, 12, 3, 11, -11, 3, 12, -10, 2, 12, 2, 5, 14, 1, 5, 14, -10, 1, 13, 2, 13, -10, 3, 3, 13, 2]
IM-000000010741418-AP1.png ::::::::: [4, 3, 1, 2, 4, 3, 1, 1, 4, 2, 2, 2, 7, 3, 2, 3]
IM-000000011322047-AP1.png ::::::::: [7, 8, 3, 4, 5, 14, 5, 3, 4, 4]
IM-000000009793863-AP1.png ::::::::: [4, 19, 18, 5, 4, 4, 8, 3, 4]
IM-000000009930263-AP2.png ::::::::: [8, 2, 2, 1, 4, 3, 3, 3, 3, 2, 1, 2, 3, 3, 2, 3, 4, 4]
IM-000000010881232-AP1.png ::::::::: [4, 2, 2, 12, 2, 2]
IM-000000010901645-AP1.png ::::::::: [-4, -4, -3, 8, 2, 3, 4, 4, 15, 16, 14, 2, 0, 4, 3, 3, 2, 0, -7, 196, 2, -1, 0, 2, 1]
IM-000000011186378-AP1.png ::::::::: [14, 5, 4, 3, 4]
IM-000000011378608-AP1.png ::::::::: [7, -1, -1, -3, -4]
IM-000000010731885-AP1.png ::::::::: [5, 2, 2]
IM-000000011387035-AP1.png ::::::::: [3, 5, 3, 16, 4, 18, 3, 4, 15, -10, 3, 16, -10, 4, 19, 5, 3, 31, 5]
IM-000000011379424-AP2.png ::::::::: [2, 23, 4]
IM-000000011387644-AP1.png ::::::::: [-4, -4, 23, 11]
IM-000000010733588-AP1.png ::::::::: [-10, 21, 3, 1, 2, 14, 4, 6, 2, 13, 4, 6, 2]
IM-000000009457732-AP1.png ::::::::: [23, 5, 25, 6, 25, 5, 25, 5, 26, 6]
IM-000000011386760-AP1.png ::::::::: [38, -3, -3, 34, 37]
IM-000000011269479-AP1.png ::::::::: [4, 13, 6, 12, 14, 13, 13, 12, 11, 13, 14, 14, 12, 13, 13, 12, 13, 5, 14]
IM-000000011386720-AP1.png ::::::::: [19, 7, 4]
IM-000000011379278-AP2.png ::::::::: [8, 12, 6, 4, 5, 5, 4, 5, 7, 6, 12, 4, 4, 4, 6, 5, 6, 8, 12, 6, 5, 4, 5, 5, 5, 6, 9, 12, 6, 5, 5, 4, 6, 4, 6, 9, 12, 5, 4, 5, 3, 5, 6]
IM-000000011379715-AP2.png ::::::::: [13, 3, 8, 10, 6]
IM-000000011387123-AP1.png ::::::::: [4, 8, -9, 24, 25]
IM-000000010663061-AP1.png ::::::::: [6, 3, 1, 13, 1, 1]
IM-000000011378649-AP2.png ::::::::: [-2, -3, -1, -3]
IM-000000011379623-AP1.png ::::::::: [15, 8, 6, 7]
IM-000000011379554-AP1.png ::::::::: [8, 6, 9, 17, 5, 8, 16, 7, 6, 6]
IM-000000011387345-AP1.png ::::::::: [0, 0, 21, 3]
IM-000000011386693-AP1.png ::::::::: [-3, 10, 5, -4, -2, 5]
IM-000000011379198-AP1.png ::::::::: [5]
IM-000000011379016-AP1.png ::::::::: [14, 4, 5]
IM-000000011500982-AP1.png ::::::::: [3, 5, 4, 5, 7, 5, 5, 7]
IM-000000010865953-AP1.png ::::::::: [12, 4, 3, 4, 4]
IM-000000011379668-AP1.png ::::::::: [9]
IM-000000010952151-AP2.png ::::::::: [9, 8, 4, 2, 3, 14, -1, 1, 4, 3, 4, 17, 45, 9, 3, 4, 2, 14, 4, 3, 4, 1, 3, 16]
IM-000000010756064-AP1.png ::::::::: [11, 8, 6, 7]
IM-000000011667222-AP1.png ::::::::: [4, 1, 9, 2, 450]
IM-000000011379382-AP3.png ::::::::: [2, 0, -6, 18, 13, -5, 3, 9, 14, -5, 2, 8, 12, -4, 5, 9, 13, -4, 4, 8, -10]
IM-000000011386959-AP1.png ::::::::: [2, 4, 1, 18, 2, 3, 30, 2, 18, 5, 19, 5, 21, 3, 18, 6]
IM-000000011459575-AP4.png ::::::::: [-5, -3, -3, -5, 3, 3, 7, 4, 15, 3, 2, 14, 3, 6, 4, -45, -45, 2, 15, 3, 6, 4, 14, 4, 4]
IM-000000011379381-AP1.png ::::::::: [3, 1, 23, -6, 4, 7, -9]
IM-000000011387374-AP1.png ::::::::: [21, -8, 102, 8]
IM-000000011387413-AP1.png ::::::::: [10, 3, 16, 20, 22, 1, 8, 21, 2, 8, -7, 3, 10, -7, 4, 15, 2, 16, 4]
IM-000000009411510-AP3.png ::::::::: [5, 7, 6, 6, 6, 4, 4]
IM-000000011387362-AP1.png ::::::::: [12]
IM-000000011333685-AP1.png ::::::::: [10, 7, 8, 8, 7, 6, 8, 8, 5]
IM-000000009423673-AP1.png ::::::::: [3, 2, 14, 3]
IM-000000011386960-AP1.png ::::::::: [10, 3, 16, 21, 2, 9, 1, 9, -7, 4, 15, 3, 16, 1]
IM-000000011379109-AP1.png ::::::::: [15, 8, 7, 9, 7, 8, 10]
IM-000000011387606-AP1.png ::::::::: [5, 15, 4, 4, 4, 4]
IM-000000011379814-AP2.png ::::::::: [-6, -1, -4, 4, 17, 33, 10, 60, 6, 33, 9, 60, 7, 172]
IM-000000011435888-AP1.png ::::::::: [1, 548]
IM-000000011379589-AP1.png ::::::::: [12, 17, 3, 1, 1, 3]
IM-000000010652233-AP1.png ::::::::: [-3, -2, 4, 5, -10, 6]
IM-000000010963995-AP1.png ::::::::: [12, 5, 6, 5]
IM-000000009411514-AP2.png ::::::::: [4]
IM-000000011369019-AP27.png ::::::::: [13, 4, 4, 5]
IM-000000011378710-AP1.png ::::::::: [-10, 20, 12, 12]
IM-000000011387240-AP1.png ::::::::: [11, 3, 8, 2, 8, 2, 15, -7, 23, 21, 0, 9, 20, 2, 9, -7, 3, 10]
IM-000000011379561-AP1.png ::::::::: [12, 14, 61, 7, 31, 9, 8]
IM-000000010663071-AP1.png ::::::::: [5, 0]
IM-000000011548113-AP1.png ::::::::: [-2, -4, 25, 24, 23, 23, 23, 23, 22, 22, 24]
IM-000000011378644-AP1.png ::::::::: [-3, -2, -1, -4, 8, 7, 5, 17, 8, 8, 19, 5, 21, -8, 6]
IM-000000010756067-AP1.png ::::::::: [10, 8, 7, 7, 8, 8]
IM-000000011378579-AP2.png ::::::::: [6, -3, -2, -2, -2]
IM-000000011379952-AP1.png ::::::::: [13, 5, 4, 4, 5, 4, 5, 5, 5, 4, 4, 3, 5, 4, 4, 4, 19]
IM-000000011386921-AP1.png ::::::::: [14, 6]
IM-000000011343859-AP1.png ::::::::: [7, 1, -1]
IM-000000011249351-AP1.png ::::::::: [9, 7, 7]
IM-000000011857053-AP1.png ::::::::: [7, 10, 11, 10, -7, 10, 9, 10, 8, 10]
IM-000000011379522-AP1.png ::::::::: [12, 4]
IM-000000009564047-AP1.png ::::::::: [1, 4, 32, 4, 4]
IM-000000011387473-AP1.png ::::::::: [-3, 10, 5, -5, -3, 5, 3, 4, 4, 2, -3, -2, 5, 2, 5, 5]
IM-000000011378804-AP15.png ::::::::: [-3, -2, -3, -6, -7, 4, 3, 7, 2, 16, 3, 4, 4, 4, 16, 2, 6, 1, 15, 6, 5, 5, 1, 15, 2, 6, 3, 13]
IM-000000010733569-AP1.png ::::::::: [21, 3, 5, 4, 13, 3, 16, 4, 15, 3, 5, 2, 3, 16, 5, 5, 5]
IM-000000011387376-AP1.png ::::::::: [3, 4, 5, 5, 2, 6, 5, 6]
IM-000000011186395-AP1.png ::::::::: [13, 5, 5, 4, 4]
IM-000000010756065-AP1.png ::::::::: [10, 9, 8, 8]
IM-000000011387161-AP1.png ::::::::: [9, 3]
IM-000000011143054-AP1.png ::::::::: [6, 2, 3, 10, 7, 6, 6, 11]
IM-000000011200858-AP1.png ::::::::: [10, 14, 13, 13]
IM-000000011379256-AP1.png ::::::::: [4, 3, 3, 3, 5, 3, 4, 3, 4, 2]
IM-000000011386972-AP1.png ::::::::: [10, 3, 14, 22, 21, 2, 9, 20, 3, 10, 3, 10, 2, 9, 2, 11, -7, 4, 15, 3, 16]
IM-000000011379650-AP2.png ::::::::: [1, 5, 7, 4, 4, 4, 6, 4, 3, 4, 5, 4, 4, 4, 5, 5, 4, 3, 5, 6, 4, 5, 5, 6, 5, 4, 4, 5, 5, 5, 6, 6, 5, 5, 4, 6, 4, 4, 5, 6, 6, 4, 4, 4, 4, 5, 4, 5, 4, 6, 5, 4, 6]
IM-000000011379909-AP1.png ::::::::: [13, 4, 4, 4, 5, 5, 4, 3, 316, -11]
IM-000000009457731-AP1.png ::::::::: [24, 4]
IM-000000011379196-AP1.png ::::::::: [3]
IM-000000011143056-AP2.png ::::::::: [5, 4, 4, 10, 6, 5, 5, 2, 4, 11, 19, 6, 8, 6, 7, 4, 7, 10, 19, 5, 7, 8, 7, 7, 13, 18, 7, 6, 8, 7, 7, 12]
IM-000000011379574-AP1.png ::::::::: [9, 11, 5, 8, 9, 10, 6]
IM-000000011188933-AP1.png ::::::::: [9, 10, 11]
IM-000000010759568-AP1.png ::::::::: [23, -12, 7]
IM-000000011802745-AP1.png ::::::::: [10, 6, 8, 7]
IM-000000010652231-AP1.png ::::::::: [-1, -1, 4, 6, 7, 5, -7, 5, 6, 6]
IM-000000011191756-AP1.png ::::::::: [4, 14, 6, 12, 12, 11, 12, 5, 13, 11, 4]
IM-000000010557088-AP1.png ::::::::: [7, 7, 7, 6, 8, 8, 7, 6, 9, 8]
IM-000000011387111-AP1.png ::::::::: [3, -13, -13]
IM-000000010733583-AP1.png ::::::::: [21, 3, 2, 3, 15, 4, 15, 2, 14, 4, 6]
IM-000000011387418-AP1.png ::::::::: [-12, 12, 2, 3, -3, 12, 13, 5, 3, -6, 5, 10, 13, 3, 3, -6, 7, 13, 13, 4, 4, -5, 6, 12]
IM-000000010617010-AP1.png ::::::::: [-5, -6, 17, 4, 4, 4]
IM-000000011186404-AP1.png ::::::::: [13, 4, 4, 3]
IM-000000010579474-AP1.png ::::::::: [-1, 32, 8, 6, 6, 6, 7, 7, 8, 6, 8, 8, 7, 6, 7, 8, 7, 6, 7, 7, 7, 5, 7, 7, 7, 17]
IM-000000011188934-AP1.png ::::::::: [9]
IM-000000011343294-AP2.png ::::::::: [-5, -4, 4, -3, -4, 5, -4, -4, 4, -3, -3, 4, -3, -4, 4, 2, 2, 5, -4, -4]
IM-000000010529633-AP1.png ::::::::: [12, 7, 5, 6, 6, 6, 5, 6, 5, 5, 6, 5, 5, 5]
IM-000000010892936-AP1.png ::::::::: [10, 2, 3, 3, 1, 4, 3, 4, 2, 0, 17, 2, 2, 2, 2, 52, -11, 6, -10, 9, 13, 2, 3, 2, 2, 52, -10, 6, -10, 9, 14, 3, 3, 2, 55, -10, 7, -9, 10, 32]
IM-000000011378661-AP1.png ::::::::: [7, -2, 0, -2, -2]
IM-000000011379461-AP16.png ::::::::: [1, 1, 23, -5, 4, 8]
IM-000000010865955-AP1.png ::::::::: [11, 4, 4, 5, 4]
IM-000000011387673-AP1.png ::::::::: [-8, -3, -3, 12, 279]
IM-000000011378814-AP2.png ::::::::: [-3, -4, 4, -2, -4, 5, 1, -1, 4, -2, -6, 5, -4, -4, 5, -2, -3]
IM-000000011310368-AP1.png ::::::::: [8, 8, 3, 4, 3, 16, 4, 5]
IM-000000011379366-AP1.png ::::::::: [3, 2, 3, 6, 6, 0, -13, -11, 6, 6]
IM-000000011379642-AP1.png ::::::::: [13, 3, 8]
IM-000000011459351-AP1.png ::::::::: [16, 4, 4, 14, -1, 4]
IM-000000011379891-AP1.png ::::::::: [14, 5, 6, 3, 5, 358]
IM-000000011286382-AP1.png ::::::::: [-11, 14, 5, 4, 4]
IM-000000011379818-AP3.png ::::::::: [-5, 0, -5, 4, 22, 60, 9, 33, 8, 59, 8, 34, 10, 61, 8, 34, 9, 26]
IM-000000011379754-AP1.png ::::::::: [3]
IM-000000011378600-AP1.png ::::::::: [8, -2, -3, -2, -3, 8, 4, 6, 16, 8, 8, 19, 4, 24, 6, 22, 6, 22, 4, 23, 3, 22, 3, 22, 5, 22, 5, 21, 5, 33]
IM-000000011379222-AP1.png ::::::::: [7, 5]
IM-000000011379823-AP1.png ::::::::: [10, -4, -5, 7, 11, -5, -4, 8]
IM-000000011379445-AP6.png ::::::::: [3, -12, 6, 24, 3, 6]
IM-000000011379510-AP1.png ::::::::: [6, 19, 4, 5, 5, 4, 5, 5, 6, 6, 6, 6]
IM-000000011550130-AP2.png ::::::::: [-2, -3]
IM-000000011387464-AP2.png ::::::::: [-3, 9, 4, -3, -2, 5, 5, 6, 5, 4, -3, -2, 4, 4, 5, 5, 3, -3, -2, 4, 3, 5, 5, 3, -3, -2, 5, 5, 5, 4]
IM-000000011379500-AP1.png ::::::::: [13, 2]
IM-000000011102001-AP1.png ::::::::: [6, 18, 3, 21, 4, 17, 4]
IM-000000011386948-AP2.png ::::::::: [-6, 1, 12, 3, 17, 3, 17, 3, 15, 4, 15, 4, 16, 4, 17, 3, 17, 3, 17, 4, 18, 3, 17, 3]
IM-000000010881208-AP1.png ::::::::: [4, 0, 2]
IM-000000011386730-AP1.png ::::::::: [16, 10, 10, 11, 10, 10, 11, 12, 13, 10, 10, 10, 11, 11, 11, 12, 12, 8, 11, 7, -8, 10, 9]
IM-000000011379780-AP1.png ::::::::: [5]
IM-000000010529107-AP1.png ::::::::: [-5, -5, 8, 15]
IM-000000010904574-AP1.png ::::::::: [8, 7, 4, 3, 3, 15, 4, 3, 5, 5, 4, 5, 4, 4, 4, 4, 4, 5, 3, 19]
IM-000000010733602-AP1.png ::::::::: [19, -11, 4, 13, -12, 4, 5, 16, 3, 1, -12, 1]
IM-000000010733573-AP1.png ::::::::: [-10, 20, 3, 15, 3, 4, 1, 11, 2, 6, 13, 6, 6, 5]
IM-000000011379973-AP1.png ::::::::: [4, 3, -10, 5, 5, 3, -10, -10, 5]
IM-000000010965479-AP3.png ::::::::: []
IM-000000011378779-AP1.png ::::::::: [8, 3]
IM-000000011379401-AP2.png ::::::::: [3, 0, -7, 23, -4, 3, 5, -10, 13, -6, 5, 9]
IM-000000011386905-AP1.png ::::::::: [-3, -10, -4, 17, 5, 6]
IM-000000011511178-AP1.png ::::::::: [6, 2, 0, 12, 2, 0]
IM-000000010890124-AP1.png ::::::::: [-5, -5, -3, 7, 2, 16, 16, 15, 2, 2, 4, 4, 3, 2, -10, 241, 1, 2, 1, 2, 0]
IM-000000011143060-AP1.png ::::::::: [5, 4, 3, 10, 7, 5, 7, 5, 10]
IM-000000011379333-AP2.png ::::::::: [13, 15, 14, 12]
IM-000000011370742-AP1.png ::::::::: [8, 7, 4, 4, 2, 13, 3, 4]
IM-000000011387105-AP1.png ::::::::: [3, -13]
IM-000000011378803-AP1.png ::::::::: [1, -5, 127]
IM-000000010865989-AP1.png ::::::::: [-8, 7, -9, -3, -1, -2, 0]
IM-000000011386934-AP2.png ::::::::: [1, 8, 2, 12, -12, 1, 11, -13, -11, 3, 13, 2, 13, 3]
IM-000000011386944-AP1.png ::::::::: [2, 28, 3, 5, 36, 17]
IM-000000011378586-AP1.png ::::::::: [8, -2, -2, -3, -3, 8, 4, 6, 17, 8, 8, 19, 4, 6, 6, 6, 22, 5, 5, 6, 5, 23, 5, 6, 6, 5, 23, 5, 6, 6, 7, 23, 3, 5, 6, 5, 23]
IM-000000010638076-AP1.png ::::::::: [11]
IM-000000010655224-AP1.png ::::::::: [8, 9, 2, 5, 4, 13, 1, 5, 19]
IM-000000011378913-AP1.png ::::::::: [13, 3, 216]
IM-000000010819088-AP6.png ::::::::: [6, 5, 5, 6, 17, 5, 1, 5, 4, 4, 14, 6, 3, 5, 17, 6, 5, 2, 4, 4, 4, 14, -10, 7, 4, 6, 17, 4, 6]
IM-000000011378631-AP1.png ::::::::: [8, -2, -1, -2, -3]
IM-000000011379338-AP1.png ::::::::: [5, 21, 8, 7, 6]
IM-000000011387010-AP1.png ::::::::: [4, 4, 5, 2, 1, -11, 4, 3, 6, 33, 5, 63, 6, 6, 7, 6]
IM-000000011379382-AP2.png ::::::::: [3, 0, -7, 24, -4, 3, 9, 14, -5, 4, 10, 15, -4, 4, 9, 14, -4, 5, 8, 11, -4, 4, 6, 13, -4, 4, 9, 13, -4, 5, 8, 12, -4, 5, 7, -10, -8, 14, 2]
IM-000000010071904-AP1.png ::::::::: [5, 17, 10, 5, 6]
IM-000000010814247-AP1.png ::::::::: [9, -11, 8, 14, 12, 8, 12, 14, 8, 13]
IM-000000011379588-AP1.png ::::::::: [-7, 19, 3, 4, 2, 0]
IM-000000011379361-AP1.png ::::::::: [9, 3, 5, 5, 4, 4, 4, 2, 3, 3, 5, 4, 4, 3, 5, 4, 6]
IM-000000011379412-AP1.png ::::::::: [14, -7, 6, 6, 11, 8, 9, 14, 7, 9]
IM-000000011249368-AP1.png ::::::::: [-8, 24, 7, 6, 7, 7, 6, 8, 7]
IM-000000011387565-AP1.png ::::::::: [5, 7, 14, -3]
IM-000000009466516-AP1.png ::::::::: [5, 2, 13, 5]
IM-000000011378898-AP1.png ::::::::: [0, 0, 10, 2]
IM-000000010662990-AP1.png ::::::::: [5, 6, -5, 5, 8]
IM-000000011378615-AP2.png ::::::::: [8, -1, -1, -2, -3, 7, 23, 4, 4, 34]
IM-000000011387521-AP2.png ::::::::: [18, -3, -3]
IM-000000011378648-AP2.png ::::::::: [6, -4, -3, -2, -2]
IM-000000011343858-AP1.png ::::::::: [6, 1, 0, 8, 1, 2]
IM-000000011379801-AP1.png ::::::::: [-7, 0, -3, 2, 21, 8, 58, 7, 120, 5, 5, 4, 4, 180]
IM-000000011379101-AP2.png ::::::::: [5, 12, 21, 5, 5, 7, 5, 23, 4, 5, 8, 23, 22, 7, 5, 7, 22, 6, 5, 6, 144]
IM-000000011253951-AP2.png ::::::::: [16, 2, 4, -3, -4, 1, 3, 29, 3, 5, -3, -2, 2, 3]
IM-000000011386923-AP1.png ::::::::: [14, 5]
IM-000000011387230-AP2.png ::::::::: [2, 64]
IM-000000010854737-AP1.png ::::::::: [7, 7, 4, 3, 2, 15, 4, 3, 5]
IM-000000010731884-AP1.png ::::::::: [6, 3, 1, 1, 0]
IM-000000011386879-AP3.png ::::::::: [-1, -4, 16, 4, 7, 4, 8]
IM-000000011387630-AP1.png ::::::::: [15, 2, 4, 9, 3, 0, 9, 1, 5, 8, 3, 2, 10, 2, 4]
IM-000000011387385-AP1.png ::::::::: [12, 3, 4, 2, 12, 12]
IM-000000011387485-AP1.png ::::::::: [-1, -4, 16, 4, 2, 4, 4, 5, 2, 2, 4, 4, 5, 4, 6, 5, 4, 4, 8]
IM-000000011254336-AP1.png ::::::::: [-3, -5, 18, 4]
IM-000000011127055-AP1.png ::::::::: [-3, 14, 174, 5]
IM-000000010859297-AP1.png ::::::::: [11, 7, 7, 6, 6, 7]
IM-000000009677502-AP1.png ::::::::: [-7, 0, 10, 10, 2, 3, 66, 7]
IM-000000011379058-AP1.png ::::::::: [13, 4, 6]
IM-000000011379262-AP2.png ::::::::: [-3, -8, -2, 31, 8, 8, 8, 9, 6, 8]
IM-000000011379334-AP1.png ::::::::: [10, -6, 6, -6, 20, -6, 6, -7, 5, 18, 5, 3, 259, 17, 4, 3]
IM-000000010854739-AP1.png ::::::::: [-11, 7, 8, 3, 2, 3, 14, 3, 3, 5]
IM-000000011379430-AP2.png ::::::::: [12, 6]
IM-000000011186418-AP1.png ::::::::: [-10, 14, 4, 4, 4, 4]
IM-000000011379369-AP1.png ::::::::: [6, 9, 6, 3, 6, 4, 6, 4]
IM-000000011284773-AP1.png ::::::::: [6, 19, 2, 4, 6, 9, 4, 5]
IM-000000010733581-AP1.png ::::::::: [-9, 19, 3, 1, 3, 15, 3, 3, 4, 15, 4, 2, -12, 1, 4, 14, -12, 4, 2, 5, 13, 4, 1, 1]
IM-000000011379595-AP1.png ::::::::: [19, 3, 3, 1, 1]
IM-000000011678625-AP1.png ::::::::: [12, 3, 4, 34, 23, 5, 7, 6, 55, 7, 8, 8, 9, 22, -11, 21, 6, 6, 7, 20, 6]
IM-000000010840195-AP1.png ::::::::: [7, 11, 10, 11, 11, 11, 10, 11, 10]
IM-000000010733591-AP1.png ::::::::: [21, 2, 2, 3, 3, 13, 4, 3, 4, 13, -11, 4, 3, 2, 13, 3, 2, -12, 1]
IM-000000011376572-AP1.png ::::::::: [10, 8, 8, 8]
IM-000000011009945-AP1.png ::::::::: [4, 5, 3, 5, 4, 3, 5, 4, 5, 4, 5, 5, 4, 5, 4, 6, 5, 6, 4, 6]
IM-000000011386858-AP1.png ::::::::: [11, 3, 16, 21, 19, 2]
IM-000000011387365-AP1.png ::::::::: [12, 5, 3, -2, 13, 17, 11, -7, 11, 14, 2, 2, 6, 4, -4, -2, 4, 11, 11, 20]
IM-000000011378588-AP2.png ::::::::: [7, -1, -2, -3, -3]
IM-000000009606437-AP5.png ::::::::: [5, 5, 7, 4, 4, 5, 37]
IM-000000009421314-AP1.png ::::::::: [5, 3, 5, 6, 6, 6, 6]
IM-000000010485223-AP1.png ::::::::: [6, 18]
IM-000000011186421-AP1.png ::::::::: [13, 5, 5, 5, 5]
IM-000000011378712-AP1.png ::::::::: [-10, 21, 13, 13, 12, 14]
IM-000000011828276-AP1.png ::::::::: [15, 6]
IM-000000011386733-AP1.png ::::::::: [16, 11, 11, 9, 9, 11, 12, 11, 13, 9, 10, 12, 11, 11, 11, 12, 11, 9, 10, 10, 11, 11]
IM-000000010666197-AP1.png ::::::::: [-4, -2, -5, 24, 3, 9]
IM-000000011254325-AP1.png ::::::::: [-1, -2, 19, 5]
IM-000000011379192-AP1.png ::::::::: [3]
IM-000000010652225-AP1.png ::::::::: [-2, -2, 5, 6, 7, 8, 6, 8]
IM-000000011386904-AP1.png ::::::::: [-3, -10, -4, 17, 4, 9, 4, 10, 3, 9, 5, 9, 4, 8, 5, 9, 4, 10, 5, 9, 5, 6]
IM-000000011333681-AP1.png ::::::::: [12, 7, 8, 8, 8, 8]
IM-000000010652238-AP1.png ::::::::: [-1, -2, 5, 7, 6, 5, -7, 8, 6, -7, 6, -10, 5, -9]
IM-000000011254323-AP1.png ::::::::: [-3, -9, -3, 19, 5]
IM-000000011101955-AP1.png ::::::::: [-4, -5, -4, -5, 8, 3, 4, 2, 5, 4, 16, 16, 14, 2, 3, 4, 5, 3, 1, -10, 193, 1, 2, 1, 3, -1]
IM-000000011686659-AP11.png ::::::::: [-3, -2, -4, -5, 5, 2, 14, 4, 7, 7, 5, 14, 2, 3, 2, 15, 5, 7, 7, 6, 15, 3, 3, 3, 4, 1, 1]
IM-000000011379333-AP1.png ::::::::: [10, 15, 14, 13, 12, 16, 14, 13, 11, -9, 14, 11]
IM-000000011379443-AP6.png ::::::::: [4, 6, 26, 3, 6, 6, -11, 5, 7, 9, 3, 5, 8, 3, 6]
IM-000000011101911-AP1.png ::::::::: [11, 7, 9, 6, -9, 9, 8]
IM-000000011523182-AP1.png ::::::::: [-3, -2, -4, -6, 4, 4, 6, 5, 27, 3, 3, 4, 4]
IM-000000011741699-AP1.png ::::::::: [5, 4, 2, 2]
IM-000000011378984-AP1.png ::::::::: [10, 3, 16, 20, 21, -8, 23, 2, 9, -7, 3, 8, 3, 9, 1, 9, -7, 3, 10, 2, 9, -8, 3, 11, -7, 5, 12]
IM-000000011379440-AP5.png ::::::::: [10, 8, 7, 7, 5, 8, 9]
IM-000000011379373-AP1.png ::::::::: [-9, 2, -1, -8, 25, -5, 4, 10, 13, -4, 5, 10, 13, -6, 4, 9, 12, -5, 3, 9, 15, -4, 4, 8, 14, 5, 8]
IM-000000011285439-AP1.png ::::::::: [10, 0]
IM-000000011143059-AP1.png ::::::::: [6, 4, 5, 10, 6, 7, 12]
IM-000000011583836-AP1.png ::::::::: [5, 1, 11, 2, 1, 10, 0, 10, 0, 10, 2, 10, -1, -11]
IM-000000011685260-AP1.png ::::::::: [6, 6, 16, 4, -11, 3]
IM-000000011386904-AP2.png ::::::::: [-3]
IM-000000010731886-AP1.png ::::::::: [5, 1, 1, 1, 9, 0, 1, 2, 1, 11, 0, 0, 1, 1]
IM-000000009479483-AP2.png ::::::::: [2, 1, 6, 5]
IM-000000011143058-AP1.png ::::::::: [6, 4, 4, 9, 5, 4, 6, 7, 6, 10]
IM-000000010301545-AP2.png ::::::::: [2, 5, 4, 24, 5, 14, 5, 4, 16, 4]
IM-000000010534569-AP1.png ::::::::: [-7, -4, -7, 8, 7]
IM-000000010881253-AP1.png ::::::::: [-1, 0, 9, 1]
IM-000000011379343-AP1.png ::::::::: [9, -6, 388, 15, 6, 4]
IM-000000011249371-AP1.png ::::::::: [-9, 21, 8, 6, 9]
IM-000000011186251-AP1.png ::::::::: [8, 8, 4, 5, 3, 16, 4, 4, 18, 8, 4, 4, 3, 14, 0, 2]
IM-000000010638217-AP1.png ::::::::: [8, 10]
IM-000000010865965-AP1.png ::::::::: [12, 3, 3, 4, 4]
IM-000000011380030-AP1.png ::::::::: [3, -1, 16, 3, 4, 2]
IM-000000011249374-AP1.png ::::::::: [4]
IM-000000011386943-AP1.png ::::::::: [2, 27, 3, 36]
IM-000000011387354-AP1.png ::::::::: [12]
IM-000000011378884-AP1.png ::::::::: [3, -2, 19, 2, 5, 2]
IM-000000011378956-AP1.png ::::::::: [3, 6, 5, 5, 6, 3, 4, 4, 4, 5, 5, 4, 1, 5, 5, 5, 5, 5, 5, 5, 5, 5]
IM-000000011322085-AP1.png ::::::::: [7, 1, 3, 8, 1, 1, 7, 1, 3]
IM-000000010865961-AP1.png ::::::::: [13, 4, 3, 3]
IM-000000010712583-AP1.png ::::::::: [13, -5]
IM-000000011379837-AP1.png ::::::::: [4, 3, 3, 1, 14, 3]
IM-000000011344106-AP1.png ::::::::: [-10, 11, 7, 8, 8, 6, 7, 7, 7, 7, 7, 7, 7, 7, 8, 7, 6, 6, 7, 6, 6, 7]
IM-000000010768804-AP1.png ::::::::: [17, 8, 6]
IM-000000010865958-AP1.png ::::::::: [12, -8, 3, 3, 3, 4]
IM-000000011379805-AP3.png ::::::::: [5, -9, 0, 3, 62, 4, 5, 3, 4, 374]
IM-000000010881247-AP1.png ::::::::: [3, 11]
IM-000000011378606-AP3.png ::::::::: [7, -2, -3, -3, -3]
IM-000000011367584-AP1.png ::::::::: [8, 10, -8, 11, 10, 10, 11, 11, 10, 11]
IM-000000011387369-AP1.png ::::::::: [5, 16]
IM-000000009411514-AP1.png ::::::::: [5, 3, 6, 5, 7, 7, 6]
IM-000000011379836-AP1.png ::::::::: [4, 4, 1, 11, 3, 3, 3, 13, 3, 13, 4, 14, 3, 13, 4, 15, 4]
IM-000000010676246-AP1.png ::::::::: [11, -8, 1, 2, 1, 0]
IM-000000011386966-AP1.png ::::::::: [11, 3, 15, -8, 23, 21, 1]
IM-000000011379453-AP2.png ::::::::: [-14, 2, 27, 9, 11]
IM-000000010965479-AP2.png ::::::::: [8, 7, 4, 3, 4, 4, 14, 0, 3, 2, 5, 4, 4, 4, 18, 48, 8, 3, 1, 4, 5, 13, 1, 1, 3, 6, 5, 4, 5, 19]
IM-000000010772103-AP1.png ::::::::: [8, 9, 4, 3, 14, 4, 5]
IM-000000011190599-AP1.png ::::::::: [-3, -6, 11, 7, 7, -8, 6, 9, 8, -3, -4]
IM-000000011379419-AP2.png ::::::::: [-5, 0, -4, 2, 62, 5, 4, 4, 4, -11, 372]
IM-000000011387282-AP1.png ::::::::: [10, 4, 15, 21, 2, 10, 4]
IM-000000011379443-AP9.png ::::::::: [5, 6, 24, 3, 7, 5, 7, 5, 7, 9, 4, 7, 8, 3, 7]
IM-000000009480622-AP1.png ::::::::: [10, 3, 17, 4]
IM-000000011387445-AP1.png ::::::::: [-4, 9, 4, -3, 17, -3, -2, 6, 5]
IM-000000009433102-AP1.png ::::::::: [7, 7, 4, 6]
IM-000000011379657-AP1.png ::::::::: [16, 5, 2, 6, 5, 5, 4, 4, -10, 5, 4, 20]
IM-000000011378804-AP20.png ::::::::: [-3, -2, -3, -5, 16, 5, 6, 4, 3, 18, 3, 6, 4, 16, 5, 4, 4, 4, 16, 4, 7, 3, 15, 5, 5, 3, 3]
IM-000000011379470-AP1.png ::::::::: [-4, -6, -3, 9, -12, 7, 7, 7, 7, 8, 8, 6, 7, 8, -10, -28, -9]
IM-000000011378667-AP1.png ::::::::: [3, 0]
IM-000000011254332-AP1.png ::::::::: [-1, -3, 19, 4]
IM-000000010865975-AP1.png ::::::::: [12, -9, 2, 2, 2]
IM-000000009418599-AP1.png ::::::::: [6, 3, 4, 6, 4, 7, 6]
IM-000000010712587-AP1.png ::::::::: [14, -5]
IM-000000011386871-AP1.png ::::::::: [-2, -5, 17, 5, 7]
IM-000000011098840-AP2.png ::::::::: [2, 14, 3, 2, 5, 4, 4, 3, 4, 4, 4, 4, 3, 4, 4, 3, 3, 3, 4, 3, 3, 3]
IM-000000010929702-AP1.png ::::::::: [-4, -3, -3, -5, 8, 3, 4, 2, 4, 2, 3, -1, 3, 15, 17, 13, 2, 2, 4, 4, 4, 171, 1, 1, 0, 1, 1]
IM-000000011369972-AP1.png ::::::::: [16, 5]
IM-000000010843146-AP1.png ::::::::: [8, 8, 3, 3, 3, 14, 3, 2, 3, 3, 4, 5, 4, 19]
IM-000000011186271-AP1.png ::::::::: [15, 6, 7, 5, 14, 2]
IM-000000011386922-AP1.png ::::::::: [14, 4]
IM-000000011387163-AP1.png ::::::::: [10, 3, 14, 22, 20, -7, 3, 11]
IM-000000011387384-AP2.png ::::::::: [21]
IM-000000010585549-AP1.png ::::::::: [9, 8, 7, 7, 7, 7, 8, 8, 7, 6]
IM-000000011379120-AP1.png ::::::::: [0, 0, 10, 2]
IM-000000010772396-AP1.png ::::::::: [-6, -6, 10, 7, 8, -8, 6, 6]
IM-000000010662988-AP1.png ::::::::: [5, 6, 4, 8]
IM-000000011378804-AP22.png ::::::::: [-3, -2, -3, 5, 3, 5, 4, 5, 16, 3, 7, 4, 15, -63, -62, 4, 5, 17, 3, 6, 4, 15, 6, 5, 3, 5]
IM-000000011386948-AP1.png ::::::::: [3, 26, 3, 16, 4, 16, 3, 17, 4, 16, -3, 4, 16, 5, 17, 4, 4, 16, 3, 17, 4, 4, 15, 4]
IM-000000011379149-AP1.png ::::::::: [10, 4, 2, 0, 13, 3, 4]
IM-000000011186251-AP2.png ::::::::: []
IM-000000011143056-AP1.png ::::::::: [5, 5, 5, 9, 4, -12, 6, 6, 7, 10, 20, 7, 6, 8, 8, 13]
IM-000000009436489-AP1.png ::::::::: [14, 9, 26, 55, 26]
IM-000000010772567-AP1.png ::::::::: [5, 7, 4, 5, 2, 2, 12, 4, 4, 18]
IM-000000011378639-AP1.png ::::::::: [8, -1, -2, -2, -3, 8, 3, 6, 7, 18, 8, 7, 19, 2, 19, -9, 6, 22, 4, 20, 3, 22, 6, 23, 3]
IM-000000010755800-AP2.png ::::::::: [7, -1, -2, -2, -3, 8, 17, 5]
IM-000000011369019-AP39.png ::::::::: [13, 4, 4, 4, 4]
IM-000000011249355-AP1.png ::::::::: [8, 7, 5, 17, 2, 3]
IM-000000011379276-AP2.png ::::::::: [5, -5, 0, -3, 3, 62, 3, 3, 4, 4, 374]
IM-000000010663073-AP1.png ::::::::: [6, 3, 1, 13, 1, 1]
IM-000000011677806-AP1.png ::::::::: [19, 7, 12, 7, 14, 6, 14, 7]
IM-000000011379530-AP1.png ::::::::: [3, 5, 3]
IM-000000011379972-AP1.png ::::::::: [4, 5]
IM-000000010676276-AP1.png ::::::::: [10, 0, 1, 1]
IM-000000011101899-AP1.png ::::::::: [9, 8, 2, 3, 4, 13, 3, 5]
IM-000000010733603-AP1.png ::::::::: [20, 3, 3, 3, 5, 15, 3, 15, 3, 5, 2, 11, 2, 5, 14, 2, 1, 1]
IM-000000011369019-AP2.png ::::::::: [13, 4, 4, 4, 4]
IM-000000011386671-AP2.png ::::::::: [6, 0, -1, -10, -7, -5, -4, -5, -7, -4, -3, -1, 6, 3, 15, 6, 7, 14, 4, 5, 15, 4, 7, 15, 4, 6, 15, 4, 3, -6, 15, 5, 4, 16, 6, 5, 16, 6, 6]
IM-000000011459575-AP11.png ::::::::: [-3, -4, -5, -4, 5, 3, 13, 2, 12, 3, 6, 4, 15, 2, 14, 4]
IM-000000011387583-AP1.png ::::::::: [-8, 10, 3]
IM-000000011367517-AP1.png ::::::::: [9, 6]
IM-000000011378874-AP1.png ::::::::: [11, 21, -7, 21]
IM-000000011686659-AP12.png ::::::::: [-4, -2, -4, -5, 3, 13, -9, 5, 9, 5, 5, 14, 3, 3, -125, -69, 3, 3, 15, 4, 8, 7, 4, 15, 0, 2, 3]
IM-000000010865935-AP1.png ::::::::: [12, 4, 5, 4, 4]
IM-000000011249352-AP1.png ::::::::: [-10, 12, 7, 8]
IM-000000011186273-AP1.png ::::::::: [15, 7, 13, 0]
IM-000000010948372-AP1.png ::::::::: [-4, -3, -3, -2, 6, -9, 3, 4, 15, 15, 15, 3, 0, 4, 4, 4, 2, 1, 5, 4, 4, 2, 4, 159, 2, 1, 0, 3, 2]
IM-000000011379204-AP1.png ::::::::: [11, 3, 9, 3, 16, 20, 2, 9, -7, 3, 8, -8, 3, 9, 3, 12, 3]
IM-000000011386879-AP1.png ::::::::: [-4, -9, -3, 17, 5, 9, 5, 8, 4, 9, 3, 9, 5, 9, 6, 9, 4, 10, 4, 7, 3, 9, 5, 6, 4, 8, 5]
IM-000000010965551-AP1.png ::::::::: [-7, 3, -8, -7, -2, 0, -1]
IM-000000010652229-AP1.png ::::::::: [-1, -1, 5, -7, 8, 7, 6, -7, 7, -6, 6, 7]
IM-000000011378804-AP17.png ::::::::: [-3, -2, -3, -6, 5, 4, 6, 5, 16, 4, 5, 4, 5, 17, 5, 7, 4, 15, 4, -109, -81, 2, 13, -9, 4, 8, 3, 15]
IM-000000010952149-AP1.png ::::::::: [8, 9, 3, 16, 2, 4, 20, 8, 18, 3, 5]
IM-000000011378619-AP1.png ::::::::: [6, -3, -2, -3, -3, 7, 6, 6, 17, 8, 7, 19, 3, 5, 24, 4, 5, 23, 4, 5, 22, 4, 5, 22, 3, 6, 21, 3, 7, 20, 4, 5, 22, 5]
IM-000000011286384-AP1.png ::::::::: [13, 5, 4, 5, 4]
IM-000000011379456-AP4.png ::::::::: [4, 5, 5, 3]
IM-000000011796877-AP1.png ::::::::: [1, -9, 548]
IM-000000011379263-AP1.png ::::::::: [-3, -4, 17, 4, 8]
IM-000000011378611-AP4.png ::::::::: [-3, -3, -3, -3, 8, 5, 23, 4, 5, 6, 6, 24, 4, 4, 6, 5, 23, 4, -6, 6, 7, 5, 22, 3, 3, 4, 6, 23, 4, 4, 6, 5, 35]
IM-000000010842434-AP1.png ::::::::: [13]
IM-000000011102079-AP1.png ::::::::: [12, 7, 8, 8, 7, 6, 7, 7, 7]
IM-000000011794225-AP1.png ::::::::: [8, -2, -2, -2, -3]
IM-000000011378593-AP1.png ::::::::: [7, -1, -2, -4, -4, 8, 6, 6, 5, 18, 8, 9, 19, 4]
IM-000000011310221-AP1.png ::::::::: [0, 15, 14, 15, 12, 110, 4, 366]
IM-000000011386715-AP1.png ::::::::: [13, -1, -5, 12, -4, -3, 11, -5, -2, 12, -2]
IM-000000011387232-AP1.png ::::::::: [-2, -4, 15, 3, 4, 10, 3, 3]
IM-000000010832526-AP1.png ::::::::: [10, 7, 9, 8, 8, 7, 7]
IM-000000011386881-AP2.png ::::::::: [-3, -10, -4, 17, 4, 7, 4, 8, 4, 8, 4, 9, 4, 9, 3, 9, 5, 10, 5, 8, 5, 6]
IM-000000010679224-AP1.png ::::::::: [4, 2, 1, 2]
IM-000000011379508-AP1.png ::::::::: [13, 5, 6]
IM-000000011387155-AP1.png ::::::::: [11, 3, 9, -7, 4, 10, 1, 9, 3, 8, -8, 4, 11, 3, 12, 3, 12, 3]
IM-000000011386728-AP1.png ::::::::: [11, 3, 11, 3, 15, 21, -7, 23, 3]
IM-000000011386739-AP1.png ::::::::: [16, 7, 11, 13, 8, 10, 12, 12, 11, 10, 12, 12, 11, 11, 13, 12, 12, 9, 11, 9, -7, 9, 10]
IM-000000011064237-AP1.png ::::::::: [-4, -2, -5, 22, 5, 8, -9, 16, -10, 3, 7, -11, -8, 5, 8, 17, 15, 4, 10, 4, 9, 3, 10, 14, -10, 14]
IM-000000011102691-AP1.png ::::::::: [-12, 8, 8, 17, 3, 3, 5, 4, 4, 5, 4, 4, 4, 4]
IM-000000011379685-AP1.png ::::::::: [7]
IM-000000011379440-AP7.png ::::::::: [9, 8, 7, 8, 7, 9, 8]
IM-000000011379440-AP2.png ::::::::: [9, 7, -11, 8, 6, 10, 6, 10, 4, 11, 9]
IM-000000011310474-AP18.png ::::::::: [19, 5, 6, 5, 5, 4, 5, 6, 5, 6, 6, 6, 6, 5, 6, 6, 5, 7, 7]
IM-000000011387317-AP1.png ::::::::: [18, 4, 6, 6, 5]
IM-000000010809068-AP4.png ::::::::: [10, -7, 1, 0, 0, 1]
IM-000000011379309-AP1.png ::::::::: [10, 3, 16, 21, 22, -7, 3, 12]
IM-000000011186432-AP1.png ::::::::: [13, 4, 5, 3]
IM-000000011378578-AP1.png ::::::::: [7, -3, -2, -2, -2]
IM-000000010842922-AP1.png ::::::::: [-4, -4, -3, 7, -9, 4, 3, 4, 4, 15, 16, 14, 2, 0, 4, 5, 4, 1, -11, 205, 2, -1, 0, 2, 1]
IM-000000011143055-AP1.png ::::::::: [6, 5, 4, 8, 6, 8, 11]
IM-000000011598501-AP1.png ::::::::: [-5, -1, 3, 4, 2, 352]
IM-000000011387279-AP1.png ::::::::: [11, -9, -1, 0, 3, 1, 1]
IM-000000011386696-AP2.png ::::::::: [-3, 10, 5, -3, -2, 5, 5, 6, 5, 4, -3, -2, 4, 5, 5, 5]
IM-000000011201057-AP1.png ::::::::: [2, 15, 2, 4, 3, 3, 3, 3, 4, 3, 4, 3, 4]
IM-000000011378635-AP2.png ::::::::: [7, -3, -1, -2, -3]
IM-000000011387399-AP1.png ::::::::: [7, 1, 13, 5, 3]
IM-000000011379481-AP1.png ::::::::: [-12, 4, 28, 4, 4, 2, 7, 15]
IM-000000011386898-AP1.png ::::::::: [-2, -5, 16, 5, 7]
IM-000000011387483-AP1.png ::::::::: [-1, -5, 16, 3, 1, 4, 5, 6, 3, 3, 3, 3, 4, 4, 4, 5, 5, 4, 4, 5]
IM-000000011379799-AP1.png ::::::::: [-6, 0, -3, 3, 19, 9, 59, 6, 34, 9, 59, 1, -3, 3, 197]
IM-000000011127054-AP1.png ::::::::: [-1, 14, 15, 14, 14, 13, 86, 4, 365]
IM-000000011459575-AP5.png ::::::::: [-3, -2, -3, -5, 4, 3, 8, 5, 14, 3, 3, 14, 3, 7, -49, -54, 1, 2, 13, 3, 8, 3, 15, 3, 1, 15]
IM-000000010473802-AP1.png ::::::::: [4, 4, 4, 7]
IM-000000010865976-AP1.png ::::::::: [-10, 12, 3, 1, 3, 2, 3]
IM-000000011387035-AP2.png ::::::::: [1, -11, 3, 18, 4, 19, 3, 17, -11, 4, 19, 4, 3, 30, 5, 32, -10, 3]
IM-000000011379916-AP1.png ::::::::: [13, 5, 4, 5, 5, 357, -10]
IM-000000011387188-AP1.png ::::::::: [7, 9, 8, 7, 8, 24, 25, 20]
IM-000000011379818-AP2.png ::::::::: [-11, -1, 2, 19, 7, 60, 3, 0, 31, 9, 58, 7, 34, 10, 58, 8, 32, 20]
IM-000000010288286-AP1.png ::::::::: [-2, -3, 12]
IM-000000010831843-AP5.png ::::::::: [11, 7, 7, 8, 8, 8, 8, 8, 9, 8, 8, 8, 8, 9, 9, 9, 8, 8, 8, 8, 8, 9, 8, 8]
IM-000000011379353-AP1.png ::::::::: [1, 14, 14]
IM-000000010652236-AP1.png ::::::::: [-1, -2, 4, 6, 7, 7, 5]
IM-000000010831546-AP1.png ::::::::: [-9, 11, 0, 2, 2]
IM-000000010579474-AP2.png ::::::::: [0, 32, 32, 40, 6, 4, 4, 15, 5, 4, 3, 17, 1, 3]
IM-000000011386731-AP1.png ::::::::: [15, 9, 11, 11, 9, 11, 10, 13, 10, 10, 11, 9, -8, 11, 10, 11, 11, 11, 10, 11, 9, 10, 11]
IM-000000011101917-AP1.png ::::::::: [9, 9, 2, 4, 3, 13, 3, 4, 18]
IM-000000011513089-AP1.png ::::::::: [10, 4, 4, 4, 4, 4, 4, 5, 5]
IM-000000010708248-AP1.png ::::::::: [8, 7, 3, 5, 13, 3, 5]
IM-000000009428244-AP1.png ::::::::: [14, 11, 27]
IM-000000011386927-AP1.png ::::::::: [-5, 0, 9, 11, 2, 14, 3, 12, 3, 11, -11, 3, 12, -10, 2, 12, 2, 5, 14, 1, 5, 14, -10, 1, 13, 2, 13, -10, 3, 3, 13, 2]
IM-000000010741418-AP1.png ::::::::: [4, 3, 1, 2, 4, 3, 1, 1, 4, 2, 2, 2, 7, 3, 2, 3]
IM-000000011322047-AP1.png ::::::::: [7, 8, 3, 4, 5, 14, 5, 3, 4, 4]
IM-000000009793863-AP1.png ::::::::: [4, 19, 18, 5, 4, 4, 8, 3, 4]
IM-000000009930263-AP2.png ::::::::: [8, 2, 2, 1, 4, 3, 3, 3, 3, 2, 1, 2, 3, 3, 2, 3, 4, 4]
IM-000000010881232-AP1.png ::::::::: [4, 2, 2, 12, 2, 2]
IM-000000010901645-AP1.png ::::::::: [-4, -4, -3, 8, 2, 3, 4, 4, 15, 16, 14, 2, 0, 4, 3, 3, 2, 0, -7, 196, 2, -1, 0, 2, 1]
IM-000000011186378-AP1.png ::::::::: [14, 5, 4, 3, 4]
IM-000000011378608-AP1.png ::::::::: [7, -1, -1, -3, -4]
IM-000000010731885-AP1.png ::::::::: [5, 2, 2]
IM-000000011387035-AP1.png ::::::::: [3, 5, 3, 16, 4, 18, 3, 4, 15, -10, 3, 16, -10, 4, 19, 5, 3, 31, 5]
IM-000000011379424-AP2.png ::::::::: [2, 23, 4]
IM-000000011387644-AP1.png ::::::::: [-4, -4, 23, 11]
IM-000000010733588-AP1.png ::::::::: [-10, 21, 3, 1, 2, 14, 4, 6, 2, 13, 4, 6, 2]
IM-000000009457732-AP1.png ::::::::: [23, 5, 25, 6, 25, 5, 25, 5, 26, 6]
IM-000000011386760-AP1.png ::::::::: [38, -3, -3, 34, 37]
IM-000000011269479-AP1.png ::::::::: [4, 13, 6, 12, 14, 13, 13, 12, 11, 13, 14, 14, 12, 13, 13, 12, 13, 5, 14]
IM-000000011386720-AP1.png ::::::::: [19, 7, 4]
IM-000000011379278-AP2.png ::::::::: [8, 12, 6, 4, 5, 5, 4, 5, 7, 6, 12, 4, 4, 4, 6, 5, 6, 8, 12, 6, 5, 4, 5, 5, 5, 6, 9, 12, 6, 5, 5, 4, 6, 4, 6, 9, 12, 5, 4, 5, 3, 5, 6]
IM-000000011379715-AP2.png ::::::::: [13, 3, 8, 10, 6]
IM-000000011387123-AP1.png ::::::::: [4, 8, -9, 24, 25]
IM-000000010663061-AP1.png ::::::::: [6, 3, 1, 13, 1, 1]
IM-000000011378649-AP2.png ::::::::: [-2, -3, -1, -3]
IM-000000011379623-AP1.png ::::::::: [15, 8, 6, 7]
IM-000000011379554-AP1.png ::::::::: [8, 6, 9, 17, 5, 8, 16, 7, 6, 6]
IM-000000011387345-AP1.png ::::::::: [0, 0, 21, 3]
IM-000000011386693-AP1.png ::::::::: [-3, 10, 5, -4, -2, 5]
IM-000000011379198-AP1.png ::::::::: [5]
IM-000000011379016-AP1.png ::::::::: [14, 4, 5]
IM-000000011500982-AP1.png ::::::::: [3, 5, 4, 5, 7, 5, 5, 7]
IM-000000010865953-AP1.png ::::::::: [12, 4, 3, 4, 4]
IM-000000011379668-AP1.png ::::::::: [9]
IM-000000010952151-AP2.png ::::::::: [9, 8, 4, 2, 3, 14, -1, 1, 4, 3, 4, 17, 45, 9, 3, 4, 2, 14, 4, 3, 4, 1, 3, 16]
IM-000000010756064-AP1.png ::::::::: [11, 8, 6, 7]
IM-000000011667222-AP1.png ::::::::: [4, 1, 9, 2, 450]
IM-000000011379382-AP3.png ::::::::: [2, 0, -6, 18, 13, -5, 3, 9, 14, -5, 2, 8, 12, -4, 5, 9, 13, -4, 4, 8, -10]
IM-000000011386959-AP1.png ::::::::: [2, 4, 1, 18, 2, 3, 30, 2, 18, 5, 19, 5, 21, 3, 18, 6]
IM-000000011459575-AP4.png ::::::::: [-5, -3, -3, -5, 3, 3, 7, 4, 15, 3, 2, 14, 3, 6, 4, -45, -45, 2, 15, 3, 6, 4, 14, 4, 4]
IM-000000011379381-AP1.png ::::::::: [3, 1, 23, -6, 4, 7, -9]
IM-000000011387374-AP1.png ::::::::: [21, -8, 102, 8]
IM-000000011387413-AP1.png ::::::::: [10, 3, 16, 20, 22, 1, 8, 21, 2, 8, -7, 3, 10, -7, 4, 15, 2, 16, 4]
IM-000000009411510-AP3.png ::::::::: [5, 7, 6, 6, 6, 4, 4]
IM-000000011387362-AP1.png ::::::::: [12]
IM-000000011333685-AP1.png ::::::::: [10, 7, 8, 8, 7, 6, 8, 8, 5]
IM-000000009423673-AP1.png ::::::::: [3, 2, 14, 3]
IM-000000011386960-AP1.png ::::::::: [10, 3, 16, 21, 2, 9, 1, 9, -7, 4, 15, 3, 16, 1]
IM-000000011379109-AP1.png ::::::::: [15, 8, 7, 9, 7, 8, 10]
IM-000000011387606-AP1.png ::::::::: [5, 15, 4, 4, 4, 4]
IM-000000011379814-AP2.png ::::::::: [-6, -1, -4, 4, 17, 33, 10, 60, 6, 33, 9, 60, 7, 172]
IM-000000011435888-AP1.png ::::::::: [1, 548]
IM-000000011379589-AP1.png ::::::::: [12, 17, 3, 1, 1, 3]
IM-000000010652233-AP1.png ::::::::: [-3, -2, 4, 5, -10, 6]
IM-000000010963995-AP1.png ::::::::: [12, 5, 6, 5]
IM-000000009411514-AP2.png ::::::::: [4]
IM-000000011369019-AP27.png ::::::::: [13, 4, 4, 5]
IM-000000011378710-AP1.png ::::::::: [-10, 20, 12, 12]
IM-000000011387240-AP1.png ::::::::: [11, 3, 8, 2, 8, 2, 15, -7, 23, 21, 0, 9, 20, 2, 9, -7, 3, 10]
IM-000000011379561-AP1.png ::::::::: [12, 14, 61, 7, 31, 9, 8]
IM-000000010663071-AP1.png ::::::::: [5, 0]
IM-000000011548113-AP1.png ::::::::: [-2, -4, 25, 24, 23, 23, 23, 23, 22, 22, 24]
IM-000000011378644-AP1.png ::::::::: [-3, -2, -1, -4, 8, 7, 5, 17, 8, 8, 19, 5, 21, -8, 6]
IM-000000010756067-AP1.png ::::::::: [10, 8, 7, 7, 8, 8]
IM-000000011378579-AP2.png ::::::::: [6, -3, -2, -2, -2]
IM-000000011379952-AP1.png ::::::::: [13, 5, 4, 4, 5, 4, 5, 5, 5, 4, 4, 3, 5, 4, 4, 4, 19]
IM-000000011386921-AP1.png ::::::::: [14, 6]
IM-000000011343859-AP1.png ::::::::: [7, 1, -1]
IM-000000011249351-AP1.png ::::::::: [9, 7, 7]
IM-000000011857053-AP1.png ::::::::: [7, 10, 11, 10, -7, 10, 9, 10, 8, 10]
IM-000000011379522-AP1.png ::::::::: [12, 4]
IM-000000009564047-AP1.png ::::::::: [1, 4, 32, 4, 4]
IM-000000011387473-AP1.png ::::::::: [-3, 10, 5, -5, -3, 5, 3, 4, 4, 2, -3, -2, 5, 2, 5, 5]
IM-000000011378804-AP15.png ::::::::: [-3, -2, -3, -6, -7, 4, 3, 7, 2, 16, 3, 4, 4, 4, 16, 2, 6, 1, 15, 6, 5, 5, 1, 15, 2, 6, 3, 13]
IM-000000010733569-AP1.png ::::::::: [21, 3, 5, 4, 13, 3, 16, 4, 15, 3, 5, 2, 3, 16, 5, 5, 5]
IM-000000011387376-AP1.png ::::::::: [3, 4, 5, 5, 2, 6, 5, 6]
IM-000000011186395-AP1.png ::::::::: [13, 5, 5, 4, 4]
IM-000000010756065-AP1.png ::::::::: [10, 9, 8, 8]
IM-000000011387161-AP1.png ::::::::: [9, 3]
IM-000000011143054-AP1.png ::::::::: [6, 2, 3, 10, 7, 6, 6, 11]
IM-000000011200858-AP1.png ::::::::: [10, 14, 13, 13]
IM-000000011379256-AP1.png ::::::::: [4, 3, 3, 3, 5, 3, 4, 3, 4, 2]
IM-000000011386972-AP1.png ::::::::: [10, 3, 14, 22, 21, 2, 9, 20, 3, 10, 3, 10, 2, 9, 2, 11, -7, 4, 15, 3, 16]
IM-000000011379650-AP2.png ::::::::: [1, 5, 7, 4, 4, 4, 6, 4, 3, 4, 5, 4, 4, 4, 5, 5, 4, 3, 5, 6, 4, 5, 5, 6, 5, 4, 4, 5, 5, 5, 6, 6, 5, 5, 4, 6, 4, 4, 5, 6, 6, 4, 4, 4, 4, 5, 4, 5, 4, 6, 5, 4, 6]
IM-000000011379909-AP1.png ::::::::: [13, 4, 4, 4, 5, 5, 4, 3, 316, -11]
IM-000000009457731-AP1.png ::::::::: [24, 4]
IM-000000011379196-AP1.png ::::::::: [3]
IM-000000011143056-AP2.png ::::::::: [5, 4, 4, 10, 6, 5, 5, 2, 4, 11, 19, 6, 8, 6, 7, 4, 7, 10, 19, 5, 7, 8, 7, 7, 13, 18, 7, 6, 8, 7, 7, 12]
IM-000000011379574-AP1.png ::::::::: [9, 11, 5, 8, 9, 10, 6]
IM-000000011188933-AP1.png ::::::::: [9, 10, 11]
IM-000000010759568-AP1.png ::::::::: [23, -12, 7]
IM-000000011802745-AP1.png ::::::::: [10, 6, 8, 7]
IM-000000010652231-AP1.png ::::::::: [-1, -1, 4, 6, 7, 5, -7, 5, 6, 6]
IM-000000011191756-AP1.png ::::::::: [4, 14, 6, 12, 12, 11, 12, 5, 13, 11, 4]
IM-000000010557088-AP1.png ::::::::: [7, 7, 7, 6, 8, 8, 7, 6, 9, 8]
IM-000000011387111-AP1.png ::::::::: [3, -13, -13]
IM-000000010733583-AP1.png ::::::::: [21, 3, 2, 3, 15, 4, 15, 2, 14, 4, 6]
IM-000000011387418-AP1.png ::::::::: [-12, 12, 2, 3, -3, 12, 13, 5, 3, -6, 5, 10, 13, 3, 3, -6, 7, 13, 13, 4, 4, -5, 6, 12]
IM-000000010617010-AP1.png ::::::::: [-5, -6, 17, 4, 4, 4]
IM-000000011186404-AP1.png ::::::::: [13, 4, 4, 3]
IM-000000010579474-AP1.png ::::::::: [-1, 32, 8, 6, 6, 6, 7, 7, 8, 6, 8, 8, 7, 6, 7, 8, 7, 6, 7, 7, 7, 5, 7, 7, 7, 17]
IM-000000011188934-AP1.png ::::::::: [9]
IM-000000011343294-AP2.png ::::::::: [-5, -4, 4, -3, -4, 5, -4, -4, 4, -3, -3, 4, -3, -4, 4, 2, 2, 5, -4, -4]
IM-000000010529633-AP1.png ::::::::: [12, 7, 5, 6, 6, 6, 5, 6, 5, 5, 6, 5, 5, 5]
IM-000000010892936-AP1.png ::::::::: [10, 2, 3, 3, 1, 4, 3, 4, 2, 0, 17, 2, 2, 2, 2, 52, -11, 6, -10, 9, 13, 2, 3, 2, 2, 52, -10, 6, -10, 9, 14, 3, 3, 2, 55, -10, 7, -9, 10, 32]
IM-000000011378661-AP1.png ::::::::: [7, -2, 0, -2, -2]
IM-000000011379461-AP16.png ::::::::: [1, 1, 23, -5, 4, 8]
IM-000000010865955-AP1.png ::::::::: [11, 4, 4, 5, 4]
IM-000000011387673-AP1.png ::::::::: [-8, -3, -3, 12, 279]
IM-000000011378814-AP2.png ::::::::: [-3, -4, 4, -2, -4, 5, 1, -1, 4, -2, -6, 5, -4, -4, 5, -2, -3]
IM-000000011310368-AP1.png ::::::::: [8, 8, 3, 4, 3, 16, 4, 5]
IM-000000011379366-AP1.png ::::::::: [3, 2, 3, 6, 6, 0, -13, -11, 6, 6]
IM-000000011379642-AP1.png ::::::::: [13, 3, 8]
IM-000000011459351-AP1.png ::::::::: [16, 4, 4, 14, -1, 4]
IM-000000011379891-AP1.png ::::::::: [14, 5, 6, 3, 5, 358]
IM-000000011286382-AP1.png ::::::::: [-11, 14, 5, 4, 4]
IM-000000011379818-AP3.png ::::::::: [-5, 0, -5, 4, 22, 60, 9, 33, 8, 59, 8, 34, 10, 61, 8, 34, 9, 26]
IM-000000011379754-AP1.png ::::::::: [3]
IM-000000011378600-AP1.png ::::::::: [8, -2, -3, -2, -3, 8, 4, 6, 16, 8, 8, 19, 4, 24, 6, 22, 6, 22, 4, 23, 3, 22, 3, 22, 5, 22, 5, 21, 5, 33]
IM-000000011379222-AP1.png ::::::::: [7, 5]
IM-000000011379823-AP1.png ::::::::: [10, -4, -5, 7, 11, -5, -4, 8]
IM-000000011379445-AP6.png ::::::::: [3, -12, 6, 24, 3, 6]
IM-000000011379510-AP1.png ::::::::: [6, 19, 4, 5, 5, 4, 5, 5, 6, 6, 6, 6]
IM-000000011550130-AP2.png ::::::::: [-2, -3]
IM-000000011387464-AP2.png ::::::::: [-3, 9, 4, -3, -2, 5, 5, 6, 5, 4, -3, -2, 4, 4, 5, 5, 3, -3, -2, 4, 3, 5, 5, 3, -3, -2, 5, 5, 5, 4]
IM-000000011379500-AP1.png ::::::::: [13, 2]
IM-000000011102001-AP1.png ::::::::: [6, 18, 3, 21, 4, 17, 4]
IM-000000011386948-AP2.png ::::::::: [-6, 1, 12, 3, 17, 3, 17, 3, 15, 4, 15, 4, 16, 4, 17, 3, 17, 3, 17, 4, 18, 3, 17, 3]
IM-000000010881208-AP1.png ::::::::: [4, 0, 2]
IM-000000011386730-AP1.png ::::::::: [16, 10, 10, 11, 10, 10, 11, 12, 13, 10, 10, 10, 11, 11, 11, 12, 12, 8, 11, 7, -8, 10, 9]
IM-000000011379780-AP1.png ::::::::: [5]
IM-000000010529107-AP1.png ::::::::: [-5, -5, 8, 15]
IM-000000010904574-AP1.png ::::::::: [8, 7, 4, 3, 3, 15, 4, 3, 5, 5, 4, 5, 4, 4, 4, 4, 4, 5, 3, 19]
IM-000000010733602-AP1.png ::::::::: [19, -11, 4, 13, -12, 4, 5, 16, 3, 1, -12, 1]
IM-000000010733573-AP1.png ::::::::: [-10, 20, 3, 15, 3, 4, 1, 11, 2, 6, 13, 6, 6, 5]
IM-000000011379973-AP1.png ::::::::: [4, 3, -10, 5, 5, 3, -10, -10, 5]
IM-000000010965479-AP3.png ::::::::: []
IM-000000011378779-AP1.png ::::::::: [8, 3]
IM-000000011379401-AP2.png ::::::::: [3, 0, -7, 23, -4, 3, 5, -10, 13, -6, 5, 9]
IM-000000011386905-AP1.png ::::::::: [-3, -10, -4, 17, 5, 6]
IM-000000011511178-AP1.png ::::::::: [6, 2, 0, 12, 2, 0]
IM-000000010890124-AP1.png ::::::::: [-5, -5, -3, 7, 2, 16, 16, 15, 2, 2, 4, 4, 3, 2, -10, 241, 1, 2, 1, 2, 0]
IM-000000011143060-AP1.png ::::::::: [5, 4, 3, 10, 7, 5, 7, 5, 10]
IM-000000011379333-AP2.png ::::::::: [13, 15, 14, 12]
IM-000000011370742-AP1.png ::::::::: [8, 7, 4, 4, 2, 13, 3, 4]
IM-000000011387105-AP1.png ::::::::: [3, -13]
IM-000000011378803-AP1.png ::::::::: [1, -5, 127]
IM-000000010865989-AP1.png ::::::::: [-8, 7, -9, -3, -1, -2, 0]
IM-000000011386934-AP2.png ::::::::: [1, 8, 2, 12, -12, 1, 11, -13, -11, 3, 13, 2, 13, 3]
IM-000000011386944-AP1.png ::::::::: [2, 28, 3, 5, 36, 17]
IM-000000011378586-AP1.png ::::::::: [8, -2, -2, -3, -3, 8, 4, 6, 17, 8, 8, 19, 4, 6, 6, 6, 22, 5, 5, 6, 5, 23, 5, 6, 6, 5, 23, 5, 6, 6, 7, 23, 3, 5, 6, 5, 23]
IM-000000010638076-AP1.png ::::::::: [11]
IM-000000010655224-AP1.png ::::::::: [8, 9, 2, 5, 4, 13, 1, 5, 19]
IM-000000011378913-AP1.png ::::::::: [13, 3, 216]
IM-000000010819088-AP6.png ::::::::: [6, 5, 5, 6, 17, 5, 1, 5, 4, 4, 14, 6, 3, 5, 17, 6, 5, 2, 4, 4, 4, 14, -10, 7, 4, 6, 17, 4, 6]
IM-000000011378631-AP1.png ::::::::: [8, -2, -1, -2, -3]
IM-000000011379338-AP1.png ::::::::: [5, 21, 8, 7, 6]
IM-000000011387010-AP1.png ::::::::: [4, 4, 5, 2, 1, -11, 4, 3, 6, 33, 5, 63, 6, 6, 7, 6]
IM-000000011379382-AP2.png ::::::::: [3, 0, -7, 24, -4, 3, 9, 14, -5, 4, 10, 15, -4, 4, 9, 14, -4, 5, 8, 11, -4, 4, 6, 13, -4, 4, 9, 13, -4, 5, 8, 12, -4, 5, 7, -10, -8, 14, 2]
IM-000000010071904-AP1.png ::::::::: [5, 17, 10, 5, 6]
IM-000000010814247-AP1.png ::::::::: [9, -11, 8, 14, 12, 8, 12, 14, 8, 13]
IM-000000011379588-AP1.png ::::::::: [-7, 19, 3, 4, 2, 0]
IM-000000011379361-AP1.png ::::::::: [9, 3, 5, 5, 4, 4, 4, 2, 3, 3, 5, 4, 4, 3, 5, 4, 6]
IM-000000011379412-AP1.png ::::::::: [14, -7, 6, 6, 11, 8, 9, 14, 7, 9]
IM-000000011249368-AP1.png ::::::::: [-8, 24, 7, 6, 7, 7, 6, 8, 7]
IM-000000011387565-AP1.png ::::::::: [5, 7, 14, -3]
IM-000000009466516-AP1.png ::::::::: [5, 2, 13, 5]
IM-000000011378898-AP1.png ::::::::: [0, 0, 10, 2]
IM-000000010662990-AP1.png ::::::::: [5, 6, -5, 5, 8]
IM-000000011378615-AP2.png ::::::::: [8, -1, -1, -2, -3, 7, 23, 4, 4, 34]
IM-000000011387521-AP2.png ::::::::: [18, -3, -3]
IM-000000011378648-AP2.png ::::::::: [6, -4, -3, -2, -2]
IM-000000011343858-AP1.png ::::::::: [6, 1, 0, 8, 1, 2]
IM-000000011379801-AP1.png ::::::::: [-7, 0, -3, 2, 21, 8, 58, 7, 120, 5, 5, 4, 4, 180]
IM-000000011379101-AP2.png ::::::::: [5, 12, 21, 5, 5, 7, 5, 23, 4, 5, 8, 23, 22, 7, 5, 7, 22, 6, 5, 6, 144]
IM-000000011253951-AP2.png ::::::::: [16, 2, 4, -3, -4, 1, 3, 29, 3, 5, -3, -2, 2, 3]
IM-000000011386923-AP1.png ::::::::: [14, 5]
IM-000000011387230-AP2.png ::::::::: [2, 64]
IM-000000010854737-AP1.png ::::::::: [7, 7, 4, 3, 2, 15, 4, 3, 5]
IM-000000010731884-AP1.png ::::::::: [6, 3, 1, 1, 0]
IM-000000011386879-AP3.png ::::::::: [-1, -4, 16, 4, 7, 4, 8]
IM-000000011387630-AP1.png ::::::::: [15, 2, 4, 9, 3, 0, 9, 1, 5, 8, 3, 2, 10, 2, 4]
IM-000000011387385-AP1.png ::::::::: [12, 3, 4, 2, 12, 12]
IM-000000011387485-AP1.png ::::::::: [-1, -4, 16, 4, 2, 4, 4, 5, 2, 2, 4, 4, 5, 4, 6, 5, 4, 4, 8]
IM-000000011254336-AP1.png ::::::::: [-3, -5, 18, 4]
IM-000000011127055-AP1.png ::::::::: [-3, 14, 174, 5]
IM-000000010859297-AP1.png ::::::::: [11, 7, 7, 6, 6, 7]
IM-000000009677502-AP1.png ::::::::: [-7, 0, 10, 10, 2, 3, 66, 7]
IM-000000011379058-AP1.png ::::::::: [13, 4, 6]
IM-000000011379262-AP2.png ::::::::: [-3, -8, -2, 31, 8, 8, 8, 9, 6, 8]
IM-000000011379334-AP1.png ::::::::: [10, -6, 6, -6, 20, -6, 6, -7, 5, 18, 5, 3, 259, 17, 4, 3]
IM-000000010854739-AP1.png ::::::::: [-11, 7, 8, 3, 2, 3, 14, 3, 3, 5]
IM-000000011379430-AP2.png ::::::::: [12, 6]
IM-000000011186418-AP1.png ::::::::: [-10, 14, 4, 4, 4, 4]
IM-000000011379369-AP1.png ::::::::: [6, 9, 6, 3, 6, 4, 6, 4]
IM-000000011284773-AP1.png ::::::::: [6, 19, 2, 4, 6, 9, 4, 5]
IM-000000010733581-AP1.png ::::::::: [-9, 19, 3, 1, 3, 15, 3, 3, 4, 15, 4, 2, -12, 1, 4, 14, -12, 4, 2, 5, 13, 4, 1, 1]
IM-000000011379595-AP1.png ::::::::: [19, 3, 3, 1, 1]
IM-000000011678625-AP1.png ::::::::: [12, 3, 4, 34, 23, 5, 7, 6, 55, 7, 8, 8, 9, 22, -11, 21, 6, 6, 7, 20, 6]
IM-000000010840195-AP1.png ::::::::: [7, 11, 10, 11, 11, 11, 10, 11, 10]
IM-000000010733591-AP1.png ::::::::: [21, 2, 2, 3, 3, 13, 4, 3, 4, 13, -11, 4, 3, 2, 13, 3, 2, -12, 1]
IM-000000011376572-AP1.png ::::::::: [10, 8, 8, 8]
IM-000000011009945-AP1.png ::::::::: [4, 5, 3, 5, 4, 3, 5, 4, 5, 4, 5, 5, 4, 5, 4, 6, 5, 6, 4, 6]
IM-000000011386858-AP1.png ::::::::: [11, 3, 16, 21, 19, 2]
IM-000000011387365-AP1.png ::::::::: [12, 5, 3, -2, 13, 17, 11, -7, 11, 14, 2, 2, 6, 4, -4, -2, 4, 11, 11, 20]
IM-000000011378588-AP2.png ::::::::: [7, -1, -2, -3, -3]
IM-000000009606437-AP5.png ::::::::: [5, 5, 7, 4, 4, 5, 37]
IM-000000009421314-AP1.png ::::::::: [5, 3, 5, 6, 6, 6, 6]
IM-000000010485223-AP1.png ::::::::: [6, 18]
IM-000000011186421-AP1.png ::::::::: [13, 5, 5, 5, 5]
IM-000000011378712-AP1.png ::::::::: [-10, 21, 13, 13, 12, 14]
IM-000000011828276-AP1.png ::::::::: [15, 6]
IM-000000011386733-AP1.png ::::::::: [16, 11, 11, 9, 9, 11, 12, 11, 13, 9, 10, 12, 11, 11, 11, 12, 11, 9, 10, 10, 11, 11]
IM-000000010666197-AP1.png ::::::::: [-4, -2, -5, 24, 3, 9]
IM-000000011254325-AP1.png ::::::::: [-1, -2, 19, 5]
IM-000000011379192-AP1.png ::::::::: [3]
IM-000000010652225-AP1.png ::::::::: [-2, -2, 5, 6, 7, 8, 6, 8]
IM-000000011386904-AP1.png ::::::::: [-3, -10, -4, 17, 4, 9, 4, 10, 3, 9, 5, 9, 4, 8, 5, 9, 4, 10, 5, 9, 5, 6]
IM-000000011333681-AP1.png ::::::::: [12, 7, 8, 8, 8, 8]
IM-000000010652238-AP1.png ::::::::: [-1, -2, 5, 7, 6, 5, -7, 8, 6, -7, 6, -10, 5, -9]
IM-000000011254323-AP1.png ::::::::: [-3, -9, -3, 19, 5]
IM-000000011101955-AP1.png ::::::::: [-4, -5, -4, -5, 8, 3, 4, 2, 5, 4, 16, 16, 14, 2, 3, 4, 5, 3, 1, -10, 193, 1, 2, 1, 3, -1]
IM-000000011686659-AP11.png ::::::::: [-3, -2, -4, -5, 5, 2, 14, 4, 7, 7, 5, 14, 2, 3, 2, 15, 5, 7, 7, 6, 15, 3, 3, 3, 4, 1, 1]
IM-000000011379333-AP1.png ::::::::: [10, 15, 14, 13, 12, 16, 14, 13, 11, -9, 14, 11]
IM-000000011379443-AP6.png ::::::::: [4, 6, 26, 3, 6, 6, -11, 5, 7, 9, 3, 5, 8, 3, 6]
IM-000000011101911-AP1.png ::::::::: [11, 7, 9, 6, -9, 9, 8]
IM-000000011523182-AP1.png ::::::::: [-3, -2, -4, -6, 4, 4, 6, 5, 27, 3, 3, 4, 4]
IM-000000011741699-AP1.png ::::::::: [5, 4, 2, 2]
IM-000000011378984-AP1.png ::::::::: [10, 3, 16, 20, 21, -8, 23, 2, 9, -7, 3, 8, 3, 9, 1, 9, -7, 3, 10, 2, 9, -8, 3, 11, -7, 5, 12]
IM-000000011379440-AP5.png ::::::::: [10, 8, 7, 7, 5, 8, 9]
IM-000000011379373-AP1.png ::::::::: [-9, 2, -1, -8, 25, -5, 4, 10, 13, -4, 5, 10, 13, -6, 4, 9, 12, -5, 3, 9, 15, -4, 4, 8, 14, 5, 8]
IM-000000011285439-AP1.png ::::::::: [10, 0]
IM-000000011143059-AP1.png ::::::::: [6, 4, 5, 10, 6, 7, 12]
IM-000000011583836-AP1.png ::::::::: [5, 1, 11, 2, 1, 10, 0, 10, 0, 10, 2, 10, -1, -11]
IM-000000011685260-AP1.png ::::::::: [6, 6, 16, 4, -11, 3]
IM-000000011386904-AP2.png ::::::::: [-3]
IM-000000010731886-AP1.png ::::::::: [5, 1, 1, 1, 9, 0, 1, 2, 1, 11, 0, 0, 1, 1]
IM-000000009479483-AP2.png ::::::::: [2, 1, 6, 5]
IM-000000011143058-AP1.png ::::::::: [6, 4, 4, 9, 5, 4, 6, 7, 6, 10]
IM-000000010301545-AP2.png ::::::::: [2, 5, 4, 24, 5, 14, 5, 4, 16, 4]
IM-000000010534569-AP1.png ::::::::: [-7, -4, -7, 8, 7]
IM-000000010881253-AP1.png ::::::::: [-1, 0, 9, 1]
IM-000000011379343-AP1.png ::::::::: [9, -6, 388, 15, 6, 4]
IM-000000011249371-AP1.png ::::::::: [-9, 21, 8, 6, 9]
IM-000000011186251-AP1.png ::::::::: [8, 8, 4, 5, 3, 16, 4, 4, 18, 8, 4, 4, 3, 14, 0, 2]
IM-000000010638217-AP1.png ::::::::: [8, 10]
IM-000000010865965-AP1.png ::::::::: [12, 3, 3, 4, 4]
IM-000000011380030-AP1.png ::::::::: [3, -1, 16, 3, 4, 2]
IM-000000011249374-AP1.png ::::::::: [4]
IM-000000011386943-AP1.png ::::::::: [2, 27, 3, 36]
IM-000000011387354-AP1.png ::::::::: [12]
IM-000000011378884-AP1.png ::::::::: [3, -2, 19, 2, 5, 2]
IM-000000011378956-AP1.png ::::::::: [3, 6, 5, 5, 6, 3, 4, 4, 4, 5, 5, 4, 1, 5, 5, 5, 5, 5, 5, 5, 5, 5]
IM-000000011322085-AP1.png ::::::::: [7, 1, 3, 8, 1, 1, 7, 1, 3]
IM-000000010865961-AP1.png ::::::::: [13, 4, 3, 3]
IM-000000010712583-AP1.png ::::::::: [13, -5]
IM-000000011379837-AP1.png ::::::::: [4, 3, 3, 1, 14, 3]
IM-000000011344106-AP1.png ::::::::: [-10, 11, 7, 8, 8, 6, 7, 7, 7, 7, 7, 7, 7, 7, 8, 7, 6, 6, 7, 6, 6, 7]
IM-000000010768804-AP1.png ::::::::: [17, 8, 6]
IM-000000010865958-AP1.png ::::::::: [12, -8, 3, 3, 3, 4]
IM-000000011379805-AP3.png ::::::::: [5, -9, 0, 3, 62, 4, 5, 3, 4, 374]
IM-000000010881247-AP1.png ::::::::: [3, 11]
IM-000000011378606-AP3.png ::::::::: [7, -2, -3, -3, -3]
IM-000000011367584-AP1.png ::::::::: [8, 10, -8, 11, 10, 10, 11, 11, 10, 11]
IM-000000011387369-AP1.png ::::::::: [5, 16]
IM-000000009411514-AP1.png ::::::::: [5, 3, 6, 5, 7, 7, 6]
IM-000000011379836-AP1.png ::::::::: [4, 4, 1, 11, 3, 3, 3, 13, 3, 13, 4, 14, 3, 13, 4, 15, 4]
IM-000000010676246-AP1.png ::::::::: [11, -8, 1, 2, 1, 0]
IM-000000011386966-AP1.png ::::::::: [11, 3, 15, -8, 23, 21, 1]
IM-000000011379453-AP2.png ::::::::: [-14, 2, 27, 9, 11]
IM-000000010965479-AP2.png ::::::::: [8, 7, 4, 3, 4, 4, 14, 0, 3, 2, 5, 4, 4, 4, 18, 48, 8, 3, 1, 4, 5, 13, 1, 1, 3, 6, 5, 4, 5, 19]
IM-000000010772103-AP1.png ::::::::: [8, 9, 4, 3, 14, 4, 5]
IM-000000011190599-AP1.png ::::::::: [-3, -6, 11, 7, 7, -8, 6, 9, 8, -3, -4]
IM-000000011379419-AP2.png ::::::::: [-5, 0, -4, 2, 62, 5, 4, 4, 4, -11, 372]
IM-000000011387282-AP1.png ::::::::: [10, 4, 15, 21, 2, 10, 4]
IM-000000011379443-AP9.png ::::::::: [5, 6, 24, 3, 7, 5, 7, 5, 7, 9, 4, 7, 8, 3, 7]
IM-000000009480622-AP1.png ::::::::: [10, 3, 17, 4]
IM-000000011387445-AP1.png ::::::::: [-4, 9, 4, -3, 17, -3, -2, 6, 5]
IM-000000009433102-AP1.png ::::::::: [7, 7, 4, 6]
IM-000000011379657-AP1.png ::::::::: [16, 5, 2, 6, 5, 5, 4, 4, -10, 5, 4, 20]
IM-000000011378804-AP20.png ::::::::: [-3, -2, -3, -5, 16, 5, 6, 4, 3, 18, 3, 6, 4, 16, 5, 4, 4, 4, 16, 4, 7, 3, 15, 5, 5, 3, 3]
IM-000000011379470-AP1.png ::::::::: [-4, -6, -3, 9, -12, 7, 7, 7, 7, 8, 8, 6, 7, 8, -10, -28, -9]
IM-000000011378667-AP1.png ::::::::: [3, 0]
IM-000000011254332-AP1.png ::::::::: [-1, -3, 19, 4]
IM-000000010865975-AP1.png ::::::::: [12, -9, 2, 2, 2]
IM-000000009418599-AP1.png ::::::::: [6, 3, 4, 6, 4, 7, 6]
IM-000000010712587-AP1.png ::::::::: [14, -5]
IM-000000011386871-AP1.png ::::::::: [-2, -5, 17, 5, 7]
IM-000000011098840-AP2.png ::::::::: [2, 14, 3, 2, 5, 4, 4, 3, 4, 4, 4, 4, 3, 4, 4, 3, 3, 3, 4, 3, 3, 3]
IM-000000010929702-AP1.png ::::::::: [-4, -3, -3, -5, 8, 3, 4, 2, 4, 2, 3, -1, 3, 15, 17, 13, 2, 2, 4, 4, 4, 171, 1, 1, 0, 1, 1]
IM-000000011369972-AP1.png ::::::::: [16, 5]
IM-000000010843146-AP1.png ::::::::: [8, 8, 3, 3, 3, 14, 3, 2, 3, 3, 4, 5, 4, 19]
IM-000000011186271-AP1.png ::::::::: [15, 6, 7, 5, 14, 2]
IM-000000011386922-AP1.png ::::::::: [14, 4]
IM-000000011387163-AP1.png ::::::::: [10, 3, 14, 22, 20, -7, 3, 11]
IM-000000011387384-AP2.png ::::::::: [21]
IM-000000010585549-AP1.png ::::::::: [9, 8, 7, 7, 7, 7, 8, 8, 7, 6]
IM-000000011379120-AP1.png ::::::::: [0, 0, 10, 2]
IM-000000010772396-AP1.png ::::::::: [-6, -6, 10, 7, 8, -8, 6, 6]
IM-000000010662988-AP1.png ::::::::: [5, 6, 4, 8]
IM-000000011378804-AP22.png ::::::::: [-3, -2, -3, 5, 3, 5, 4, 5, 16, 3, 7, 4, 15, -63, -62, 4, 5, 17, 3, 6, 4, 15, 6, 5, 3, 5]
IM-000000011386948-AP1.png ::::::::: [3, 26, 3, 16, 4, 16, 3, 17, 4, 16, -3, 4, 16, 5, 17, 4, 4, 16, 3, 17, 4, 4, 15, 4]
IM-000000011379149-AP1.png ::::::::: [10, 4, 2, 0, 13, 3, 4]
IM-000000011186251-AP2.png ::::::::: []
IM-000000011143056-AP1.png ::::::::: [5, 5, 5, 9, 4, -12, 6, 6, 7, 10, 20, 7, 6, 8, 8, 13]
IM-000000009436489-AP1.png ::::::::: [14, 9, 26, 55, 26]
IM-000000010772567-AP1.png ::::::::: [5, 7, 4, 5, 2, 2, 12, 4, 4, 18]
IM-000000011378639-AP1.png ::::::::: [8, -1, -2, -2, -3, 8, 3, 6, 7, 18, 8, 7, 19, 2, 19, -9, 6, 22, 4, 20, 3, 22, 6, 23, 3]
IM-000000010755800-AP2.png ::::::::: [7, -1, -2, -2, -3, 8, 17, 5]
IM-000000011369019-AP39.png ::::::::: [13, 4, 4, 4, 4]
IM-000000011249355-AP1.png ::::::::: [8, 7, 5, 17, 2, 3]
IM-000000011379276-AP2.png ::::::::: [5, -5, 0, -3, 3, 62, 3, 3, 4, 4, 374]
IM-000000010663073-AP1.png ::::::::: [6, 3, 1, 13, 1, 1]
IM-000000011677806-AP1.png ::::::::: [19, 7, 12, 7, 14, 6, 14, 7]
IM-000000011379530-AP1.png ::::::::: [3, 5, 3]
IM-000000011379972-AP1.png ::::::::: [4, 5]
IM-000000010676276-AP1.png ::::::::: [10, 0, 1, 1]
IM-000000011101899-AP1.png ::::::::: [9, 8, 2, 3, 4, 13, 3, 5]
IM-000000010733603-AP1.png ::::::::: [20, 3, 3, 3, 5, 15, 3, 15, 3, 5, 2, 11, 2, 5, 14, 2, 1, 1]
IM-000000011369019-AP2.png ::::::::: [13, 4, 4, 4, 4]
IM-000000011386671-AP2.png ::::::::: [6, 0, -1, -10, -7, -5, -4, -5, -7, -4, -3, -1, 6, 3, 15, 6, 7, 14, 4, 5, 15, 4, 7, 15, 4, 6, 15, 4, 3, -6, 15, 5, 4, 16, 6, 5, 16, 6, 6]
IM-000000011459575-AP11.png ::::::::: [-3, -4, -5, -4, 5, 3, 13, 2, 12, 3, 6, 4, 15, 2, 14, 4]
IM-000000011387583-AP1.png ::::::::: [-8, 10, 3]
IM-000000011367517-AP1.png ::::::::: [9, 6]
IM-000000011378874-AP1.png ::::::::: [11, 21, -7, 21]
IM-000000011686659-AP12.png ::::::::: [-4, -2, -4, -5, 3, 13, -9, 5, 9, 5, 5, 14, 3, 3, -125, -69, 3, 3, 15, 4, 8, 7, 4, 15, 0, 2, 3]
IM-000000010865935-AP1.png ::::::::: [12, 4, 5, 4, 4]
IM-000000011249352-AP1.png ::::::::: [-10, 12, 7, 8]
IM-000000011186273-AP1.png ::::::::: [15, 7, 13, 0]
IM-000000010948372-AP1.png ::::::::: [-4, -3, -3, -2, 6, -9, 3, 4, 15, 15, 15, 3, 0, 4, 4, 4, 2, 1, 5, 4, 4, 2, 4, 159, 2, 1, 0, 3, 2]
IM-000000011379204-AP1.png ::::::::: [11, 3, 9, 3, 16, 20, 2, 9, -7, 3, 8, -8, 3, 9, 3, 12, 3]
IM-000000011386879-AP1.png ::::::::: [-4, -9, -3, 17, 5, 9, 5, 8, 4, 9, 3, 9, 5, 9, 6, 9, 4, 10, 4, 7, 3, 9, 5, 6, 4, 8, 5]
IM-000000010965551-AP1.png ::::::::: [-7, 3, -8, -7, -2, 0, -1]
IM-000000010652229-AP1.png ::::::::: [-1, -1, 5, -7, 8, 7, 6, -7, 7, -6, 6, 7]
IM-000000011378804-AP17.png ::::::::: [-3, -2, -3, -6, 5, 4, 6, 5, 16, 4, 5, 4, 5, 17, 5, 7, 4, 15, 4, -109, -81, 2, 13, -9, 4, 8, 3, 15]
IM-000000010952149-AP1.png ::::::::: [8, 9, 3, 16, 2, 4, 20, 8, 18, 3, 5]
IM-000000011378619-AP1.png ::::::::: [6, -3, -2, -3, -3, 7, 6, 6, 17, 8, 7, 19, 3, 5, 24, 4, 5, 23, 4, 5, 22, 4, 5, 22, 3, 6, 21, 3, 7, 20, 4, 5, 22, 5]
IM-000000011286384-AP1.png ::::::::: [13, 5, 4, 5, 4]
IM-000000011379456-AP4.png ::::::::: [4, 5, 5, 3]
IM-000000011796877-AP1.png ::::::::: [1, -9, 548]
IM-000000011379263-AP1.png ::::::::: [-3, -4, 17, 4, 8]
IM-000000011378611-AP4.png ::::::::: [-3, -3, -3, -3, 8, 5, 23, 4, 5, 6, 6, 24, 4, 4, 6, 5, 23, 4, -6, 6, 7, 5, 22, 3, 3, 4, 6, 23, 4, 4, 6, 5, 35]
IM-000000010842434-AP1.png ::::::::: [13]
IM-000000011102079-AP1.png ::::::::: [12, 7, 8, 8, 7, 6, 7, 7, 7]
IM-000000011794225-AP1.png ::::::::: [8, -2, -2, -2, -3]
IM-000000011378593-AP1.png ::::::::: [7, -1, -2, -4, -4, 8, 6, 6, 5, 18, 8, 9, 19, 4]
IM-000000011310221-AP1.png ::::::::: [0, 15, 14, 15, 12, 110, 4, 366]
IM-000000011386715-AP1.png ::::::::: [13, -1, -5, 12, -4, -3, 11, -5, -2, 12, -2]
IM-000000011387232-AP1.png ::::::::: [-2, -4, 15, 3, 4, 10, 3, 3]
IM-000000010832526-AP1.png ::::::::: [10, 7, 9, 8, 8, 7, 7]
IM-000000011386881-AP2.png ::::::::: [-3, -10, -4, 17, 4, 7, 4, 8, 4, 8, 4, 9, 4, 9, 3, 9, 5, 10, 5, 8, 5, 6]
IM-000000010679224-AP1.png ::::::::: [4, 2, 1, 2]
IM-000000011379508-AP1.png ::::::::: [13, 5, 6]
IM-000000011387155-AP1.png ::::::::: [11, 3, 9, -7, 4, 10, 1, 9, 3, 8, -8, 4, 11, 3, 12, 3, 12, 3]
IM-000000011386728-AP1.png ::::::::: [11, 3, 11, 3, 15, 21, -7, 23, 3]
IM-000000011386739-AP1.png ::::::::: [16, 7, 11, 13, 8, 10, 12, 12, 11, 10, 12, 12, 11, 11, 13, 12, 12, 9, 11, 9, -7, 9, 10]
IM-000000011064237-AP1.png ::::::::: [-4, -2, -5, 22, 5, 8, -9, 16, -10, 3, 7, -11, -8, 5, 8, 17, 15, 4, 10, 4, 9, 3, 10, 14, -10, 14]
IM-000000011102691-AP1.png ::::::::: [-12, 8, 8, 17, 3, 3, 5, 4, 4, 5, 4, 4, 4, 4]
IM-000000011379685-AP1.png ::::::::: [7]
IM-000000011379440-AP7.png ::::::::: [9, 8, 7, 8, 7, 9, 8]
IM-000000011379440-AP2.png ::::::::: [9, 7, -11, 8, 6, 10, 6, 10, 4, 11, 9]
IM-000000011310474-AP18.png ::::::::: [19, 5, 6, 5, 5, 4, 5, 6, 5, 6, 6, 6, 6, 5, 6, 6, 5, 7, 7]
IM-000000011387317-AP1.png ::::::::: [18, 4, 6, 6, 5]
IM-000000010809068-AP4.png ::::::::: [10, -7, 1, 0, 0, 1]
IM-000000011379309-AP1.png ::::::::: [10, 3, 16, 21, 22, -7, 3, 12]
IM-000000011186432-AP1.png ::::::::: [13, 4, 5, 3]
IM-000000011378578-AP1.png ::::::::: [7, -3, -2, -2, -2]
IM-000000010842922-AP1.png ::::::::: [-4, -4, -3, 7, -9, 4, 3, 4, 4, 15, 16, 14, 2, 0, 4, 5, 4, 1, -11, 205, 2, -1, 0, 2, 1]
IM-000000011143055-AP1.png ::::::::: [6, 5, 4, 8, 6, 8, 11]
IM-000000011598501-AP1.png ::::::::: [-5, -1, 3, 4, 2, 352]
IM-000000011387279-AP1.png ::::::::: [11, -9, -1, 0, 3, 1, 1]
IM-000000011386696-AP2.png ::::::::: [-3, 10, 5, -3, -2, 5, 5, 6, 5, 4, -3, -2, 4, 5, 5, 5]
IM-000000011201057-AP1.png ::::::::: [2, 15, 2, 4, 3, 3, 3, 3, 4, 3, 4, 3, 4]
IM-000000011378635-AP2.png ::::::::: [7, -3, -1, -2, -3]
IM-000000011387399-AP1.png ::::::::: [7, 1, 13, 5, 3]
IM-000000011379481-AP1.png ::::::::: [-12, 4, 28, 4, 4, 2, 7, 15]
IM-000000011386898-AP1.png ::::::::: [-2, -5, 16, 5, 7]
IM-000000011387483-AP1.png ::::::::: [-1, -5, 16, 3, 1, 4, 5, 6, 3, 3, 3, 3, 4, 4, 4, 5, 5, 4, 4, 5]
IM-000000011379799-AP1.png ::::::::: [-6, 0, -3, 3, 19, 9, 59, 6, 34, 9, 59, 1, -3, 3, 197]
IM-000000011127054-AP1.png ::::::::: [-1, 14, 15, 14, 14, 13, 86, 4, 365]
IM-000000011459575-AP5.png ::::::::: [-3, -2, -3, -5, 4, 3, 8, 5, 14, 3, 3, 14, 3, 7, -49, -54, 1, 2, 13, 3, 8, 3, 15, 3, 1, 15]
IM-000000010473802-AP1.png ::::::::: [4, 4, 4, 7]
IM-000000010865976-AP1.png ::::::::: [-10, 12, 3, 1, 3, 2, 3]
IM-000000011387035-AP2.png ::::::::: [1, -11, 3, 18, 4, 19, 3, 17, -11, 4, 19, 4, 3, 30, 5, 32, -10, 3]
IM-000000011379916-AP1.png ::::::::: [13, 5, 4, 5, 5, 357, -10]
IM-000000011387188-AP1.png ::::::::: [7, 9, 8, 7, 8, 24, 25, 20]
IM-000000011379818-AP2.png ::::::::: [-11, -1, 2, 19, 7, 60, 3, 0, 31, 9, 58, 7, 34, 10, 58, 8, 32, 20]
IM-000000010288286-AP1.png ::::::::: [-2, -3, 12]
IM-000000010831843-AP5.png ::::::::: [11, 7, 7, 8, 8, 8, 8, 8, 9, 8, 8, 8, 8, 9, 9, 9, 8, 8, 8, 8, 8, 9, 8, 8]
IM-000000011379353-AP1.png ::::::::: [1, 14, 14]
IM-000000010652236-AP1.png ::::::::: [-1, -2, 4, 6, 7, 7, 5]
IM-000000010831546-AP1.png ::::::::: [-9, 11, 0, 2, 2]
IM-000000010579474-AP2.png ::::::::: [0, 32, 32, 40, 6, 4, 4, 15, 5, 4, 3, 17, 1, 3]
IM-000000011386731-AP1.png ::::::::: [15, 9, 11, 11, 9, 11, 10, 13, 10, 10, 11, 9, -8, 11, 10, 11, 11, 11, 10, 11, 9, 10, 11]
IM-000000011101917-AP1.png ::::::::: [9, 9, 2, 4, 3, 13, 3, 4, 18]
IM-000000011513089-AP1.png ::::::::: [10, 4, 4, 4, 4, 4, 4, 5, 5]
IM-000000010708248-AP1.png ::::::::: [8, 7, 3, 5, 13, 3, 5]
IM-000000009428244-AP1.png ::::::::: [14, 11, 27]
IM-000000011386927-AP1.png ::::::::: [-5, 0, 9, 11, 2, 14, 3, 12, 3, 11, -11, 3, 12, -10, 2, 12, 2, 5, 14, 1, 5, 14, -10, 1, 13, 2, 13, -10, 3, 3, 13, 2]
IM-000000010741418-AP1.png ::::::::: [4, 3, 1, 2, 4, 3, 1, 1, 4, 2, 2, 2, 7, 3, 2, 3]
IM-000000011322047-AP1.png ::::::::: [7, 8, 3, 4, 5, 14, 5, 3, 4, 4]
IM-000000009793863-AP1.png ::::::::: [4, 19, 18, 5, 4, 4, 8, 3, 4]
IM-000000009930263-AP2.png ::::::::: [8, 2, 2, 1, 4, 3, 3, 3, 3, 2, 1, 2, 3, 3, 2, 3, 4, 4]
IM-000000010881232-AP1.png ::::::::: [4, 2, 2, 12, 2, 2]
IM-000000010901645-AP1.png ::::::::: [-4, -4, -3, 8, 2, 3, 4, 4, 15, 16, 14, 2, 0, 4, 3, 3, 2, 0, -7, 196, 2, -1, 0, 2, 1]
IM-000000011186378-AP1.png ::::::::: [14, 5, 4, 3, 4]
IM-000000011378608-AP1.png ::::::::: [7, -1, -1, -3, -4]
IM-000000010731885-AP1.png ::::::::: [5, 2, 2]
IM-000000011387035-AP1.png ::::::::: [3, 5, 3, 16, 4, 18, 3, 4, 15, -10, 3, 16, -10, 4, 19, 5, 3, 31, 5]
IM-000000011379424-AP2.png ::::::::: [2, 23, 4]
IM-000000011387644-AP1.png ::::::::: [-4, -4, 23, 11]
IM-000000010733588-AP1.png ::::::::: [-10, 21, 3, 1, 2, 14, 4, 6, 2, 13, 4, 6, 2]
IM-000000009457732-AP1.png ::::::::: [23, 5, 25, 6, 25, 5, 25, 5, 26, 6]
IM-000000011386760-AP1.png ::::::::: [38, -3, -3, 34, 37]
IM-000000011269479-AP1.png ::::::::: [4, 13, 6, 12, 14, 13, 13, 12, 11, 13, 14, 14, 12, 13, 13, 12, 13, 5, 14]
IM-000000011386720-AP1.png ::::::::: [19, 7, 4]
IM-000000011379278-AP2.png ::::::::: [8, 12, 6, 4, 5, 5, 4, 5, 7, 6, 12, 4, 4, 4, 6, 5, 6, 8, 12, 6, 5, 4, 5, 5, 5, 6, 9, 12, 6, 5, 5, 4, 6, 4, 6, 9, 12, 5, 4, 5, 3, 5, 6]
IM-000000011379715-AP2.png ::::::::: [13, 3, 8, 10, 6]
IM-000000011387123-AP1.png ::::::::: [4, 8, -9, 24, 25]
IM-000000010663061-AP1.png ::::::::: [6, 3, 1, 13, 1, 1]
IM-000000011378649-AP2.png ::::::::: [-2, -3, -1, -3]
IM-000000011379623-AP1.png ::::::::: [15, 8, 6, 7]
IM-000000011379554-AP1.png ::::::::: [8, 6, 9, 17, 5, 8, 16, 7, 6, 6]
IM-000000011387345-AP1.png ::::::::: [0, 0, 21, 3]
IM-000000011386693-AP1.png ::::::::: [-3, 10, 5, -4, -2, 5]
IM-000000011379198-AP1.png ::::::::: [5]
IM-000000011379016-AP1.png ::::::::: [14, 4, 5]
IM-000000011500982-AP1.png ::::::::: [3, 5, 4, 5, 7, 5, 5, 7]
IM-000000010865953-AP1.png ::::::::: [12, 4, 3, 4, 4]
IM-000000011379668-AP1.png ::::::::: [9]
IM-000000010952151-AP2.png ::::::::: [9, 8, 4, 2, 3, 14, -1, 1, 4, 3, 4, 17, 45, 9, 3, 4, 2, 14, 4, 3, 4, 1, 3, 16]
IM-000000010756064-AP1.png ::::::::: [11, 8, 6, 7]
IM-000000011667222-AP1.png ::::::::: [4, 1, 9, 2, 450]
IM-000000011379382-AP3.png ::::::::: [2, 0, -6, 18, 13, -5, 3, 9, 14, -5, 2, 8, 12, -4, 5, 9, 13, -4, 4, 8, -10]
IM-000000011386959-AP1.png ::::::::: [2, 4, 1, 18, 2, 3, 30, 2, 18, 5, 19, 5, 21, 3, 18, 6]
IM-000000011459575-AP4.png ::::::::: [-5, -3, -3, -5, 3, 3, 7, 4, 15, 3, 2, 14, 3, 6, 4, -45, -45, 2, 15, 3, 6, 4, 14, 4, 4]
IM-000000011379381-AP1.png ::::::::: [3, 1, 23, -6, 4, 7, -9]
IM-000000011387374-AP1.png ::::::::: [21, -8, 102, 8]
IM-000000011387413-AP1.png ::::::::: [10, 3, 16, 20, 22, 1, 8, 21, 2, 8, -7, 3, 10, -7, 4, 15, 2, 16, 4]
IM-000000009411510-AP3.png ::::::::: [5, 7, 6, 6, 6, 4, 4]
IM-000000011387362-AP1.png ::::::::: [12]
IM-000000011333685-AP1.png ::::::::: [10, 7, 8, 8, 7, 6, 8, 8, 5]
IM-000000009423673-AP1.png ::::::::: [3, 2, 14, 3]
IM-000000011386960-AP1.png ::::::::: [10, 3, 16, 21, 2, 9, 1, 9, -7, 4, 15, 3, 16, 1]
IM-000000011379109-AP1.png ::::::::: [15, 8, 7, 9, 7, 8, 10]
IM-000000011387606-AP1.png ::::::::: [5, 15, 4, 4, 4, 4]
IM-000000011379814-AP2.png ::::::::: [-6, -1, -4, 4, 17, 33, 10, 60, 6, 33, 9, 60, 7, 172]
IM-000000011435888-AP1.png ::::::::: [1, 548]
IM-000000011379589-AP1.png ::::::::: [12, 17, 3, 1, 1, 3]
IM-000000010652233-AP1.png ::::::::: [-3, -2, 4, 5, -10, 6]
IM-000000010963995-AP1.png ::::::::: [12, 5, 6, 5]
IM-000000009411514-AP2.png ::::::::: [4]
IM-000000011369019-AP27.png ::::::::: [13, 4, 4, 5]
IM-000000011378710-AP1.png ::::::::: [-10, 20, 12, 12]
IM-000000011387240-AP1.png ::::::::: [11, 3, 8, 2, 8, 2, 15, -7, 23, 21, 0, 9, 20, 2, 9, -7, 3, 10]
IM-000000011379561-AP1.png ::::::::: [12, 14, 61, 7, 31, 9, 8]
IM-000000010663071-AP1.png ::::::::: [5, 0]
IM-000000011548113-AP1.png ::::::::: [-2, -4, 25, 24, 23, 23, 23, 23, 22, 22, 24]
IM-000000011378644-AP1.png ::::::::: [-3, -2, -1, -4, 8, 7, 5, 17, 8, 8, 19, 5, 21, -8, 6]
IM-000000010756067-AP1.png ::::::::: [10, 8, 7, 7, 8, 8]
IM-000000011378579-AP2.png ::::::::: [6, -3, -2, -2, -2]
IM-000000011379952-AP1.png ::::::::: [13, 5, 4, 4, 5, 4, 5, 5, 5, 4, 4, 3, 5, 4, 4, 4, 19]
IM-000000011386921-AP1.png ::::::::: [14, 6]
IM-000000011343859-AP1.png ::::::::: [7, 1, -1]
IM-000000011249351-AP1.png ::::::::: [9, 7, 7]
IM-000000011857053-AP1.png ::::::::: [7, 10, 11, 10, -7, 10, 9, 10, 8, 10]
IM-000000011379522-AP1.png ::::::::: [12, 4]
IM-000000009564047-AP1.png ::::::::: [1, 4, 32, 4, 4]
IM-000000011387473-AP1.png ::::::::: [-3, 10, 5, -5, -3, 5, 3, 4, 4, 2, -3, -2, 5, 2, 5, 5]
IM-000000011378804-AP15.png ::::::::: [-3, -2, -3, -6, -7, 4, 3, 7, 2, 16, 3, 4, 4, 4, 16, 2, 6, 1, 15, 6, 5, 5, 1, 15, 2, 6, 3, 13]
IM-000000010733569-AP1.png ::::::::: [21, 3, 5, 4, 13, 3, 16, 4, 15, 3, 5, 2, 3, 16, 5, 5, 5]
IM-000000011387376-AP1.png ::::::::: [3, 4, 5, 5, 2, 6, 5, 6]
IM-000000011186395-AP1.png ::::::::: [13, 5, 5, 4, 4]
IM-000000010756065-AP1.png ::::::::: [10, 9, 8, 8]
IM-000000011387161-AP1.png ::::::::: [9, 3]
IM-000000011143054-AP1.png ::::::::: [6, 2, 3, 10, 7, 6, 6, 11]
IM-000000011200858-AP1.png ::::::::: [10, 14, 13, 13]
IM-000000011379256-AP1.png ::::::::: [4, 3, 3, 3, 5, 3, 4, 3, 4, 2]
IM-000000011386972-AP1.png ::::::::: [10, 3, 14, 22, 21, 2, 9, 20, 3, 10, 3, 10, 2, 9, 2, 11, -7, 4, 15, 3, 16]
IM-000000011379650-AP2.png ::::::::: [1, 5, 7, 4, 4, 4, 6, 4, 3, 4, 5, 4, 4, 4, 5, 5, 4, 3, 5, 6, 4, 5, 5, 6, 5, 4, 4, 5, 5, 5, 6, 6, 5, 5, 4, 6, 4, 4, 5, 6, 6, 4, 4, 4, 4, 5, 4, 5, 4, 6, 5, 4, 6]
IM-000000011379909-AP1.png ::::::::: [13, 4, 4, 4, 5, 5, 4, 3, 316, -11]
IM-000000009457731-AP1.png ::::::::: [24, 4]
IM-000000011379196-AP1.png ::::::::: [3]
IM-000000011143056-AP2.png ::::::::: [5, 4, 4, 10, 6, 5, 5, 2, 4, 11, 19, 6, 8, 6, 7, 4, 7, 10, 19, 5, 7, 8, 7, 7, 13, 18, 7, 6, 8, 7, 7, 12]
IM-000000011379574-AP1.png ::::::::: [9, 11, 5, 8, 9, 10, 6]
IM-000000011188933-AP1.png ::::::::: [9, 10, 11]
IM-000000010759568-AP1.png ::::::::: [23, -12, 7]
IM-000000011802745-AP1.png ::::::::: [10, 6, 8, 7]
IM-000000010652231-AP1.png ::::::::: [-1, -1, 4, 6, 7, 5, -7, 5, 6, 6]
IM-000000011191756-AP1.png ::::::::: [4, 14, 6, 12, 12, 11, 12, 5, 13, 11, 4]
IM-000000010557088-AP1.png ::::::::: [7, 7, 7, 6, 8, 8, 7, 6, 9, 8]
IM-000000011387111-AP1.png ::::::::: [3, -13, -13]
IM-000000010733583-AP1.png ::::::::: [21, 3, 2, 3, 15, 4, 15, 2, 14, 4, 6]
IM-000000011387418-AP1.png ::::::::: [-12, 12, 2, 3, -3, 12, 13, 5, 3, -6, 5, 10, 13, 3, 3, -6, 7, 13, 13, 4, 4, -5, 6, 12]
IM-000000010617010-AP1.png ::::::::: [-5, -6, 17, 4, 4, 4]
IM-000000011186404-AP1.png ::::::::: [13, 4, 4, 3]
IM-000000010579474-AP1.png ::::::::: [-1, 32, 8, 6, 6, 6, 7, 7, 8, 6, 8, 8, 7, 6, 7, 8, 7, 6, 7, 7, 7, 5, 7, 7, 7, 17]
IM-000000011188934-AP1.png ::::::::: [9]
IM-000000011343294-AP2.png ::::::::: [-5, -4, 4, -3, -4, 5, -4, -4, 4, -3, -3, 4, -3, -4, 4, 2, 2, 5, -4, -4]
IM-000000010529633-AP1.png ::::::::: [12, 7, 5, 6, 6, 6, 5, 6, 5, 5, 6, 5, 5, 5]
IM-000000010892936-AP1.png ::::::::: [10, 2, 3, 3, 1, 4, 3, 4, 2, 0, 17, 2, 2, 2, 2, 52, -11, 6, -10, 9, 13, 2, 3, 2, 2, 52, -10, 6, -10, 9, 14, 3, 3, 2, 55, -10, 7, -9, 10, 32]
IM-000000011378661-AP1.png ::::::::: [7, -2, 0, -2, -2]
IM-000000011379461-AP16.png ::::::::: [1, 1, 23, -5, 4, 8]
IM-000000010865955-AP1.png ::::::::: [11, 4, 4, 5, 4]
IM-000000011387673-AP1.png ::::::::: [-8, -3, -3, 12, 279]
IM-000000011378814-AP2.png ::::::::: [-3, -4, 4, -2, -4, 5, 1, -1, 4, -2, -6, 5, -4, -4, 5, -2, -3]
IM-000000011310368-AP1.png ::::::::: [8, 8, 3, 4, 3, 16, 4, 5]
IM-000000011379366-AP1.png ::::::::: [3, 2, 3, 6, 6, 0, -13, -11, 6, 6]
IM-000000011379642-AP1.png ::::::::: [13, 3, 8]
IM-000000011459351-AP1.png ::::::::: [16, 4, 4, 14, -1, 4]
IM-000000011379891-AP1.png ::::::::: [14, 5, 6, 3, 5, 358]
IM-000000011286382-AP1.png ::::::::: [-11, 14, 5, 4, 4]
IM-000000011379818-AP3.png ::::::::: [-5, 0, -5, 4, 22, 60, 9, 33, 8, 59, 8, 34, 10, 61, 8, 34, 9, 26]
IM-000000011379754-AP1.png ::::::::: [3]
IM-000000011378600-AP1.png ::::::::: [8, -2, -3, -2, -3, 8, 4, 6, 16, 8, 8, 19, 4, 24, 6, 22, 6, 22, 4, 23, 3, 22, 3, 22, 5, 22, 5, 21, 5, 33]
IM-000000011379222-AP1.png ::::::::: [7, 5]
IM-000000011379823-AP1.png ::::::::: [10, -4, -5, 7, 11, -5, -4, 8]
IM-000000011379445-AP6.png ::::::::: [3, -12, 6, 24, 3, 6]
IM-000000011379510-AP1.png ::::::::: [6, 19, 4, 5, 5, 4, 5, 5, 6, 6, 6, 6]
IM-000000011550130-AP2.png ::::::::: [-2, -3]
IM-000000011387464-AP2.png ::::::::: [-3, 9, 4, -3, -2, 5, 5, 6, 5, 4, -3, -2, 4, 4, 5, 5, 3, -3, -2, 4, 3, 5, 5, 3, -3, -2, 5, 5, 5, 4]
IM-000000011379500-AP1.png ::::::::: [13, 2]
IM-000000011102001-AP1.png ::::::::: [6, 18, 3, 21, 4, 17, 4]
IM-000000011386948-AP2.png ::::::::: [-6, 1, 12, 3, 17, 3, 17, 3, 15, 4, 15, 4, 16, 4, 17, 3, 17, 3, 17, 4, 18, 3, 17, 3]
IM-000000010881208-AP1.png ::::::::: [4, 0, 2]
IM-000000011386730-AP1.png ::::::::: [16, 10, 10, 11, 10, 10, 11, 12, 13, 10, 10, 10, 11, 11, 11, 12, 12, 8, 11, 7, -8, 10, 9]
IM-000000011379780-AP1.png ::::::::: [5]
IM-000000010529107-AP1.png ::::::::: [-5, -5, 8, 15]
IM-000000010904574-AP1.png ::::::::: [8, 7, 4, 3, 3, 15, 4, 3, 5, 5, 4, 5, 4, 4, 4, 4, 4, 5, 3, 19]
IM-000000010733602-AP1.png ::::::::: [19, -11, 4, 13, -12, 4, 5, 16, 3, 1, -12, 1]
IM-000000010733573-AP1.png ::::::::: [-10, 20, 3, 15, 3, 4, 1, 11, 2, 6, 13, 6, 6, 5]
IM-000000011379973-AP1.png ::::::::: [4, 3, -10, 5, 5, 3, -10, -10, 5]
IM-000000010965479-AP3.png ::::::::: []
IM-000000011378779-AP1.png ::::::::: [8, 3]
IM-000000011379401-AP2.png ::::::::: [3, 0, -7, 23, -4, 3, 5, -10, 13, -6, 5, 9]
IM-000000011386905-AP1.png ::::::::: [-3, -10, -4, 17, 5, 6]
IM-000000011511178-AP1.png ::::::::: [6, 2, 0, 12, 2, 0]
IM-000000010890124-AP1.png ::::::::: [-5, -5, -3, 7, 2, 16, 16, 15, 2, 2, 4, 4, 3, 2, -10, 241, 1, 2, 1, 2, 0]
IM-000000011143060-AP1.png ::::::::: [5, 4, 3, 10, 7, 5, 7, 5, 10]
IM-000000011379333-AP2.png ::::::::: [13, 15, 14, 12]
IM-000000011370742-AP1.png ::::::::: [8, 7, 4, 4, 2, 13, 3, 4]
IM-000000011387105-AP1.png ::::::::: [3, -13]
IM-000000011378803-AP1.png ::::::::: [1, -5, 127]
IM-000000010865989-AP1.png ::::::::: [-8, 7, -9, -3, -1, -2, 0]
IM-000000011386934-AP2.png ::::::::: [1, 8, 2, 12, -12, 1, 11, -13, -11, 3, 13, 2, 13, 3]
IM-000000011386944-AP1.png ::::::::: [2, 28, 3, 5, 36, 17]
IM-000000011378586-AP1.png ::::::::: [8, -2, -2, -3, -3, 8, 4, 6, 17, 8, 8, 19, 4, 6, 6, 6, 22, 5, 5, 6, 5, 23, 5, 6, 6, 5, 23, 5, 6, 6, 7, 23, 3, 5, 6, 5, 23]
IM-000000010638076-AP1.png ::::::::: [11]
IM-000000010655224-AP1.png ::::::::: [8, 9, 2, 5, 4, 13, 1, 5, 19]
IM-000000011378913-AP1.png ::::::::: [13, 3, 216]
IM-000000010819088-AP6.png ::::::::: [6, 5, 5, 6, 17, 5, 1, 5, 4, 4, 14, 6, 3, 5, 17, 6, 5, 2, 4, 4, 4, 14, -10, 7, 4, 6, 17, 4, 6]
IM-000000011378631-AP1.png ::::::::: [8, -2, -1, -2, -3]
IM-000000011379338-AP1.png ::::::::: [5, 21, 8, 7, 6]
IM-000000011387010-AP1.png ::::::::: [4, 4, 5, 2, 1, -11, 4, 3, 6, 33, 5, 63, 6, 6, 7, 6]
IM-000000011379382-AP2.png ::::::::: [3, 0, -7, 24, -4, 3, 9, 14, -5, 4, 10, 15, -4, 4, 9, 14, -4, 5, 8, 11, -4, 4, 6, 13, -4, 4, 9, 13, -4, 5, 8, 12, -4, 5, 7, -10, -8, 14, 2]
IM-000000010071904-AP1.png ::::::::: [5, 17, 10, 5, 6]
IM-000000010814247-AP1.png ::::::::: [9, -11, 8, 14, 12, 8, 12, 14, 8, 13]
IM-000000011379588-AP1.png ::::::::: [-7, 19, 3, 4, 2, 0]
IM-000000011379361-AP1.png ::::::::: [9, 3, 5, 5, 4, 4, 4, 2, 3, 3, 5, 4, 4, 3, 5, 4, 6]
IM-000000011379412-AP1.png ::::::::: [14, -7, 6, 6, 11, 8, 9, 14, 7, 9]
IM-000000011249368-AP1.png ::::::::: [-8, 24, 7, 6, 7, 7, 6, 8, 7]
IM-000000011387565-AP1.png ::::::::: [5, 7, 14, -3]
IM-000000009466516-AP1.png ::::::::: [5, 2, 13, 5]
IM-000000011378898-AP1.png ::::::::: [0, 0, 10, 2]
IM-000000010662990-AP1.png ::::::::: [5, 6, -5, 5, 8]
IM-000000011378615-AP2.png ::::::::: [8, -1, -1, -2, -3, 7, 23, 4, 4, 34]
IM-000000011387521-AP2.png ::::::::: [18, -3, -3]
IM-000000011378648-AP2.png ::::::::: [6, -4, -3, -2, -2]
IM-000000011343858-AP1.png ::::::::: [6, 1, 0, 8, 1, 2]
IM-000000011379801-AP1.png ::::::::: [-7, 0, -3, 2, 21, 8, 58, 7, 120, 5, 5, 4, 4, 180]
IM-000000011379101-AP2.png ::::::::: [5, 12, 21, 5, 5, 7, 5, 23, 4, 5, 8, 23, 22, 7, 5, 7, 22, 6, 5, 6, 144]
IM-000000011253951-AP2.png ::::::::: [16, 2, 4, -3, -4, 1, 3, 29, 3, 5, -3, -2, 2, 3]
IM-000000011386923-AP1.png ::::::::: [14, 5]
IM-000000011387230-AP2.png ::::::::: [2, 64]
IM-000000010854737-AP1.png ::::::::: [7, 7, 4, 3, 2, 15, 4, 3, 5]
IM-000000010731884-AP1.png ::::::::: [6, 3, 1, 1, 0]
IM-000000011386879-AP3.png ::::::::: [-1, -4, 16, 4, 7, 4, 8]
IM-000000011387630-AP1.png ::::::::: [15, 2, 4, 9, 3, 0, 9, 1, 5, 8, 3, 2, 10, 2, 4]
IM-000000011387385-AP1.png ::::::::: [12, 3, 4, 2, 12, 12]
IM-000000011387485-AP1.png ::::::::: [-1, -4, 16, 4, 2, 4, 4, 5, 2, 2, 4, 4, 5, 4, 6, 5, 4, 4, 8]
IM-000000011254336-AP1.png ::::::::: [-3, -5, 18, 4]
IM-000000011127055-AP1.png ::::::::: [-3, 14, 174, 5]
IM-000000010859297-AP1.png ::::::::: [11, 7, 7, 6, 6, 7]
IM-000000009677502-AP1.png ::::::::: [-7, 0, 10, 10, 2, 3, 66, 7]
IM-000000011379058-AP1.png ::::::::: [13, 4, 6]
IM-000000011379262-AP2.png ::::::::: [-3, -8, -2, 31, 8, 8, 8, 9, 6, 8]
IM-000000011379334-AP1.png ::::::::: [10, -6, 6, -6, 20, -6, 6, -7, 5, 18, 5, 3, 259, 17, 4, 3]
IM-000000010854739-AP1.png ::::::::: [-11, 7, 8, 3, 2, 3, 14, 3, 3, 5]
IM-000000011379430-AP2.png ::::::::: [12, 6]
IM-000000011186418-AP1.png ::::::::: [-10, 14, 4, 4, 4, 4]
IM-000000011379369-AP1.png ::::::::: [6, 9, 6, 3, 6, 4, 6, 4]
IM-000000011284773-AP1.png ::::::::: [6, 19, 2, 4, 6, 9, 4, 5]
IM-000000010733581-AP1.png ::::::::: [-9, 19, 3, 1, 3, 15, 3, 3, 4, 15, 4, 2, -12, 1, 4, 14, -12, 4, 2, 5, 13, 4, 1, 1]
IM-000000011379595-AP1.png ::::::::: [19, 3, 3, 1, 1]
IM-000000011678625-AP1.png ::::::::: [12, 3, 4, 34, 23, 5, 7, 6, 55, 7, 8, 8, 9, 22, -11, 21, 6, 6, 7, 20, 6]
IM-000000010840195-AP1.png ::::::::: [7, 11, 10, 11, 11, 11, 10, 11, 10]
IM-000000010733591-AP1.png ::::::::: [21, 2, 2, 3, 3, 13, 4, 3, 4, 13, -11, 4, 3, 2, 13, 3, 2, -12, 1]
IM-000000011376572-AP1.png ::::::::: [10, 8, 8, 8]
IM-000000011009945-AP1.png ::::::::: [4, 5, 3, 5, 4, 3, 5, 4, 5, 4, 5, 5, 4, 5, 4, 6, 5, 6, 4, 6]
IM-000000011386858-AP1.png ::::::::: [11, 3, 16, 21, 19, 2]
IM-000000011387365-AP1.png ::::::::: [12, 5, 3, -2, 13, 17, 11, -7, 11, 14, 2, 2, 6, 4, -4, -2, 4, 11, 11, 20]
IM-000000011378588-AP2.png ::::::::: [7, -1, -2, -3, -3]
IM-000000009606437-AP5.png ::::::::: [5, 5, 7, 4, 4, 5, 37]
IM-000000009421314-AP1.png ::::::::: [5, 3, 5, 6, 6, 6, 6]
IM-000000010485223-AP1.png ::::::::: [6, 18]
IM-000000011186421-AP1.png ::::::::: [13, 5, 5, 5, 5]
IM-000000011378712-AP1.png ::::::::: [-10, 21, 13, 13, 12, 14]
IM-000000011828276-AP1.png ::::::::: [15, 6]
IM-000000011386733-AP1.png ::::::::: [16, 11, 11, 9, 9, 11, 12, 11, 13, 9, 10, 12, 11, 11, 11, 12, 11, 9, 10, 10, 11, 11]
IM-000000010666197-AP1.png ::::::::: [-4, -2, -5, 24, 3, 9]
IM-000000011254325-AP1.png ::::::::: [-1, -2, 19, 5]
IM-000000011379192-AP1.png ::::::::: [3]
IM-000000010652225-AP1.png ::::::::: [-2, -2, 5, 6, 7, 8, 6, 8]
IM-000000011386904-AP1.png ::::::::: [-3, -10, -4, 17, 4, 9, 4, 10, 3, 9, 5, 9, 4, 8, 5, 9, 4, 10, 5, 9, 5, 6]
IM-000000011333681-AP1.png ::::::::: [12, 7, 8, 8, 8, 8]
IM-000000010652238-AP1.png ::::::::: [-1, -2, 5, 7, 6, 5, -7, 8, 6, -7, 6, -10, 5, -9]
IM-000000011254323-AP1.png ::::::::: [-3, -9, -3, 19, 5]
IM-000000011101955-AP1.png ::::::::: [-4, -5, -4, -5, 8, 3, 4, 2, 5, 4, 16, 16, 14, 2, 3, 4, 5, 3, 1, -10, 193, 1, 2, 1, 3, -1]
IM-000000011686659-AP11.png ::::::::: [-3, -2, -4, -5, 5, 2, 14, 4, 7, 7, 5, 14, 2, 3, 2, 15, 5, 7, 7, 6, 15, 3, 3, 3, 4, 1, 1]
IM-000000011379333-AP1.png ::::::::: [10, 15, 14, 13, 12, 16, 14, 13, 11, -9, 14, 11]
IM-000000011379443-AP6.png ::::::::: [4, 6, 26, 3, 6, 6, -11, 5, 7, 9, 3, 5, 8, 3, 6]
IM-000000011101911-AP1.png ::::::::: [11, 7, 9, 6, -9, 9, 8]
IM-000000011523182-AP1.png ::::::::: [-3, -2, -4, -6, 4, 4, 6, 5, 27, 3, 3, 4, 4]
IM-000000011741699-AP1.png ::::::::: [5, 4, 2, 2]
IM-000000011378984-AP1.png ::::::::: [10, 3, 16, 20, 21, -8, 23, 2, 9, -7, 3, 8, 3, 9, 1, 9, -7, 3, 10, 2, 9, -8, 3, 11, -7, 5, 12]
IM-000000011379440-AP5.png ::::::::: [10, 8, 7, 7, 5, 8, 9]
IM-000000011379373-AP1.png ::::::::: [-9, 2, -1, -8, 25, -5, 4, 10, 13, -4, 5, 10, 13, -6, 4, 9, 12, -5, 3, 9, 15, -4, 4, 8, 14, 5, 8]
IM-000000011285439-AP1.png ::::::::: [10, 0]
IM-000000011143059-AP1.png ::::::::: [6, 4, 5, 10, 6, 7, 12]
IM-000000011583836-AP1.png ::::::::: [5, 1, 11, 2, 1, 10, 0, 10, 0, 10, 2, 10, -1, -11]
IM-000000011685260-AP1.png ::::::::: [6, 6, 16, 4, -11, 3]
IM-000000011386904-AP2.png ::::::::: [-3]
IM-000000010731886-AP1.png ::::::::: [5, 1, 1, 1, 9, 0, 1, 2, 1, 11, 0, 0, 1, 1]
IM-000000009479483-AP2.png ::::::::: [2, 1, 6, 5]
IM-000000011143058-AP1.png ::::::::: [6, 4, 4, 9, 5, 4, 6, 7, 6, 10]
IM-000000010301545-AP2.png ::::::::: [2, 5, 4, 24, 5, 14, 5, 4, 16, 4]
IM-000000010534569-AP1.png ::::::::: [-7, -4, -7, 8, 7]
IM-000000010881253-AP1.png ::::::::: [-1, 0, 9, 1]
IM-000000011379343-AP1.png ::::::::: [9, -6, 388, 15, 6, 4]
IM-000000011249371-AP1.png ::::::::: [-9, 21, 8, 6, 9]
IM-000000011186251-AP1.png ::::::::: [8, 8, 4, 5, 3, 16, 4, 4, 18, 8, 4, 4, 3, 14, 0, 2]
IM-000000010638217-AP1.png ::::::::: [8, 10]
IM-000000010865965-AP1.png ::::::::: [12, 3, 3, 4, 4]
IM-000000011380030-AP1.png ::::::::: [3, -1, 16, 3, 4, 2]
IM-000000011249374-AP1.png ::::::::: [4]
IM-000000011386943-AP1.png ::::::::: [2, 27, 3, 36]
IM-000000011387354-AP1.png ::::::::: [12]
IM-000000011378884-AP1.png ::::::::: [3, -2, 19, 2, 5, 2]
IM-000000011378956-AP1.png ::::::::: [3, 6, 5, 5, 6, 3, 4, 4, 4, 5, 5, 4, 1, 5, 5, 5, 5, 5, 5, 5, 5, 5]
IM-000000011322085-AP1.png ::::::::: [7, 1, 3, 8, 1, 1, 7, 1, 3]
IM-000000010865961-AP1.png ::::::::: [13, 4, 3, 3]
IM-000000010712583-AP1.png ::::::::: [13, -5]
IM-000000011379837-AP1.png ::::::::: [4, 3, 3, 1, 14, 3]
IM-000000011344106-AP1.png ::::::::: [-10, 11, 7, 8, 8, 6, 7, 7, 7, 7, 7, 7, 7, 7, 8, 7, 6, 6, 7, 6, 6, 7]
IM-000000010768804-AP1.png ::::::::: [17, 8, 6]
IM-000000010865958-AP1.png ::::::::: [12, -8, 3, 3, 3, 4]
IM-000000011379805-AP3.png ::::::::: [5, -9, 0, 3, 62, 4, 5, 3, 4, 374]
IM-000000010881247-AP1.png ::::::::: [3, 11]
IM-000000011378606-AP3.png ::::::::: [7, -2, -3, -3, -3]
IM-000000011367584-AP1.png ::::::::: [8, 10, -8, 11, 10, 10, 11, 11, 10, 11]
IM-000000011387369-AP1.png ::::::::: [5, 16]
IM-000000009411514-AP1.png ::::::::: [5, 3, 6, 5, 7, 7, 6]
IM-000000011379836-AP1.png ::::::::: [4, 4, 1, 11, 3, 3, 3, 13, 3, 13, 4, 14, 3, 13, 4, 15, 4]
IM-000000010676246-AP1.png ::::::::: [11, -8, 1, 2, 1, 0]
IM-000000011386966-AP1.png ::::::::: [11, 3, 15, -8, 23, 21, 1]
IM-000000011379453-AP2.png ::::::::: [-14, 2, 27, 9, 11]
IM-000000010965479-AP2.png ::::::::: [8, 7, 4, 3, 4, 4, 14, 0, 3, 2, 5, 4, 4, 4, 18, 48, 8, 3, 1, 4, 5, 13, 1, 1, 3, 6, 5, 4, 5, 19]
IM-000000010772103-AP1.png ::::::::: [8, 9, 4, 3, 14, 4, 5]
IM-000000011190599-AP1.png ::::::::: [-3, -6, 11, 7, 7, -8, 6, 9, 8, -3, -4]
IM-000000011379419-AP2.png ::::::::: [-5, 0, -4, 2, 62, 5, 4, 4, 4, -11, 372]
IM-000000011387282-AP1.png ::::::::: [10, 4, 15, 21, 2, 10, 4]
IM-000000011379443-AP9.png ::::::::: [5, 6, 24, 3, 7, 5, 7, 5, 7, 9, 4, 7, 8, 3, 7]
IM-000000009480622-AP1.png ::::::::: [10, 3, 17, 4]
IM-000000011387445-AP1.png ::::::::: [-4, 9, 4, -3, 17, -3, -2, 6, 5]
IM-000000009433102-AP1.png ::::::::: [7, 7, 4, 6]
IM-000000011379657-AP1.png ::::::::: [16, 5, 2, 6, 5, 5, 4, 4, -10, 5, 4, 20]
IM-000000011378804-AP20.png ::::::::: [-3, -2, -3, -5, 16, 5, 6, 4, 3, 18, 3, 6, 4, 16, 5, 4, 4, 4, 16, 4, 7, 3, 15, 5, 5, 3, 3]
IM-000000011379470-AP1.png ::::::::: [-4, -6, -3, 9, -12, 7, 7, 7, 7, 8, 8, 6, 7, 8, -10, -28, -9]
IM-000000011378667-AP1.png ::::::::: [3, 0]
IM-000000011254332-AP1.png ::::::::: [-1, -3, 19, 4]
IM-000000010865975-AP1.png ::::::::: [12, -9, 2, 2, 2]
IM-000000009418599-AP1.png ::::::::: [6, 3, 4, 6, 4, 7, 6]
IM-000000010712587-AP1.png ::::::::: [14, -5]
IM-000000011386871-AP1.png ::::::::: [-2, -5, 17, 5, 7]
IM-000000011098840-AP2.png ::::::::: [2, 14, 3, 2, 5, 4, 4, 3, 4, 4, 4, 4, 3, 4, 4, 3, 3, 3, 4, 3, 3, 3]
IM-000000010929702-AP1.png ::::::::: [-4, -3, -3, -5, 8, 3, 4, 2, 4, 2, 3, -1, 3, 15, 17, 13, 2, 2, 4, 4, 4, 171, 1, 1, 0, 1, 1]
IM-000000011369972-AP1.png ::::::::: [16, 5]
IM-000000010843146-AP1.png ::::::::: [8, 8, 3, 3, 3, 14, 3, 2, 3, 3, 4, 5, 4, 19]
IM-000000011186271-AP1.png ::::::::: [15, 6, 7, 5, 14, 2]
IM-000000011386922-AP1.png ::::::::: [14, 4]
IM-000000011387163-AP1.png ::::::::: [10, 3, 14, 22, 20, -7, 3, 11]
IM-000000011387384-AP2.png ::::::::: [21]
IM-000000010585549-AP1.png ::::::::: [9, 8, 7, 7, 7, 7, 8, 8, 7, 6]
IM-000000011379120-AP1.png ::::::::: [0, 0, 10, 2]
IM-000000010772396-AP1.png ::::::::: [-6, -6, 10, 7, 8, -8, 6, 6]
IM-000000010662988-AP1.png ::::::::: [5, 6, 4, 8]
IM-000000011378804-AP22.png ::::::::: [-3, -2, -3, 5, 3, 5, 4, 5, 16, 3, 7, 4, 15, -63, -62, 4, 5, 17, 3, 6, 4, 15, 6, 5, 3, 5]
IM-000000011386948-AP1.png ::::::::: [3, 26, 3, 16, 4, 16, 3, 17, 4, 16, -3, 4, 16, 5, 17, 4, 4, 16, 3, 17, 4, 4, 15, 4]
IM-000000011379149-AP1.png ::::::::: [10, 4, 2, 0, 13, 3, 4]
IM-000000011186251-AP2.png ::::::::: []
IM-000000011143056-AP1.png ::::::::: [5, 5, 5, 9, 4, -12, 6, 6, 7, 10, 20, 7, 6, 8, 8, 13]
IM-000000009436489-AP1.png ::::::::: [14, 9, 26, 55, 26]
IM-000000010772567-AP1.png ::::::::: [5, 7, 4, 5, 2, 2, 12, 4, 4, 18]
IM-000000011378639-AP1.png ::::::::: [8, -1, -2, -2, -3, 8, 3, 6, 7, 18, 8, 7, 19, 2, 19, -9, 6, 22, 4, 20, 3, 22, 6, 23, 3]
IM-000000010755800-AP2.png ::::::::: [7, -1, -2, -2, -3, 8, 17, 5]
IM-000000011369019-AP39.png ::::::::: [13, 4, 4, 4, 4]
IM-000000011249355-AP1.png ::::::::: [8, 7, 5, 17, 2, 3]
IM-000000011379276-AP2.png ::::::::: [5, -5, 0, -3, 3, 62, 3, 3, 4, 4, 374]
IM-000000010663073-AP1.png ::::::::: [6, 3, 1, 13, 1, 1]
IM-000000011677806-AP1.png ::::::::: [19, 7, 12, 7, 14, 6, 14, 7]
IM-000000011379530-AP1.png ::::::::: [3, 5, 3]
IM-000000011379972-AP1.png ::::::::: [4, 5]
IM-000000010676276-AP1.png ::::::::: [10, 0, 1, 1]
IM-000000011101899-AP1.png ::::::::: [9, 8, 2, 3, 4, 13, 3, 5]
IM-000000010733603-AP1.png ::::::::: [20, 3, 3, 3, 5, 15, 3, 15, 3, 5, 2, 11, 2, 5, 14, 2, 1, 1]
IM-000000011369019-AP2.png ::::::::: [13, 4, 4, 4, 4]
IM-000000011386671-AP2.png ::::::::: [6, 0, -1, -10, -7, -5, -4, -5, -7, -4, -3, -1, 6, 3, 15, 6, 7, 14, 4, 5, 15, 4, 7, 15, 4, 6, 15, 4, 3, -6, 15, 5, 4, 16, 6, 5, 16, 6, 6]
IM-000000011459575-AP11.png ::::::::: [-3, -4, -5, -4, 5, 3, 13, 2, 12, 3, 6, 4, 15, 2, 14, 4]
IM-000000011387583-AP1.png ::::::::: [-8, 10, 3]
IM-000000011367517-AP1.png ::::::::: [9, 6]
IM-000000011378874-AP1.png ::::::::: [11, 21, -7, 21]
IM-000000011686659-AP12.png ::::::::: [-4, -2, -4, -5, 3, 13, -9, 5, 9, 5, 5, 14, 3, 3, -125, -69, 3, 3, 15, 4, 8, 7, 4, 15, 0, 2, 3]
IM-000000010865935-AP1.png ::::::::: [12, 4, 5, 4, 4]
IM-000000011249352-AP1.png ::::::::: [-10, 12, 7, 8]
IM-000000011186273-AP1.png ::::::::: [15, 7, 13, 0]
IM-000000010948372-AP1.png ::::::::: [-4, -3, -3, -2, 6, -9, 3, 4, 15, 15, 15, 3, 0, 4, 4, 4, 2, 1, 5, 4, 4, 2, 4, 159, 2, 1, 0, 3, 2]
IM-000000011379204-AP1.png ::::::::: [11, 3, 9, 3, 16, 20, 2, 9, -7, 3, 8, -8, 3, 9, 3, 12, 3]
IM-000000011386879-AP1.png ::::::::: [-4, -9, -3, 17, 5, 9, 5, 8, 4, 9, 3, 9, 5, 9, 6, 9, 4, 10, 4, 7, 3, 9, 5, 6, 4, 8, 5]
IM-000000010965551-AP1.png ::::::::: [-7, 3, -8, -7, -2, 0, -1]
IM-000000010652229-AP1.png ::::::::: [-1, -1, 5, -7, 8, 7, 6, -7, 7, -6, 6, 7]
IM-000000011378804-AP17.png ::::::::: [-3, -2, -3, -6, 5, 4, 6, 5, 16, 4, 5, 4, 5, 17, 5, 7, 4, 15, 4, -109, -81, 2, 13, -9, 4, 8, 3, 15]
IM-000000010952149-AP1.png ::::::::: [8, 9, 3, 16, 2, 4, 20, 8, 18, 3, 5]
IM-000000011378619-AP1.png ::::::::: [6, -3, -2, -3, -3, 7, 6, 6, 17, 8, 7, 19, 3, 5, 24, 4, 5, 23, 4, 5, 22, 4, 5, 22, 3, 6, 21, 3, 7, 20, 4, 5, 22, 5]
IM-000000011286384-AP1.png ::::::::: [13, 5, 4, 5, 4]
IM-000000011379456-AP4.png ::::::::: [4, 5, 5, 3]
IM-000000011796877-AP1.png ::::::::: [1, -9, 548]
IM-000000011379263-AP1.png ::::::::: [-3, -4, 17, 4, 8]
IM-000000011378611-AP4.png ::::::::: [-3, -3, -3, -3, 8, 5, 23, 4, 5, 6, 6, 24, 4, 4, 6, 5, 23, 4, -6, 6, 7, 5, 22, 3, 3, 4, 6, 23, 4, 4, 6, 5, 35]
IM-000000010842434-AP1.png ::::::::: [13]
IM-000000011102079-AP1.png ::::::::: [12, 7, 8, 8, 7, 6, 7, 7, 7]
IM-000000011794225-AP1.png ::::::::: [8, -2, -2, -2, -3]
IM-000000011378593-AP1.png ::::::::: [7, -1, -2, -4, -4, 8, 6, 6, 5, 18, 8, 9, 19, 4]
IM-000000011310221-AP1.png ::::::::: [0, 15, 14, 15, 12, 110, 4, 366]
IM-000000011386715-AP1.png ::::::::: [13, -1, -5, 12, -4, -3, 11, -5, -2, 12, -2]
IM-000000011387232-AP1.png ::::::::: [-2, -4, 15, 3, 4, 10, 3, 3]
IM-000000010832526-AP1.png ::::::::: [10, 7, 9, 8, 8, 7, 7]
IM-000000011386881-AP2.png ::::::::: [-3, -10, -4, 17, 4, 7, 4, 8, 4, 8, 4, 9, 4, 9, 3, 9, 5, 10, 5, 8, 5, 6]
IM-000000010679224-AP1.png ::::::::: [4, 2, 1, 2]
IM-000000011379508-AP1.png ::::::::: [13, 5, 6]
IM-000000011387155-AP1.png ::::::::: [11, 3, 9, -7, 4, 10, 1, 9, 3, 8, -8, 4, 11, 3, 12, 3, 12, 3]
IM-000000011386728-AP1.png ::::::::: [11, 3, 11, 3, 15, 21, -7, 23, 3]
IM-000000011386739-AP1.png ::::::::: [16, 7, 11, 13, 8, 10, 12, 12, 11, 10, 12, 12, 11, 11, 13, 12, 12, 9, 11, 9, -7, 9, 10]
IM-000000011064237-AP1.png ::::::::: [-4, -2, -5, 22, 5, 8, -9, 16, -10, 3, 7, -11, -8, 5, 8, 17, 15, 4, 10, 4, 9, 3, 10, 14, -10, 14]
IM-000000011102691-AP1.png ::::::::: [-12, 8, 8, 17, 3, 3, 5, 4, 4, 5, 4, 4, 4, 4]
IM-000000011379685-AP1.png ::::::::: [7]
IM-000000011379440-AP7.png ::::::::: [9, 8, 7, 8, 7, 9, 8]
IM-000000011379440-AP2.png ::::::::: [9, 7, -11, 8, 6, 10, 6, 10, 4, 11, 9]
IM-000000011310474-AP18.png ::::::::: [19, 5, 6, 5, 5, 4, 5, 6, 5, 6, 6, 6, 6, 5, 6, 6, 5, 7, 7]
IM-000000011387317-AP1.png ::::::::: [18, 4, 6, 6, 5]
IM-000000010809068-AP4.png ::::::::: [10, -7, 1, 0, 0, 1]
IM-000000011379309-AP1.png ::::::::: [10, 3, 16, 21, 22, -7, 3, 12]
IM-000000011186432-AP1.png ::::::::: [13, 4, 5, 3]
IM-000000011378578-AP1.png ::::::::: [7, -3, -2, -2, -2]
IM-000000010842922-AP1.png ::::::::: [-4, -4, -3, 7, -9, 4, 3, 4, 4, 15, 16, 14, 2, 0, 4, 5, 4, 1, -11, 205, 2, -1, 0, 2, 1]
IM-000000011143055-AP1.png ::::::::: [6, 5, 4, 8, 6, 8, 11]
IM-000000011598501-AP1.png ::::::::: [-5, -1, 3, 4, 2, 352]
IM-000000011387279-AP1.png ::::::::: [11, -9, -1, 0, 3, 1, 1]
IM-000000011386696-AP2.png ::::::::: [-3, 10, 5, -3, -2, 5, 5, 6, 5, 4, -3, -2, 4, 5, 5, 5]
IM-000000011201057-AP1.png ::::::::: [2, 15, 2, 4, 3, 3, 3, 3, 4, 3, 4, 3, 4]
IM-000000011378635-AP2.png ::::::::: [7, -3, -1, -2, -3]
IM-000000011387399-AP1.png ::::::::: [7, 1, 13, 5, 3]
IM-000000011379481-AP1.png ::::::::: [-12, 4, 28, 4, 4, 2, 7, 15]
IM-000000011386898-AP1.png ::::::::: [-2, -5, 16, 5, 7]
IM-000000011387483-AP1.png ::::::::: [-1, -5, 16, 3, 1, 4, 5, 6, 3, 3, 3, 3, 4, 4, 4, 5, 5, 4, 4, 5]
IM-000000011379799-AP1.png ::::::::: [-6, 0, -3, 3, 19, 9, 59, 6, 34, 9, 59, 1, -3, 3, 197]
IM-000000011127054-AP1.png ::::::::: [-1, 14, 15, 14, 14, 13, 86, 4, 365]
IM-000000011459575-AP5.png ::::::::: [-3, -2, -3, -5, 4, 3, 8, 5, 14, 3, 3, 14, 3, 7, -49, -54, 1, 2, 13, 3, 8, 3, 15, 3, 1, 15]
IM-000000010473802-AP1.png ::::::::: [4, 4, 4, 7]
IM-000000010865976-AP1.png ::::::::: [-10, 12, 3, 1, 3, 2, 3]
IM-000000011387035-AP2.png ::::::::: [1, -11, 3, 18, 4, 19, 3, 17, -11, 4, 19, 4, 3, 30, 5, 32, -10, 3]
IM-000000011379916-AP1.png ::::::::: [13, 5, 4, 5, 5, 357, -10]
IM-000000011387188-AP1.png ::::::::: [7, 9, 8, 7, 8, 24, 25, 20]
IM-000000011379818-AP2.png ::::::::: [-11, -1, 2, 19, 7, 60, 3, 0, 31, 9, 58, 7, 34, 10, 58, 8, 32, 20]
IM-000000010288286-AP1.png ::::::::: [-2, -3, 12]
IM-000000010831843-AP5.png ::::::::: [11, 7, 7, 8, 8, 8, 8, 8, 9, 8, 8, 8, 8, 9, 9, 9, 8, 8, 8, 8, 8, 9, 8, 8]
IM-000000011379353-AP1.png ::::::::: [1, 14, 14]
IM-000000010652236-AP1.png ::::::::: [-1, -2, 4, 6, 7, 7, 5]
IM-000000010831546-AP1.png ::::::::: [-9, 11, 0, 2, 2]
IM-000000010579474-AP2.png ::::::::: [0, 32, 32, 40, 6, 4, 4, 15, 5, 4, 3, 17, 1, 3]
IM-000000011386731-AP1.png ::::::::: [15, 9, 11, 11, 9, 11, 10, 13, 10, 10, 11, 9, -8, 11, 10, 11, 11, 11, 10, 11, 9, 10, 11]
IM-000000011101917-AP1.png ::::::::: [9, 9, 2, 4, 3, 13, 3, 4, 18]
IM-000000011513089-AP1.png ::::::::: [10, 4, 4, 4, 4, 4, 4, 5, 5]
IM-000000010708248-AP1.png ::::::::: [8, 7, 3, 5, 13, 3, 5]
IM-000000009428244-AP1.png ::::::::: [14, 11, 27]
IM-000000011386927-AP1.png ::::::::: [-5, 0, 9, 11, 2, 14, 3, 12, 3, 11, -11, 3, 12, -10, 2, 12, 2, 5, 14, 1, 5, 14, -10, 1, 13, 2, 13, -10, 3, 3, 13, 2]
IM-000000010741418-AP1.png ::::::::: [4, 3, 1, 2, 4, 3, 1, 1, 4, 2, 2, 2, 7, 3, 2, 3]
IM-000000011322047-AP1.png ::::::::: [7, 8, 3, 4, 5, 14, 5, 3, 4, 4]
IM-000000009793863-AP1.png ::::::::: [4, 19, 18, 5, 4, 4, 8, 3, 4]
IM-000000009930263-AP2.png ::::::::: [8, 2, 2, 1, 4, 3, 3, 3, 3, 2, 1, 2, 3, 3, 2, 3, 4, 4]
IM-000000010881232-AP1.png ::::::::: [4, 2, 2, 12, 2, 2]
IM-000000010901645-AP1.png ::::::::: [-4, -4, -3, 8, 2, 3, 4, 4, 15, 16, 14, 2, 0, 4, 3, 3, 2, 0, -7, 196, 2, -1, 0, 2, 1]
IM-000000011186378-AP1.png ::::::::: [14, 5, 4, 3, 4]
IM-000000011378608-AP1.png ::::::::: [7, -1, -1, -3, -4]
IM-000000010731885-AP1.png ::::::::: [5, 2, 2]
IM-000000011387035-AP1.png ::::::::: [3, 5, 3, 16, 4, 18, 3, 4, 15, -10, 3, 16, -10, 4, 19, 5, 3, 31, 5]
IM-000000011379424-AP2.png ::::::::: [2, 23, 4]
IM-000000011387644-AP1.png ::::::::: [-4, -4, 23, 11]
IM-000000010733588-AP1.png ::::::::: [-10, 21, 3, 1, 2, 14, 4, 6, 2, 13, 4, 6, 2]
IM-000000009457732-AP1.png ::::::::: [23, 5, 25, 6, 25, 5, 25, 5, 26, 6]
IM-000000011386760-AP1.png ::::::::: [38, -3, -3, 34, 37]
IM-000000011269479-AP1.png ::::::::: [4, 13, 6, 12, 14, 13, 13, 12, 11, 13, 14, 14, 12, 13, 13, 12, 13, 5, 14]
IM-000000011386720-AP1.png ::::::::: [19, 7, 4]
IM-000000011379278-AP2.png ::::::::: [8, 12, 6, 4, 5, 5, 4, 5, 7, 6, 12, 4, 4, 4, 6, 5, 6, 8, 12, 6, 5, 4, 5, 5, 5, 6, 9, 12, 6, 5, 5, 4, 6, 4, 6, 9, 12, 5, 4, 5, 3, 5, 6]
IM-000000011379715-AP2.png ::::::::: [13, 3, 8, 10, 6]
IM-000000011387123-AP1.png ::::::::: [4, 8, -9, 24, 25]
IM-000000010663061-AP1.png ::::::::: [6, 3, 1, 13, 1, 1]
IM-000000011378649-AP2.png ::::::::: [-2, -3, -1, -3]
IM-000000011379623-AP1.png ::::::::: [15, 8, 6, 7]
IM-000000011379554-AP1.png ::::::::: [8, 6, 9, 17, 5, 8, 16, 7, 6, 6]
IM-000000011387345-AP1.png ::::::::: [0, 0, 21, 3]
IM-000000011386693-AP1.png ::::::::: [-3, 10, 5, -4, -2, 5]
IM-000000011379198-AP1.png ::::::::: [5]
IM-000000011379016-AP1.png ::::::::: [14, 4, 5]
IM-000000011500982-AP1.png ::::::::: [3, 5, 4, 5, 7, 5, 5, 7]
IM-000000010865953-AP1.png ::::::::: [12, 4, 3, 4, 4]
IM-000000011379668-AP1.png ::::::::: [9]
IM-000000010952151-AP2.png ::::::::: [9, 8, 4, 2, 3, 14, -1, 1, 4, 3, 4, 17, 45, 9, 3, 4, 2, 14, 4, 3, 4, 1, 3, 16]
IM-000000010756064-AP1.png ::::::::: [11, 8, 6, 7]
IM-000000011667222-AP1.png ::::::::: [4, 1, 9, 2, 450]
IM-000000011379382-AP3.png ::::::::: [2, 0, -6, 18, 13, -5, 3, 9, 14, -5, 2, 8, 12, -4, 5, 9, 13, -4, 4, 8, -10]
IM-000000011386959-AP1.png ::::::::: [2, 4, 1, 18, 2, 3, 30, 2, 18, 5, 19, 5, 21, 3, 18, 6]
IM-000000011459575-AP4.png ::::::::: [-5, -3, -3, -5, 3, 3, 7, 4, 15, 3, 2, 14, 3, 6, 4, -45, -45, 2, 15, 3, 6, 4, 14, 4, 4]
IM-000000011379381-AP1.png ::::::::: [3, 1, 23, -6, 4, 7, -9]
IM-000000011387374-AP1.png ::::::::: [21, -8, 102, 8]
IM-000000011387413-AP1.png ::::::::: [10, 3, 16, 20, 22, 1, 8, 21, 2, 8, -7, 3, 10, -7, 4, 15, 2, 16, 4]
IM-000000009411510-AP3.png ::::::::: [5, 7, 6, 6, 6, 4, 4]
IM-000000011387362-AP1.png ::::::::: [12]
IM-000000011333685-AP1.png ::::::::: [10, 7, 8, 8, 7, 6, 8, 8, 5]
IM-000000009423673-AP1.png ::::::::: [3, 2, 14, 3]
IM-000000011386960-AP1.png ::::::::: [10, 3, 16, 21, 2, 9, 1, 9, -7, 4, 15, 3, 16, 1]
IM-000000011379109-AP1.png ::::::::: [15, 8, 7, 9, 7, 8, 10]
IM-000000011387606-AP1.png ::::::::: [5, 15, 4, 4, 4, 4]
IM-000000011379814-AP2.png ::::::::: [-6, -1, -4, 4, 17, 33, 10, 60, 6, 33, 9, 60, 7, 172]
IM-000000011435888-AP1.png ::::::::: [1, 548]
IM-000000011379589-AP1.png ::::::::: [12, 17, 3, 1, 1, 3]
IM-000000010652233-AP1.png ::::::::: [-3, -2, 4, 5, -10, 6]
IM-000000010963995-AP1.png ::::::::: [12, 5, 6, 5]
IM-000000009411514-AP2.png ::::::::: [4]
IM-000000011369019-AP27.png ::::::::: [13, 4, 4, 5]
IM-000000011378710-AP1.png ::::::::: [-10, 20, 12, 12]
IM-000000011387240-AP1.png ::::::::: [11, 3, 8, 2, 8, 2, 15, -7, 23, 21, 0, 9, 20, 2, 9, -7, 3, 10]
IM-000000011379561-AP1.png ::::::::: [12, 14, 61, 7, 31, 9, 8]
IM-000000010663071-AP1.png ::::::::: [5, 0]
IM-000000011548113-AP1.png ::::::::: [-2, -4, 25, 24, 23, 23, 23, 23, 22, 22, 24]
IM-000000011378644-AP1.png ::::::::: [-3, -2, -1, -4, 8, 7, 5, 17, 8, 8, 19, 5, 21, -8, 6]
IM-000000010756067-AP1.png ::::::::: [10, 8, 7, 7, 8, 8]
IM-000000011378579-AP2.png ::::::::: [6, -3, -2, -2, -2]
IM-000000011379952-AP1.png ::::::::: [13, 5, 4, 4, 5, 4, 5, 5, 5, 4, 4, 3, 5, 4, 4, 4, 19]
IM-000000011386921-AP1.png ::::::::: [14, 6]
IM-000000011343859-AP1.png ::::::::: [7, 1, -1]
IM-000000011249351-AP1.png ::::::::: [9, 7, 7]
IM-000000011857053-AP1.png ::::::::: [7, 10, 11, 10, -7, 10, 9, 10, 8, 10]
IM-000000011379522-AP1.png ::::::::: [12, 4]
IM-000000009564047-AP1.png ::::::::: [1, 4, 32, 4, 4]
IM-000000011387473-AP1.png ::::::::: [-3, 10, 5, -5, -3, 5, 3, 4, 4, 2, -3, -2, 5, 2, 5, 5]
IM-000000011378804-AP15.png ::::::::: [-3, -2, -3, -6, -7, 4, 3, 7, 2, 16, 3, 4, 4, 4, 16, 2, 6, 1, 15, 6, 5, 5, 1, 15, 2, 6, 3, 13]
IM-000000010733569-AP1.png ::::::::: [21, 3, 5, 4, 13, 3, 16, 4, 15, 3, 5, 2, 3, 16, 5, 5, 5]
IM-000000011387376-AP1.png ::::::::: [3, 4, 5, 5, 2, 6, 5, 6]
IM-000000011186395-AP1.png ::::::::: [13, 5, 5, 4, 4]
IM-000000010756065-AP1.png ::::::::: [10, 9, 8, 8]
IM-000000011387161-AP1.png ::::::::: [9, 3]
IM-000000011143054-AP1.png ::::::::: [6, 2, 3, 10, 7, 6, 6, 11]
IM-000000011200858-AP1.png ::::::::: [10, 14, 13, 13]
IM-000000011379256-AP1.png ::::::::: [4, 3, 3, 3, 5, 3, 4, 3, 4, 2]
IM-000000011386972-AP1.png ::::::::: [10, 3, 14, 22, 21, 2, 9, 20, 3, 10, 3, 10, 2, 9, 2, 11, -7, 4, 15, 3, 16]
IM-000000011379650-AP2.png ::::::::: [1, 5, 7, 4, 4, 4, 6, 4, 3, 4, 5, 4, 4, 4, 5, 5, 4, 3, 5, 6, 4, 5, 5, 6, 5, 4, 4, 5, 5, 5, 6, 6, 5, 5, 4, 6, 4, 4, 5, 6, 6, 4, 4, 4, 4, 5, 4, 5, 4, 6, 5, 4, 6]
IM-000000011379909-AP1.png ::::::::: [13, 4, 4, 4, 5, 5, 4, 3, 316, -11]
IM-000000009457731-AP1.png ::::::::: [24, 4]
IM-000000011379196-AP1.png ::::::::: [3]
IM-000000011143056-AP2.png ::::::::: [5, 4, 4, 10, 6, 5, 5, 2, 4, 11, 19, 6, 8, 6, 7, 4, 7, 10, 19, 5, 7, 8, 7, 7, 13, 18, 7, 6, 8, 7, 7, 12]
IM-000000011379574-AP1.png ::::::::: [9, 11, 5, 8, 9, 10, 6]
IM-000000011188933-AP1.png ::::::::: [9, 10, 11]
IM-000000010759568-AP1.png ::::::::: [23, -12, 7]
IM-000000011802745-AP1.png ::::::::: [10, 6, 8, 7]
IM-000000010652231-AP1.png ::::::::: [-1, -1, 4, 6, 7, 5, -7, 5, 6, 6]
IM-000000011191756-AP1.png ::::::::: [4, 14, 6, 12, 12, 11, 12, 5, 13, 11, 4]
IM-000000010557088-AP1.png ::::::::: [7, 7, 7, 6, 8, 8, 7, 6, 9, 8]
IM-000000011387111-AP1.png ::::::::: [3, -13, -13]
IM-000000010733583-AP1.png ::::::::: [21, 3, 2, 3, 15, 4, 15, 2, 14, 4, 6]
IM-000000011387418-AP1.png ::::::::: [-12, 12, 2, 3, -3, 12, 13, 5, 3, -6, 5, 10, 13, 3, 3, -6, 7, 13, 13, 4, 4, -5, 6, 12]
IM-000000010617010-AP1.png ::::::::: [-5, -6, 17, 4, 4, 4]
IM-000000011186404-AP1.png ::::::::: [13, 4, 4, 3]
IM-000000010579474-AP1.png ::::::::: [-1, 32, 8, 6, 6, 6, 7, 7, 8, 6, 8, 8, 7, 6, 7, 8, 7, 6, 7, 7, 7, 5, 7, 7, 7, 17]
IM-000000011188934-AP1.png ::::::::: [9]
IM-000000011343294-AP2.png ::::::::: [-5, -4, 4, -3, -4, 5, -4, -4, 4, -3, -3, 4, -3, -4, 4, 2, 2, 5, -4, -4]
IM-000000010529633-AP1.png ::::::::: [12, 7, 5, 6, 6, 6, 5, 6, 5, 5, 6, 5, 5, 5]
IM-000000010892936-AP1.png ::::::::: [10, 2, 3, 3, 1, 4, 3, 4, 2, 0, 17, 2, 2, 2, 2, 52, -11, 6, -10, 9, 13, 2, 3, 2, 2, 52, -10, 6, -10, 9, 14, 3, 3, 2, 55, -10, 7, -9, 10, 32]
IM-000000011378661-AP1.png ::::::::: [7, -2, 0, -2, -2]
IM-000000011379461-AP16.png ::::::::: [1, 1, 23, -5, 4, 8]
IM-000000010865955-AP1.png ::::::::: [11, 4, 4, 5, 4]
IM-000000011387673-AP1.png ::::::::: [-8, -3, -3, 12, 279]
IM-000000011378814-AP2.png ::::::::: [-3, -4, 4, -2, -4, 5, 1, -1, 4, -2, -6, 5, -4, -4, 5, -2, -3]
IM-000000011310368-AP1.png ::::::::: [8, 8, 3, 4, 3, 16, 4, 5]
IM-000000011379366-AP1.png ::::::::: [3, 2, 3, 6, 6, 0, -13, -11, 6, 6]
IM-000000011379642-AP1.png ::::::::: [13, 3, 8]
IM-000000011459351-AP1.png ::::::::: [16, 4, 4, 14, -1, 4]
IM-000000011379891-AP1.png ::::::::: [14, 5, 6, 3, 5, 358]
IM-000000011286382-AP1.png ::::::::: [-11, 14, 5, 4, 4]
IM-000000011379818-AP3.png ::::::::: [-5, 0, -5, 4, 22, 60, 9, 33, 8, 59, 8, 34, 10, 61, 8, 34, 9, 26]
IM-000000011379754-AP1.png ::::::::: [3]
IM-000000011378600-AP1.png ::::::::: [8, -2, -3, -2, -3, 8, 4, 6, 16, 8, 8, 19, 4, 24, 6, 22, 6, 22, 4, 23, 3, 22, 3, 22, 5, 22, 5, 21, 5, 33]
IM-000000011379222-AP1.png ::::::::: [7, 5]
IM-000000011379823-AP1.png ::::::::: [10, -4, -5, 7, 11, -5, -4, 8]
IM-000000011379445-AP6.png ::::::::: [3, -12, 6, 24, 3, 6]
IM-000000011379510-AP1.png ::::::::: [6, 19, 4, 5, 5, 4, 5, 5, 6, 6, 6, 6]
IM-000000011550130-AP2.png ::::::::: [-2, -3]
IM-000000011387464-AP2.png ::::::::: [-3, 9, 4, -3, -2, 5, 5, 6, 5, 4, -3, -2, 4, 4, 5, 5, 3, -3, -2, 4, 3, 5, 5, 3, -3, -2, 5, 5, 5, 4]
IM-000000011379500-AP1.png ::::::::: [13, 2]
IM-000000011102001-AP1.png ::::::::: [6, 18, 3, 21, 4, 17, 4]
IM-000000011386948-AP2.png ::::::::: [-6, 1, 12, 3, 17, 3, 17, 3, 15, 4, 15, 4, 16, 4, 17, 3, 17, 3, 17, 4, 18, 3, 17, 3]
IM-000000010881208-AP1.png ::::::::: [4, 0, 2]
IM-000000011386730-AP1.png ::::::::: [16, 10, 10, 11, 10, 10, 11, 12, 13, 10, 10, 10, 11, 11, 11, 12, 12, 8, 11, 7, -8, 10, 9]
IM-000000011379780-AP1.png ::::::::: [5]
IM-000000010529107-AP1.png ::::::::: [-5, -5, 8, 15]
IM-000000010904574-AP1.png ::::::::: [8, 7, 4, 3, 3, 15, 4, 3, 5, 5, 4, 5, 4, 4, 4, 4, 4, 5, 3, 19]
IM-000000010733602-AP1.png ::::::::: [19, -11, 4, 13, -12, 4, 5, 16, 3, 1, -12, 1]
IM-000000010733573-AP1.png ::::::::: [-10, 20, 3, 15, 3, 4, 1, 11, 2, 6, 13, 6, 6, 5]
IM-000000011379973-AP1.png ::::::::: [4, 3, -10, 5, 5, 3, -10, -10, 5]
IM-000000010965479-AP3.png ::::::::: []
IM-000000011378779-AP1.png ::::::::: [8, 3]
IM-000000011379401-AP2.png ::::::::: [3, 0, -7, 23, -4, 3, 5, -10, 13, -6, 5, 9]
IM-000000011386905-AP1.png ::::::::: [-3, -10, -4, 17, 5, 6]
IM-000000011511178-AP1.png ::::::::: [6, 2, 0, 12, 2, 0]
IM-000000010890124-AP1.png ::::::::: [-5, -5, -3, 7, 2, 16, 16, 15, 2, 2, 4, 4, 3, 2, -10, 241, 1, 2, 1, 2, 0]
IM-000000011143060-AP1.png ::::::::: [5, 4, 3, 10, 7, 5, 7, 5, 10]
IM-000000011379333-AP2.png ::::::::: [13, 15, 14, 12]
IM-000000011370742-AP1.png ::::::::: [8, 7, 4, 4, 2, 13, 3, 4]
IM-000000011387105-AP1.png ::::::::: [3, -13]
IM-000000011378803-AP1.png ::::::::: [1, -5, 127]
IM-000000010865989-AP1.png ::::::::: [-8, 7, -9, -3, -1, -2, 0]
IM-000000011386934-AP2.png ::::::::: [1, 8, 2, 12, -12, 1, 11, -13, -11, 3, 13, 2, 13, 3]
IM-000000011386944-AP1.png ::::::::: [2, 28, 3, 5, 36, 17]
IM-000000011378586-AP1.png ::::::::: [8, -2, -2, -3, -3, 8, 4, 6, 17, 8, 8, 19, 4, 6, 6, 6, 22, 5, 5, 6, 5, 23, 5, 6, 6, 5, 23, 5, 6, 6, 7, 23, 3, 5, 6, 5, 23]
IM-000000010638076-AP1.png ::::::::: [11]
IM-000000010655224-AP1.png ::::::::: [8, 9, 2, 5, 4, 13, 1, 5, 19]
IM-000000011378913-AP1.png ::::::::: [13, 3, 216]
IM-000000010819088-AP6.png ::::::::: [6, 5, 5, 6, 17, 5, 1, 5, 4, 4, 14, 6, 3, 5, 17, 6, 5, 2, 4, 4, 4, 14, -10, 7, 4, 6, 17, 4, 6]
IM-000000011378631-AP1.png ::::::::: [8, -2, -1, -2, -3]
IM-000000011379338-AP1.png ::::::::: [5, 21, 8, 7, 6]
IM-000000011387010-AP1.png ::::::::: [4, 4, 5, 2, 1, -11, 4, 3, 6, 33, 5, 63, 6, 6, 7, 6]
IM-000000011379382-AP2.png ::::::::: [3, 0, -7, 24, -4, 3, 9, 14, -5, 4, 10, 15, -4, 4, 9, 14, -4, 5, 8, 11, -4, 4, 6, 13, -4, 4, 9, 13, -4, 5, 8, 12, -4, 5, 7, -10, -8, 14, 2]
IM-000000010071904-AP1.png ::::::::: [5, 17, 10, 5, 6]
IM-000000010814247-AP1.png ::::::::: [9, -11, 8, 14, 12, 8, 12, 14, 8, 13]
IM-000000011379588-AP1.png ::::::::: [-7, 19, 3, 4, 2, 0]
IM-000000011379361-AP1.png ::::::::: [9, 3, 5, 5, 4, 4, 4, 2, 3, 3, 5, 4, 4, 3, 5, 4, 6]
IM-000000011379412-AP1.png ::::::::: [14, -7, 6, 6, 11, 8, 9, 14, 7, 9]
IM-000000011249368-AP1.png ::::::::: [-8, 24, 7, 6, 7, 7, 6, 8, 7]
IM-000000011387565-AP1.png ::::::::: [5, 7, 14, -3]
IM-000000009466516-AP1.png ::::::::: [5, 2, 13, 5]
IM-000000011378898-AP1.png ::::::::: [0, 0, 10, 2]
IM-000000010662990-AP1.png ::::::::: [5, 6, -5, 5, 8]
IM-000000011378615-AP2.png ::::::::: [8, -1, -1, -2, -3, 7, 23, 4, 4, 34]
IM-000000011387521-AP2.png ::::::::: [18, -3, -3]
IM-000000011378648-AP2.png ::::::::: [6, -4, -3, -2, -2]
IM-000000011343858-AP1.png ::::::::: [6, 1, 0, 8, 1, 2]
IM-000000011379801-AP1.png ::::::::: [-7, 0, -3, 2, 21, 8, 58, 7, 120, 5, 5, 4, 4, 180]
IM-000000011379101-AP2.png ::::::::: [5, 12, 21, 5, 5, 7, 5, 23, 4, 5, 8, 23, 22, 7, 5, 7, 22, 6, 5, 6, 144]
IM-000000011253951-AP2.png ::::::::: [16, 2, 4, -3, -4, 1, 3, 29, 3, 5, -3, -2, 2, 3]
IM-000000011386923-AP1.png ::::::::: [14, 5]
IM-000000011387230-AP2.png ::::::::: [2, 64]
IM-000000010854737-AP1.png ::::::::: [7, 7, 4, 3, 2, 15, 4, 3, 5]
IM-000000010731884-AP1.png ::::::::: [6, 3, 1, 1, 0]
IM-000000011386879-AP3.png ::::::::: [-1, -4, 16, 4, 7, 4, 8]
IM-000000011387630-AP1.png ::::::::: [15, 2, 4, 9, 3, 0, 9, 1, 5, 8, 3, 2, 10, 2, 4]
IM-000000011387385-AP1.png ::::::::: [12, 3, 4, 2, 12, 12]
IM-000000011387485-AP1.png ::::::::: [-1, -4, 16, 4, 2, 4, 4, 5, 2, 2, 4, 4, 5, 4, 6, 5, 4, 4, 8]
IM-000000011254336-AP1.png ::::::::: [-3, -5, 18, 4]
IM-000000011127055-AP1.png ::::::::: [-3, 14, 174, 5]
IM-000000010859297-AP1.png ::::::::: [11, 7, 7, 6, 6, 7]
IM-000000009677502-AP1.png ::::::::: [-7, 0, 10, 10, 2, 3, 66, 7]
IM-000000011379058-AP1.png ::::::::: [13, 4, 6]
IM-000000011379262-AP2.png ::::::::: [-3, -8, -2, 31, 8, 8, 8, 9, 6, 8]
IM-000000011379334-AP1.png ::::::::: [10, -6, 6, -6, 20, -6, 6, -7, 5, 18, 5, 3, 259, 17, 4, 3]
IM-000000010854739-AP1.png ::::::::: [-11, 7, 8, 3, 2, 3, 14, 3, 3, 5]
IM-000000011379430-AP2.png ::::::::: [12, 6]
IM-000000011186418-AP1.png ::::::::: [-10, 14, 4, 4, 4, 4]
IM-000000011379369-AP1.png ::::::::: [6, 9, 6, 3, 6, 4, 6, 4]
IM-000000011284773-AP1.png ::::::::: [6, 19, 2, 4, 6, 9, 4, 5]
IM-000000010733581-AP1.png ::::::::: [-9, 19, 3, 1, 3, 15, 3, 3, 4, 15, 4, 2, -12, 1, 4, 14, -12, 4, 2, 5, 13, 4, 1, 1]
IM-000000011379595-AP1.png ::::::::: [19, 3, 3, 1, 1]
IM-000000011678625-AP1.png ::::::::: [12, 3, 4, 34, 23, 5, 7, 6, 55, 7, 8, 8, 9, 22, -11, 21, 6, 6, 7, 20, 6]
IM-000000010840195-AP1.png ::::::::: [7, 11, 10, 11, 11, 11, 10, 11, 10]
IM-000000010733591-AP1.png ::::::::: [21, 2, 2, 3, 3, 13, 4, 3, 4, 13, -11, 4, 3, 2, 13, 3, 2, -12, 1]
IM-000000011376572-AP1.png ::::::::: [10, 8, 8, 8]
IM-000000011009945-AP1.png ::::::::: [4, 5, 3, 5, 4, 3, 5, 4, 5, 4, 5, 5, 4, 5, 4, 6, 5, 6, 4, 6]
IM-000000011386858-AP1.png ::::::::: [11, 3, 16, 21, 19, 2]
IM-000000011387365-AP1.png ::::::::: [12, 5, 3, -2, 13, 17, 11, -7, 11, 14, 2, 2, 6, 4, -4, -2, 4, 11, 11, 20]
IM-000000011378588-AP2.png ::::::::: [7, -1, -2, -3, -3]
IM-000000009606437-AP5.png ::::::::: [5, 5, 7, 4, 4, 5, 37]
IM-000000009421314-AP1.png ::::::::: [5, 3, 5, 6, 6, 6, 6]
IM-000000010485223-AP1.png ::::::::: [6, 18]
IM-000000011186421-AP1.png ::::::::: [13, 5, 5, 5, 5]
IM-000000011378712-AP1.png ::::::::: [-10, 21, 13, 13, 12, 14]
IM-000000011828276-AP1.png ::::::::: [15, 6]
IM-000000011386733-AP1.png ::::::::: [16, 11, 11, 9, 9, 11, 12, 11, 13, 9, 10, 12, 11, 11, 11, 12, 11, 9, 10, 10, 11, 11]
IM-000000010666197-AP1.png ::::::::: [-4, -2, -5, 24, 3, 9]
IM-000000011254325-AP1.png ::::::::: [-1, -2, 19, 5]
IM-000000011379192-AP1.png ::::::::: [3]
IM-000000010652225-AP1.png ::::::::: [-2, -2, 5, 6, 7, 8, 6, 8]
IM-000000011386904-AP1.png ::::::::: [-3, -10, -4, 17, 4, 9, 4, 10, 3, 9, 5, 9, 4, 8, 5, 9, 4, 10, 5, 9, 5, 6]
IM-000000011333681-AP1.png ::::::::: [12, 7, 8, 8, 8, 8]
IM-000000010652238-AP1.png ::::::::: [-1, -2, 5, 7, 6, 5, -7, 8, 6, -7, 6, -10, 5, -9]
IM-000000011254323-AP1.png ::::::::: [-3, -9, -3, 19, 5]
IM-000000011101955-AP1.png ::::::::: [-4, -5, -4, -5, 8, 3, 4, 2, 5, 4, 16, 16, 14, 2, 3, 4, 5, 3, 1, -10, 193, 1, 2, 1, 3, -1]
IM-000000011686659-AP11.png ::::::::: [-3, -2, -4, -5, 5, 2, 14, 4, 7, 7, 5, 14, 2, 3, 2, 15, 5, 7, 7, 6, 15, 3, 3, 3, 4, 1, 1]
IM-000000011379333-AP1.png ::::::::: [10, 15, 14, 13, 12, 16, 14, 13, 11, -9, 14, 11]
IM-000000011379443-AP6.png ::::::::: [4, 6, 26, 3, 6, 6, -11, 5, 7, 9, 3, 5, 8, 3, 6]
IM-000000011101911-AP1.png ::::::::: [11, 7, 9, 6, -9, 9, 8]
IM-000000011523182-AP1.png ::::::::: [-3, -2, -4, -6, 4, 4, 6, 5, 27, 3, 3, 4, 4]
IM-000000011741699-AP1.png ::::::::: [5, 4, 2, 2]
IM-000000011378984-AP1.png ::::::::: [10, 3, 16, 20, 21, -8, 23, 2, 9, -7, 3, 8, 3, 9, 1, 9, -7, 3, 10, 2, 9, -8, 3, 11, -7, 5, 12]
IM-000000011379440-AP5.png ::::::::: [10, 8, 7, 7, 5, 8, 9]
IM-000000011379373-AP1.png ::::::::: [-9, 2, -1, -8, 25, -5, 4, 10, 13, -4, 5, 10, 13, -6, 4, 9, 12, -5, 3, 9, 15, -4, 4, 8, 14, 5, 8]
IM-000000011285439-AP1.png ::::::::: [10, 0]
IM-000000011143059-AP1.png ::::::::: [6, 4, 5, 10, 6, 7, 12]
IM-000000011583836-AP1.png ::::::::: [5, 1, 11, 2, 1, 10, 0, 10, 0, 10, 2, 10, -1, -11]
IM-000000011685260-AP1.png ::::::::: [6, 6, 16, 4, -11, 3]
IM-000000011386904-AP2.png ::::::::: [-3]
IM-000000010731886-AP1.png ::::::::: [5, 1, 1, 1, 9, 0, 1, 2, 1, 11, 0, 0, 1, 1]
IM-000000009479483-AP2.png ::::::::: [2, 1, 6, 5]
IM-000000011143058-AP1.png ::::::::: [6, 4, 4, 9, 5, 4, 6, 7, 6, 10]
IM-000000010301545-AP2.png ::::::::: [2, 5, 4, 24, 5, 14, 5, 4, 16, 4]
IM-000000010534569-AP1.png ::::::::: [-7, -4, -7, 8, 7]
IM-000000010881253-AP1.png ::::::::: [-1, 0, 9, 1]
IM-000000011379343-AP1.png ::::::::: [9, -6, 388, 15, 6, 4]
IM-000000011249371-AP1.png ::::::::: [-9, 21, 8, 6, 9]
IM-000000011186251-AP1.png ::::::::: [8, 8, 4, 5, 3, 16, 4, 4, 18, 8, 4, 4, 3, 14, 0, 2]
IM-000000010638217-AP1.png ::::::::: [8, 10]
IM-000000010865965-AP1.png ::::::::: [12, 3, 3, 4, 4]
IM-000000011380030-AP1.png ::::::::: [3, -1, 16, 3, 4, 2]
IM-000000011249374-AP1.png ::::::::: [4]
IM-000000011386943-AP1.png ::::::::: [2, 27, 3, 36]
IM-000000011387354-AP1.png ::::::::: [12]
IM-000000011378884-AP1.png ::::::::: [3, -2, 19, 2, 5, 2]
IM-000000011378956-AP1.png ::::::::: [3, 6, 5, 5, 6, 3, 4, 4, 4, 5, 5, 4, 1, 5, 5, 5, 5, 5, 5, 5, 5, 5]
IM-000000011322085-AP1.png ::::::::: [7, 1, 3, 8, 1, 1, 7, 1, 3]
IM-000000010865961-AP1.png ::::::::: [13, 4, 3, 3]
IM-000000010712583-AP1.png ::::::::: [13, -5]
IM-000000011379837-AP1.png ::::::::: [4, 3, 3, 1, 14, 3]
IM-000000011344106-AP1.png ::::::::: [-10, 11, 7, 8, 8, 6, 7, 7, 7, 7, 7, 7, 7, 7, 8, 7, 6, 6, 7, 6, 6, 7]
IM-000000010768804-AP1.png ::::::::: [17, 8, 6]
IM-000000010865958-AP1.png ::::::::: [12, -8, 3, 3, 3, 4]
IM-000000011379805-AP3.png ::::::::: [5, -9, 0, 3, 62, 4, 5, 3, 4, 374]
IM-000000010881247-AP1.png ::::::::: [3, 11]
IM-000000011378606-AP3.png ::::::::: [7, -2, -3, -3, -3]
IM-000000011367584-AP1.png ::::::::: [8, 10, -8, 11, 10, 10, 11, 11, 10, 11]
IM-000000011387369-AP1.png ::::::::: [5, 16]
IM-000000009411514-AP1.png ::::::::: [5, 3, 6, 5, 7, 7, 6]
IM-000000011379836-AP1.png ::::::::: [4, 4, 1, 11, 3, 3, 3, 13, 3, 13, 4, 14, 3, 13, 4, 15, 4]
IM-000000010676246-AP1.png ::::::::: [11, -8, 1, 2, 1, 0]
IM-000000011386966-AP1.png ::::::::: [11, 3, 15, -8, 23, 21, 1]
IM-000000011379453-AP2.png ::::::::: [-14, 2, 27, 9, 11]
IM-000000010965479-AP2.png ::::::::: [8, 7, 4, 3, 4, 4, 14, 0, 3, 2, 5, 4, 4, 4, 18, 48, 8, 3, 1, 4, 5, 13, 1, 1, 3, 6, 5, 4, 5, 19]
IM-000000010772103-AP1.png ::::::::: [8, 9, 4, 3, 14, 4, 5]
IM-000000011190599-AP1.png ::::::::: [-3, -6, 11, 7, 7, -8, 6, 9, 8, -3, -4]
IM-000000011379419-AP2.png ::::::::: [-5, 0, -4, 2, 62, 5, 4, 4, 4, -11, 372]
IM-000000011387282-AP1.png ::::::::: [10, 4, 15, 21, 2, 10, 4]
IM-000000011379443-AP9.png ::::::::: [5, 6, 24, 3, 7, 5, 7, 5, 7, 9, 4, 7, 8, 3, 7]
IM-000000009480622-AP1.png ::::::::: [10, 3, 17, 4]
IM-000000011387445-AP1.png ::::::::: [-4, 9, 4, -3, 17, -3, -2, 6, 5]
IM-000000009433102-AP1.png ::::::::: [7, 7, 4, 6]
IM-000000011379657-AP1.png ::::::::: [16, 5, 2, 6, 5, 5, 4, 4, -10, 5, 4, 20]
IM-000000011378804-AP20.png ::::::::: [-3, -2, -3, -5, 16, 5, 6, 4, 3, 18, 3, 6, 4, 16, 5, 4, 4, 4, 16, 4, 7, 3, 15, 5, 5, 3, 3]
IM-000000011379470-AP1.png ::::::::: [-4, -6, -3, 9, -12, 7, 7, 7, 7, 8, 8, 6, 7, 8, -10, -28, -9]
IM-000000011378667-AP1.png ::::::::: [3, 0]
IM-000000011254332-AP1.png ::::::::: [-1, -3, 19, 4]
IM-000000010865975-AP1.png ::::::::: [12, -9, 2, 2, 2]
IM-000000009418599-AP1.png ::::::::: [6, 3, 4, 6, 4, 7, 6]
IM-000000010712587-AP1.png ::::::::: [14, -5]
IM-000000011386871-AP1.png ::::::::: [-2, -5, 17, 5, 7]
IM-000000011098840-AP2.png ::::::::: [2, 14, 3, 2, 5, 4, 4, 3, 4, 4, 4, 4, 3, 4, 4, 3, 3, 3, 4, 3, 3, 3]
IM-000000010929702-AP1.png ::::::::: [-4, -3, -3, -5, 8, 3, 4, 2, 4, 2, 3, -1, 3, 15, 17, 13, 2, 2, 4, 4, 4, 171, 1, 1, 0, 1, 1]
IM-000000011369972-AP1.png ::::::::: [16, 5]
IM-000000010843146-AP1.png ::::::::: [8, 8, 3, 3, 3, 14, 3, 2, 3, 3, 4, 5, 4, 19]
IM-000000011186271-AP1.png ::::::::: [15, 6, 7, 5, 14, 2]
IM-000000011386922-AP1.png ::::::::: [14, 4]
IM-000000011387163-AP1.png ::::::::: [10, 3, 14, 22, 20, -7, 3, 11]
IM-000000011387384-AP2.png ::::::::: [21]
IM-000000010585549-AP1.png ::::::::: [9, 8, 7, 7, 7, 7, 8, 8, 7, 6]
IM-000000011379120-AP1.png ::::::::: [0, 0, 10, 2]
IM-000000010772396-AP1.png ::::::::: [-6, -6, 10, 7, 8, -8, 6, 6]
IM-000000010662988-AP1.png ::::::::: [5, 6, 4, 8]
IM-000000011378804-AP22.png ::::::::: [-3, -2, -3, 5, 3, 5, 4, 5, 16, 3, 7, 4, 15, -63, -62, 4, 5, 17, 3, 6, 4, 15, 6, 5, 3, 5]
IM-000000011386948-AP1.png ::::::::: [3, 26, 3, 16, 4, 16, 3, 17, 4, 16, -3, 4, 16, 5, 17, 4, 4, 16, 3, 17, 4, 4, 15, 4]
IM-000000011379149-AP1.png ::::::::: [10, 4, 2, 0, 13, 3, 4]
IM-000000011186251-AP2.png ::::::::: []
IM-000000011143056-AP1.png ::::::::: [5, 5, 5, 9, 4, -12, 6, 6, 7, 10, 20, 7, 6, 8, 8, 13]
IM-000000009436489-AP1.png ::::::::: [14, 9, 26, 55, 26]
IM-000000010772567-AP1.png ::::::::: [5, 7, 4, 5, 2, 2, 12, 4, 4, 18]
IM-000000011378639-AP1.png ::::::::: [8, -1, -2, -2, -3, 8, 3, 6, 7, 18, 8, 7, 19, 2, 19, -9, 6, 22, 4, 20, 3, 22, 6, 23, 3]
IM-000000010755800-AP2.png ::::::::: [7, -1, -2, -2, -3, 8, 17, 5]
IM-000000011369019-AP39.png ::::::::: [13, 4, 4, 4, 4]
IM-000000011249355-AP1.png ::::::::: [8, 7, 5, 17, 2, 3]
IM-000000011379276-AP2.png ::::::::: [5, -5, 0, -3, 3, 62, 3, 3, 4, 4, 374]
IM-000000010663073-AP1.png ::::::::: [6, 3, 1, 13, 1, 1]
IM-000000011677806-AP1.png ::::::::: [19, 7, 12, 7, 14, 6, 14, 7]
IM-000000011379530-AP1.png ::::::::: [3, 5, 3]
IM-000000011379972-AP1.png ::::::::: [4, 5]
IM-000000010676276-AP1.png ::::::::: [10, 0, 1, 1]
IM-000000011101899-AP1.png ::::::::: [9, 8, 2, 3, 4, 13, 3, 5]
IM-000000010733603-AP1.png ::::::::: [20, 3, 3, 3, 5, 15, 3, 15, 3, 5, 2, 11, 2, 5, 14, 2, 1, 1]
IM-000000011369019-AP2.png ::::::::: [13, 4, 4, 4, 4]
IM-000000011386671-AP2.png ::::::::: [6, 0, -1, -10, -7, -5, -4, -5, -7, -4, -3, -1, 6, 3, 15, 6, 7, 14, 4, 5, 15, 4, 7, 15, 4, 6, 15, 4, 3, -6, 15, 5, 4, 16, 6, 5, 16, 6, 6]
IM-000000011459575-AP11.png ::::::::: [-3, -4, -5, -4, 5, 3, 13, 2, 12, 3, 6, 4, 15, 2, 14, 4]
IM-000000011387583-AP1.png ::::::::: [-8, 10, 3]
IM-000000011367517-AP1.png ::::::::: [9, 6]
IM-000000011378874-AP1.png ::::::::: [11, 21, -7, 21]
IM-000000011686659-AP12.png ::::::::: [-4, -2, -4, -5, 3, 13, -9, 5, 9, 5, 5, 14, 3, 3, -125, -69, 3, 3, 15, 4, 8, 7, 4, 15, 0, 2, 3]
IM-000000010865935-AP1.png ::::::::: [12, 4, 5, 4, 4]
IM-000000011249352-AP1.png ::::::::: [-10, 12, 7, 8]
IM-000000011186273-AP1.png ::::::::: [15, 7, 13, 0]
IM-000000010948372-AP1.png ::::::::: [-4, -3, -3, -2, 6, -9, 3, 4, 15, 15, 15, 3, 0, 4, 4, 4, 2, 1, 5, 4, 4, 2, 4, 159, 2, 1, 0, 3, 2]
IM-000000011379204-AP1.png ::::::::: [11, 3, 9, 3, 16, 20, 2, 9, -7, 3, 8, -8, 3, 9, 3, 12, 3]
IM-000000011386879-AP1.png ::::::::: [-4, -9, -3, 17, 5, 9, 5, 8, 4, 9, 3, 9, 5, 9, 6, 9, 4, 10, 4, 7, 3, 9, 5, 6, 4, 8, 5]
IM-000000010965551-AP1.png ::::::::: [-7, 3, -8, -7, -2, 0, -1]
IM-000000010652229-AP1.png ::::::::: [-1, -1, 5, -7, 8, 7, 6, -7, 7, -6, 6, 7]
IM-000000011378804-AP17.png ::::::::: [-3, -2, -3, -6, 5, 4, 6, 5, 16, 4, 5, 4, 5, 17, 5, 7, 4, 15, 4, -109, -81, 2, 13, -9, 4, 8, 3, 15]
IM-000000010952149-AP1.png ::::::::: [8, 9, 3, 16, 2, 4, 20, 8, 18, 3, 5]
IM-000000011378619-AP1.png ::::::::: [6, -3, -2, -3, -3, 7, 6, 6, 17, 8, 7, 19, 3, 5, 24, 4, 5, 23, 4, 5, 22, 4, 5, 22, 3, 6, 21, 3, 7, 20, 4, 5, 22, 5]
IM-000000011286384-AP1.png ::::::::: [13, 5, 4, 5, 4]
IM-000000011379456-AP4.png ::::::::: [4, 5, 5, 3]
IM-000000011796877-AP1.png ::::::::: [1, -9, 548]
IM-000000011379263-AP1.png ::::::::: [-3, -4, 17, 4, 8]
IM-000000011378611-AP4.png ::::::::: [-3, -3, -3, -3, 8, 5, 23, 4, 5, 6, 6, 24, 4, 4, 6, 5, 23, 4, -6, 6, 7, 5, 22, 3, 3, 4, 6, 23, 4, 4, 6, 5, 35]
IM-000000010842434-AP1.png ::::::::: [13]
IM-000000011102079-AP1.png ::::::::: [12, 7, 8, 8, 7, 6, 7, 7, 7]
IM-000000011794225-AP1.png ::::::::: [8, -2, -2, -2, -3]
IM-000000011378593-AP1.png ::::::::: [7, -1, -2, -4, -4, 8, 6, 6, 5, 18, 8, 9, 19, 4]
IM-000000011310221-AP1.png ::::::::: [0, 15, 14, 15, 12, 110, 4, 366]
IM-000000011386715-AP1.png ::::::::: [13, -1, -5, 12, -4, -3, 11, -5, -2, 12, -2]
IM-000000011387232-AP1.png ::::::::: [-2, -4, 15, 3, 4, 10, 3, 3]
IM-000000010832526-AP1.png ::::::::: [10, 7, 9, 8, 8, 7, 7]
IM-000000011386881-AP2.png ::::::::: [-3, -10, -4, 17, 4, 7, 4, 8, 4, 8, 4, 9, 4, 9, 3, 9, 5, 10, 5, 8, 5, 6]
IM-000000010679224-AP1.png ::::::::: [4, 2, 1, 2]
IM-000000011379508-AP1.png ::::::::: [13, 5, 6]
IM-000000011387155-AP1.png ::::::::: [11, 3, 9, -7, 4, 10, 1, 9, 3, 8, -8, 4, 11, 3, 12, 3, 12, 3]
IM-000000011386728-AP1.png ::::::::: [11, 3, 11, 3, 15, 21, -7, 23, 3]
IM-000000011386739-AP1.png ::::::::: [16, 7, 11, 13, 8, 10, 12, 12, 11, 10, 12, 12, 11, 11, 13, 12, 12, 9, 11, 9, -7, 9, 10]
IM-000000011064237-AP1.png ::::::::: [-4, -2, -5, 22, 5, 8, -9, 16, -10, 3, 7, -11, -8, 5, 8, 17, 15, 4, 10, 4, 9, 3, 10, 14, -10, 14]
IM-000000011102691-AP1.png ::::::::: [-12, 8, 8, 17, 3, 3, 5, 4, 4, 5, 4, 4, 4, 4]
IM-000000011379685-AP1.png ::::::::: [7]
IM-000000011379440-AP7.png ::::::::: [9, 8, 7, 8, 7, 9, 8]
IM-000000011379440-AP2.png ::::::::: [9, 7, -11, 8, 6, 10, 6, 10, 4, 11, 9]
IM-000000011310474-AP18.png ::::::::: [19, 5, 6, 5, 5, 4, 5, 6, 5, 6, 6, 6, 6, 5, 6, 6, 5, 7, 7]
IM-000000011387317-AP1.png ::::::::: [18, 4, 6, 6, 5]
IM-000000010809068-AP4.png ::::::::: [10, -7, 1, 0, 0, 1]
IM-000000011379309-AP1.png ::::::::: [10, 3, 16, 21, 22, -7, 3, 12]
IM-000000011186432-AP1.png ::::::::: [13, 4, 5, 3]
IM-000000011378578-AP1.png ::::::::: [7, -3, -2, -2, -2]
IM-000000010842922-AP1.png ::::::::: [-4, -4, -3, 7, -9, 4, 3, 4, 4, 15, 16, 14, 2, 0, 4, 5, 4, 1, -11, 205, 2, -1, 0, 2, 1]
IM-000000011143055-AP1.png ::::::::: [6, 5, 4, 8, 6, 8, 11]
IM-000000011598501-AP1.png ::::::::: [-5, -1, 3, 4, 2, 352]
IM-000000011387279-AP1.png ::::::::: [11, -9, -1, 0, 3, 1, 1]
IM-000000011386696-AP2.png ::::::::: [-3, 10, 5, -3, -2, 5, 5, 6, 5, 4, -3, -2, 4, 5, 5, 5]
IM-000000011201057-AP1.png ::::::::: [2, 15, 2, 4, 3, 3, 3, 3, 4, 3, 4, 3, 4]
IM-000000011378635-AP2.png ::::::::: [7, -3, -1, -2, -3]
IM-000000011387399-AP1.png ::::::::: [7, 1, 13, 5, 3]
IM-000000011379481-AP1.png ::::::::: [-12, 4, 28, 4, 4, 2, 7, 15]
IM-000000011386898-AP1.png ::::::::: [-2, -5, 16, 5, 7]
IM-000000011387483-AP1.png ::::::::: [-1, -5, 16, 3, 1, 4, 5, 6, 3, 3, 3, 3, 4, 4, 4, 5, 5, 4, 4, 5]
IM-000000011379799-AP1.png ::::::::: [-6, 0, -3, 3, 19, 9, 59, 6, 34, 9, 59, 1, -3, 3, 197]
IM-000000011127054-AP1.png ::::::::: [-1, 14, 15, 14, 14, 13, 86, 4, 365]
IM-000000011459575-AP5.png ::::::::: [-3, -2, -3, -5, 4, 3, 8, 5, 14, 3, 3, 14, 3, 7, -49, -54, 1, 2, 13, 3, 8, 3, 15, 3, 1, 15]
IM-000000010473802-AP1.png ::::::::: [4, 4, 4, 7]
IM-000000010865976-AP1.png ::::::::: [-10, 12, 3, 1, 3, 2, 3]
IM-000000011387035-AP2.png ::::::::: [1, -11, 3, 18, 4, 19, 3, 17, -11, 4, 19, 4, 3, 30, 5, 32, -10, 3]
IM-000000011379916-AP1.png ::::::::: [13, 5, 4, 5, 5, 357, -10]
IM-000000011387188-AP1.png ::::::::: [7, 9, 8, 7, 8, 24, 25, 20]
IM-000000011379818-AP2.png ::::::::: [-11, -1, 2, 19, 7, 60, 3, 0, 31, 9, 58, 7, 34, 10, 58, 8, 32, 20]
IM-000000010288286-AP1.png ::::::::: [-2, -3, 12]
IM-000000010831843-AP5.png ::::::::: [11, 7, 7, 8, 8, 8, 8, 8, 9, 8, 8, 8, 8, 9, 9, 9, 8, 8, 8, 8, 8, 9, 8, 8]
IM-000000011379353-AP1.png ::::::::: [1, 14, 14]
IM-000000010652236-AP1.png ::::::::: [-1, -2, 4, 6, 7, 7, 5]
IM-000000010831546-AP1.png ::::::::: [-9, 11, 0, 2, 2]
IM-000000010579474-AP2.png ::::::::: [0, 32, 32, 40, 6, 4, 4, 15, 5, 4, 3, 17, 1, 3]
IM-000000011386731-AP1.png ::::::::: [15, 9, 11, 11, 9, 11, 10, 13, 10, 10, 11, 9, -8, 11, 10, 11, 11, 11, 10, 11, 9, 10, 11]
IM-000000011101917-AP1.png ::::::::: [9, 9, 2, 4, 3, 13, 3, 4, 18]
IM-000000011513089-AP1.png ::::::::: [10, 4, 4, 4, 4, 4, 4, 5, 5]
IM-000000010708248-AP1.png ::::::::: [8, 7, 3, 5, 13, 3, 5]
IM-000000009428244-AP1.png ::::::::: [14, 11, 27]
IM-000000011386927-AP1.png ::::::::: [-5, 0, 9, 11, 2, 14, 3, 12, 3, 11, -11, 3, 12, -10, 2, 12, 2, 5, 14, 1, 5, 14, -10, 1, 13, 2, 13, -10, 3, 3, 13, 2]
IM-000000010741418-AP1.png ::::::::: [4, 3, 1, 2, 4, 3, 1, 1, 4, 2, 2, 2, 7, 3, 2, 3]
IM-000000011322047-AP1.png ::::::::: [7, 8, 3, 4, 5, 14, 5, 3, 4, 4]
IM-000000009793863-AP1.png ::::::::: [4, 19, 18, 5, 4, 4, 8, 3, 4]
IM-000000009930263-AP2.png ::::::::: [8, 2, 2, 1, 4, 3, 3, 3, 3, 2, 1, 2, 3, 3, 2, 3, 4, 4]
IM-000000010881232-AP1.png ::::::::: [4, 2, 2, 12, 2, 2]
IM-000000010901645-AP1.png ::::::::: [-4, -4, -3, 8, 2, 3, 4, 4, 15, 16, 14, 2, 0, 4, 3, 3, 2, 0, -7, 196, 2, -1, 0, 2, 1]
IM-000000011186378-AP1.png ::::::::: [14, 5, 4, 3, 4]
IM-000000011378608-AP1.png ::::::::: [7, -1, -1, -3, -4]
IM-000000010731885-AP1.png ::::::::: [5, 2, 2]
IM-000000011387035-AP1.png ::::::::: [3, 5, 3, 16, 4, 18, 3, 4, 15, -10, 3, 16, -10, 4, 19, 5, 3, 31, 5]
IM-000000011379424-AP2.png ::::::::: [2, 23, 4]
IM-000000011387644-AP1.png ::::::::: [-4, -4, 23, 11]
IM-000000010733588-AP1.png ::::::::: [-10, 21, 3, 1, 2, 14, 4, 6, 2, 13, 4, 6, 2]
IM-000000009457732-AP1.png ::::::::: [23, 5, 25, 6, 25, 5, 25, 5, 26, 6]
IM-000000011386760-AP1.png ::::::::: [38, -3, -3, 34, 37]
IM-000000011269479-AP1.png ::::::::: [4, 13, 6, 12, 14, 13, 13, 12, 11, 13, 14, 14, 12, 13, 13, 12, 13, 5, 14]
IM-000000011386720-AP1.png ::::::::: [19, 7, 4]
IM-000000011379278-AP2.png ::::::::: [8, 12, 6, 4, 5, 5, 4, 5, 7, 6, 12, 4, 4, 4, 6, 5, 6, 8, 12, 6, 5, 4, 5, 5, 5, 6, 9, 12, 6, 5, 5, 4, 6, 4, 6, 9, 12, 5, 4, 5, 3, 5, 6]
IM-000000011379715-AP2.png ::::::::: [13, 3, 8, 10, 6]
IM-000000011387123-AP1.png ::::::::: [4, 8, -9, 24, 25]
IM-000000010663061-AP1.png ::::::::: [6, 3, 1, 13, 1, 1]
IM-000000011378649-AP2.png ::::::::: [-2, -3, -1, -3]
IM-000000011379623-AP1.png ::::::::: [15, 8, 6, 7]
IM-000000011379554-AP1.png ::::::::: [8, 6, 9, 17, 5, 8, 16, 7, 6, 6]
IM-000000011387345-AP1.png ::::::::: [0, 0, 21, 3]
IM-000000011386693-AP1.png ::::::::: [-3, 10, 5, -4, -2, 5]
IM-000000011379198-AP1.png ::::::::: [5]
IM-000000011379016-AP1.png ::::::::: [14, 4, 5]
IM-000000011500982-AP1.png ::::::::: [3, 5, 4, 5, 7, 5, 5, 7]
IM-000000010865953-AP1.png ::::::::: [12, 4, 3, 4, 4]
IM-000000011379668-AP1.png ::::::::: [9]
IM-000000010952151-AP2.png ::::::::: [9, 8, 4, 2, 3, 14, -1, 1, 4, 3, 4, 17, 45, 9, 3, 4, 2, 14, 4, 3, 4, 1, 3, 16]
IM-000000010756064-AP1.png ::::::::: [11, 8, 6, 7]
IM-000000011667222-AP1.png ::::::::: [4, 1, 9, 2, 450]
IM-000000011379382-AP3.png ::::::::: [2, 0, -6, 18, 13, -5, 3, 9, 14, -5, 2, 8, 12, -4, 5, 9, 13, -4, 4, 8, -10]
IM-000000011386959-AP1.png ::::::::: [2, 4, 1, 18, 2, 3, 30, 2, 18, 5, 19, 5, 21, 3, 18, 6]
IM-000000011459575-AP4.png ::::::::: [-5, -3, -3, -5, 3, 3, 7, 4, 15, 3, 2, 14, 3, 6, 4, -45, -45, 2, 15, 3, 6, 4, 14, 4, 4]
IM-000000011379381-AP1.png ::::::::: [3, 1, 23, -6, 4, 7, -9]
IM-000000011387374-AP1.png ::::::::: [21, -8, 102, 8]
IM-000000011387413-AP1.png ::::::::: [10, 3, 16, 20, 22, 1, 8, 21, 2, 8, -7, 3, 10, -7, 4, 15, 2, 16, 4]
IM-000000009411510-AP3.png ::::::::: [5, 7, 6, 6, 6, 4, 4]
IM-000000011387362-AP1.png ::::::::: [12]
IM-000000011333685-AP1.png ::::::::: [10, 7, 8, 8, 7, 6, 8, 8, 5]
IM-000000009423673-AP1.png ::::::::: [3, 2, 14, 3]
IM-000000011386960-AP1.png ::::::::: [10, 3, 16, 21, 2, 9, 1, 9, -7, 4, 15, 3, 16, 1]
IM-000000011379109-AP1.png ::::::::: [15, 8, 7, 9, 7, 8, 10]
IM-000000011387606-AP1.png ::::::::: [5, 15, 4, 4, 4, 4]
IM-000000011379814-AP2.png ::::::::: [-6, -1, -4, 4, 17, 33, 10, 60, 6, 33, 9, 60, 7, 172]
IM-000000011435888-AP1.png ::::::::: [1, 548]
IM-000000011379589-AP1.png ::::::::: [12, 17, 3, 1, 1, 3]
IM-000000010652233-AP1.png ::::::::: [-3, -2, 4, 5, -10, 6]
IM-000000010963995-AP1.png ::::::::: [12, 5, 6, 5]
IM-000000009411514-AP2.png ::::::::: [4]
IM-000000011369019-AP27.png ::::::::: [13, 4, 4, 5]
IM-000000011378710-AP1.png ::::::::: [-10, 20, 12, 12]
IM-000000011387240-AP1.png ::::::::: [11, 3, 8, 2, 8, 2, 15, -7, 23, 21, 0, 9, 20, 2, 9, -7, 3, 10]
IM-000000011379561-AP1.png ::::::::: [12, 14, 61, 7, 31, 9, 8]
IM-000000010663071-AP1.png ::::::::: [5, 0]
IM-000000011548113-AP1.png ::::::::: [-2, -4, 25, 24, 23, 23, 23, 23, 22, 22, 24]
IM-000000011378644-AP1.png ::::::::: [-3, -2, -1, -4, 8, 7, 5, 17, 8, 8, 19, 5, 21, -8, 6]
IM-000000010756067-AP1.png ::::::::: [10, 8, 7, 7, 8, 8]
IM-000000011378579-AP2.png ::::::::: [6, -3, -2, -2, -2]
IM-000000011379952-AP1.png ::::::::: [13, 5, 4, 4, 5, 4, 5, 5, 5, 4, 4, 3, 5, 4, 4, 4, 19]
IM-000000011386921-AP1.png ::::::::: [14, 6]
IM-000000011343859-AP1.png ::::::::: [7, 1, -1]
IM-000000011249351-AP1.png ::::::::: [9, 7, 7]
IM-000000011857053-AP1.png ::::::::: [7, 10, 11, 10, -7, 10, 9, 10, 8, 10]
IM-000000011379522-AP1.png ::::::::: [12, 4]
IM-000000009564047-AP1.png ::::::::: [1, 4, 32, 4, 4]
IM-000000011387473-AP1.png ::::::::: [-3, 10, 5, -5, -3, 5, 3, 4, 4, 2, -3, -2, 5, 2, 5, 5]
IM-000000011378804-AP15.png ::::::::: [-3, -2, -3, -6, -7, 4, 3, 7, 2, 16, 3, 4, 4, 4, 16, 2, 6, 1, 15, 6, 5, 5, 1, 15, 2, 6, 3, 13]
IM-000000010733569-AP1.png ::::::::: [21, 3, 5, 4, 13, 3, 16, 4, 15, 3, 5, 2, 3, 16, 5, 5, 5]
IM-000000011387376-AP1.png ::::::::: [3, 4, 5, 5, 2, 6, 5, 6]
IM-000000011186395-AP1.png ::::::::: [13, 5, 5, 4, 4]
IM-000000010756065-AP1.png ::::::::: [10, 9, 8, 8]
IM-000000011387161-AP1.png ::::::::: [9, 3]
IM-000000011143054-AP1.png ::::::::: [6, 2, 3, 10, 7, 6, 6, 11]
IM-000000011200858-AP1.png ::::::::: [10, 14, 13, 13]
IM-000000011379256-AP1.png ::::::::: [4, 3, 3, 3, 5, 3, 4, 3, 4, 2]
IM-000000011386972-AP1.png ::::::::: [10, 3, 14, 22, 21, 2, 9, 20, 3, 10, 3, 10, 2, 9, 2, 11, -7, 4, 15, 3, 16]
IM-000000011379650-AP2.png ::::::::: [1, 5, 7, 4, 4, 4, 6, 4, 3, 4, 5, 4, 4, 4, 5, 5, 4, 3, 5, 6, 4, 5, 5, 6, 5, 4, 4, 5, 5, 5, 6, 6, 5, 5, 4, 6, 4, 4, 5, 6, 6, 4, 4, 4, 4, 5, 4, 5, 4, 6, 5, 4, 6]
IM-000000011379909-AP1.png ::::::::: [13, 4, 4, 4, 5, 5, 4, 3, 316, -11]
IM-000000009457731-AP1.png ::::::::: [24, 4]
IM-000000011379196-AP1.png ::::::::: [3]
IM-000000011143056-AP2.png ::::::::: [5, 4, 4, 10, 6, 5, 5, 2, 4, 11, 19, 6, 8, 6, 7, 4, 7, 10, 19, 5, 7, 8, 7, 7, 13, 18, 7, 6, 8, 7, 7, 12]
IM-000000011379574-AP1.png ::::::::: [9, 11, 5, 8, 9, 10, 6]
IM-000000011188933-AP1.png ::::::::: [9, 10, 11]
IM-000000010759568-AP1.png ::::::::: [23, -12, 7]
IM-000000011802745-AP1.png ::::::::: [10, 6, 8, 7]
IM-000000010652231-AP1.png ::::::::: [-1, -1, 4, 6, 7, 5, -7, 5, 6, 6]
IM-000000011191756-AP1.png ::::::::: [4, 14, 6, 12, 12, 11, 12, 5, 13, 11, 4]
IM-000000010557088-AP1.png ::::::::: [7, 7, 7, 6, 8, 8, 7, 6, 9, 8]
IM-000000011387111-AP1.png ::::::::: [3, -13, -13]
IM-000000010733583-AP1.png ::::::::: [21, 3, 2, 3, 15, 4, 15, 2, 14, 4, 6]
IM-000000011387418-AP1.png ::::::::: [-12, 12, 2, 3, -3, 12, 13, 5, 3, -6, 5, 10, 13, 3, 3, -6, 7, 13, 13, 4, 4, -5, 6, 12]
IM-000000010617010-AP1.png ::::::::: [-5, -6, 17, 4, 4, 4]
IM-000000011186404-AP1.png ::::::::: [13, 4, 4, 3]
IM-000000010579474-AP1.png ::::::::: [-1, 32, 8, 6, 6, 6, 7, 7, 8, 6, 8, 8, 7, 6, 7, 8, 7, 6, 7, 7, 7, 5, 7, 7, 7, 17]
IM-000000011188934-AP1.png ::::::::: [9]
IM-000000011343294-AP2.png ::::::::: [-5, -4, 4, -3, -4, 5, -4, -4, 4, -3, -3, 4, -3, -4, 4, 2, 2, 5, -4, -4]
IM-000000010529633-AP1.png ::::::::: [12, 7, 5, 6, 6, 6, 5, 6, 5, 5, 6, 5, 5, 5]
IM-000000010892936-AP1.png ::::::::: [10, 2, 3, 3, 1, 4, 3, 4, 2, 0, 17, 2, 2, 2, 2, 52, -11, 6, -10, 9, 13, 2, 3, 2, 2, 52, -10, 6, -10, 9, 14, 3, 3, 2, 55, -10, 7, -9, 10, 32]
IM-000000011378661-AP1.png ::::::::: [7, -2, 0, -2, -2]
IM-000000011379461-AP16.png ::::::::: [1, 1, 23, -5, 4, 8]
IM-000000010865955-AP1.png ::::::::: [11, 4, 4, 5, 4]
IM-000000011387673-AP1.png ::::::::: [-8, -3, -3, 12, 279]
IM-000000011378814-AP2.png ::::::::: [-3, -4, 4, -2, -4, 5, 1, -1, 4, -2, -6, 5, -4, -4, 5, -2, -3]
IM-000000011310368-AP1.png ::::::::: [8, 8, 3, 4, 3, 16, 4, 5]
IM-000000011379366-AP1.png ::::::::: [3, 2, 3, 6, 6, 0, -13, -11, 6, 6]
IM-000000011379642-AP1.png ::::::::: [13, 3, 8]
IM-000000011459351-AP1.png ::::::::: [16, 4, 4, 14, -1, 4]
IM-000000011379891-AP1.png ::::::::: [14, 5, 6, 3, 5, 358]
IM-000000011286382-AP1.png ::::::::: [-11, 14, 5, 4, 4]
IM-000000011379818-AP3.png ::::::::: [-5, 0, -5, 4, 22, 60, 9, 33, 8, 59, 8, 34, 10, 61, 8, 34, 9, 26]
IM-000000011379754-AP1.png ::::::::: [3]
IM-000000011378600-AP1.png ::::::::: [8, -2, -3, -2, -3, 8, 4, 6, 16, 8, 8, 19, 4, 24, 6, 22, 6, 22, 4, 23, 3, 22, 3, 22, 5, 22, 5, 21, 5, 33]
IM-000000011379222-AP1.png ::::::::: [7, 5]
IM-000000011379823-AP1.png ::::::::: [10, -4, -5, 7, 11, -5, -4, 8]
IM-000000011379445-AP6.png ::::::::: [3, -12, 6, 24, 3, 6]
IM-000000011379510-AP1.png ::::::::: [6, 19, 4, 5, 5, 4, 5, 5, 6, 6, 6, 6]
IM-000000011550130-AP2.png ::::::::: [-2, -3]
IM-000000011387464-AP2.png ::::::::: [-3, 9, 4, -3, -2, 5, 5, 6, 5, 4, -3, -2, 4, 4, 5, 5, 3, -3, -2, 4, 3, 5, 5, 3, -3, -2, 5, 5, 5, 4]
IM-000000011379500-AP1.png ::::::::: [13, 2]
IM-000000011102001-AP1.png ::::::::: [6, 18, 3, 21, 4, 17, 4]
IM-000000011386948-AP2.png ::::::::: [-6, 1, 12, 3, 17, 3, 17, 3, 15, 4, 15, 4, 16, 4, 17, 3, 17, 3, 17, 4, 18, 3, 17, 3]
IM-000000010881208-AP1.png ::::::::: [4, 0, 2]
IM-000000011386730-AP1.png ::::::::: [16, 10, 10, 11, 10, 10, 11, 12, 13, 10, 10, 10, 11, 11, 11, 12, 12, 8, 11, 7, -8, 10, 9]
IM-000000011379780-AP1.png ::::::::: [5]
IM-000000010529107-AP1.png ::::::::: [-5, -5, 8, 15]
IM-000000010904574-AP1.png ::::::::: [8, 7, 4, 3, 3, 15, 4, 3, 5, 5, 4, 5, 4, 4, 4, 4, 4, 5, 3, 19]
IM-000000010733602-AP1.png ::::::::: [19, -11, 4, 13, -12, 4, 5, 16, 3, 1, -12, 1]
IM-000000010733573-AP1.png ::::::::: [-10, 20, 3, 15, 3, 4, 1, 11, 2, 6, 13, 6, 6, 5]
IM-000000011379973-AP1.png ::::::::: [4, 3, -10, 5, 5, 3, -10, -10, 5]
IM-000000010965479-AP3.png ::::::::: []
IM-000000011378779-AP1.png ::::::::: [8, 3]
IM-000000011379401-AP2.png ::::::::: [3, 0, -7, 23, -4, 3, 5, -10, 13, -6, 5, 9]
IM-000000011386905-AP1.png ::::::::: [-3, -10, -4, 17, 5, 6]
IM-000000011511178-AP1.png ::::::::: [6, 2, 0, 12, 2, 0]
IM-000000010890124-AP1.png ::::::::: [-5, -5, -3, 7, 2, 16, 16, 15, 2, 2, 4, 4, 3, 2, -10, 241, 1, 2, 1, 2, 0]
IM-000000011143060-AP1.png ::::::::: [5, 4, 3, 10, 7, 5, 7, 5, 10]
IM-000000011379333-AP2.png ::::::::: [13, 15, 14, 12]
IM-000000011370742-AP1.png ::::::::: [8, 7, 4, 4, 2, 13, 3, 4]
IM-000000011387105-AP1.png ::::::::: [3, -13]
IM-000000011378803-AP1.png ::::::::: [1, -5, 127]
IM-000000010865989-AP1.png ::::::::: [-8, 7, -9, -3, -1, -2, 0]
IM-000000011386934-AP2.png ::::::::: [1, 8, 2, 12, -12, 1, 11, -13, -11, 3, 13, 2, 13, 3]
IM-000000011386944-AP1.png ::::::::: [2, 28, 3, 5, 36, 17]
IM-000000011378586-AP1.png ::::::::: [8, -2, -2, -3, -3, 8, 4, 6, 17, 8, 8, 19, 4, 6, 6, 6, 22, 5, 5, 6, 5, 23, 5, 6, 6, 5, 23, 5, 6, 6, 7, 23, 3, 5, 6, 5, 23]
IM-000000010638076-AP1.png ::::::::: [11]
IM-000000010655224-AP1.png ::::::::: [8, 9, 2, 5, 4, 13, 1, 5, 19]
IM-000000011378913-AP1.png ::::::::: [13, 3, 216]
IM-000000010819088-AP6.png ::::::::: [6, 5, 5, 6, 17, 5, 1, 5, 4, 4, 14, 6, 3, 5, 17, 6, 5, 2, 4, 4, 4, 14, -10, 7, 4, 6, 17, 4, 6]
IM-000000011378631-AP1.png ::::::::: [8, -2, -1, -2, -3]
IM-000000011379338-AP1.png ::::::::: [5, 21, 8, 7, 6]
IM-000000011387010-AP1.png ::::::::: [4, 4, 5, 2, 1, -11, 4, 3, 6, 33, 5, 63, 6, 6, 7, 6]
IM-000000011379382-AP2.png ::::::::: [3, 0, -7, 24, -4, 3, 9, 14, -5, 4, 10, 15, -4, 4, 9, 14, -4, 5, 8, 11, -4, 4, 6, 13, -4, 4, 9, 13, -4, 5, 8, 12, -4, 5, 7, -10, -8, 14, 2]
IM-000000010071904-AP1.png ::::::::: [5, 17, 10, 5, 6]
IM-000000010814247-AP1.png ::::::::: [9, -11, 8, 14, 12, 8, 12, 14, 8, 13]
IM-000000011379588-AP1.png ::::::::: [-7, 19, 3, 4, 2, 0]
IM-000000011379361-AP1.png ::::::::: [9, 3, 5, 5, 4, 4, 4, 2, 3, 3, 5, 4, 4, 3, 5, 4, 6]
IM-000000011379412-AP1.png ::::::::: [14, -7, 6, 6, 11, 8, 9, 14, 7, 9]
IM-000000011249368-AP1.png ::::::::: [-8, 24, 7, 6, 7, 7, 6, 8, 7]
IM-000000011387565-AP1.png ::::::::: [5, 7, 14, -3]
IM-000000009466516-AP1.png ::::::::: [5, 2, 13, 5]
IM-000000011378898-AP1.png ::::::::: [0, 0, 10, 2]
IM-000000010662990-AP1.png ::::::::: [5, 6, -5, 5, 8]
IM-000000011378615-AP2.png ::::::::: [8, -1, -1, -2, -3, 7, 23, 4, 4, 34]
IM-000000011387521-AP2.png ::::::::: [18, -3, -3]
IM-000000011378648-AP2.png ::::::::: [6, -4, -3, -2, -2]
IM-000000011343858-AP1.png ::::::::: [6, 1, 0, 8, 1, 2]
IM-000000011379801-AP1.png ::::::::: [-7, 0, -3, 2, 21, 8, 58, 7, 120, 5, 5, 4, 4, 180]
IM-000000011379101-AP2.png ::::::::: [5, 12, 21, 5, 5, 7, 5, 23, 4, 5, 8, 23, 22, 7, 5, 7, 22, 6, 5, 6, 144]
IM-000000011253951-AP2.png ::::::::: [16, 2, 4, -3, -4, 1, 3, 29, 3, 5, -3, -2, 2, 3]
IM-000000011386923-AP1.png ::::::::: [14, 5]
IM-000000011387230-AP2.png ::::::::: [2, 64]
IM-000000010854737-AP1.png ::::::::: [7, 7, 4, 3, 2, 15, 4, 3, 5]
IM-000000010731884-AP1.png ::::::::: [6, 3, 1, 1, 0]
IM-000000011386879-AP3.png ::::::::: [-1, -4, 16, 4, 7, 4, 8]
IM-000000011387630-AP1.png ::::::::: [15, 2, 4, 9, 3, 0, 9, 1, 5, 8, 3, 2, 10, 2, 4]
IM-000000011387385-AP1.png ::::::::: [12, 3, 4, 2, 12, 12]
IM-000000011387485-AP1.png ::::::::: [-1, -4, 16, 4, 2, 4, 4, 5, 2, 2, 4, 4, 5, 4, 6, 5, 4, 4, 8]
IM-000000011254336-AP1.png ::::::::: [-3, -5, 18, 4]
IM-000000011127055-AP1.png ::::::::: [-3, 14, 174, 5]
IM-000000010859297-AP1.png ::::::::: [11, 7, 7, 6, 6, 7]
IM-000000009677502-AP1.png ::::::::: [-7, 0, 10, 10, 2, 3, 66, 7]
IM-000000011379058-AP1.png ::::::::: [13, 4, 6]
IM-000000011379262-AP2.png ::::::::: [-3, -8, -2, 31, 8, 8, 8, 9, 6, 8]
IM-000000011379334-AP1.png ::::::::: [10, -6, 6, -6, 20, -6, 6, -7, 5, 18, 5, 3, 259, 17, 4, 3]
IM-000000010854739-AP1.png ::::::::: [-11, 7, 8, 3, 2, 3, 14, 3, 3, 5]
IM-000000011379430-AP2.png ::::::::: [12, 6]
IM-000000011186418-AP1.png ::::::::: [-10, 14, 4, 4, 4, 4]
IM-000000011379369-AP1.png ::::::::: [6, 9, 6, 3, 6, 4, 6, 4]
IM-000000011284773-AP1.png ::::::::: [6, 19, 2, 4, 6, 9, 4, 5]
IM-000000010733581-AP1.png ::::::::: [-9, 19, 3, 1, 3, 15, 3, 3, 4, 15, 4, 2, -12, 1, 4, 14, -12, 4, 2, 5, 13, 4, 1, 1]
IM-000000011379595-AP1.png ::::::::: [19, 3, 3, 1, 1]
IM-000000011678625-AP1.png ::::::::: [12, 3, 4, 34, 23, 5, 7, 6, 55, 7, 8, 8, 9, 22, -11, 21, 6, 6, 7, 20, 6]
IM-000000010840195-AP1.png ::::::::: [7, 11, 10, 11, 11, 11, 10, 11, 10]
IM-000000010733591-AP1.png ::::::::: [21, 2, 2, 3, 3, 13, 4, 3, 4, 13, -11, 4, 3, 2, 13, 3, 2, -12, 1]
IM-000000011376572-AP1.png ::::::::: [10, 8, 8, 8]
IM-000000011009945-AP1.png ::::::::: [4, 5, 3, 5, 4, 3, 5, 4, 5, 4, 5, 5, 4, 5, 4, 6, 5, 6, 4, 6]
IM-000000011386858-AP1.png ::::::::: [11, 3, 16, 21, 19, 2]
IM-000000011387365-AP1.png ::::::::: [12, 5, 3, -2, 13, 17, 11, -7, 11, 14, 2, 2, 6, 4, -4, -2, 4, 11, 11, 20]
IM-000000011378588-AP2.png ::::::::: [7, -1, -2, -3, -3]
IM-000000009606437-AP5.png ::::::::: [5, 5, 7, 4, 4, 5, 37]
IM-000000009421314-AP1.png ::::::::: [5, 3, 5, 6, 6, 6, 6]
IM-000000010485223-AP1.png ::::::::: [6, 18]
IM-000000011186421-AP1.png ::::::::: [13, 5, 5, 5, 5]
IM-000000011378712-AP1.png ::::::::: [-10, 21, 13, 13, 12, 14]
IM-000000011828276-AP1.png ::::::::: [15, 6]
IM-000000011386733-AP1.png ::::::::: [16, 11, 11, 9, 9, 11, 12, 11, 13, 9, 10, 12, 11, 11, 11, 12, 11, 9, 10, 10, 11, 11]
IM-000000010666197-AP1.png ::::::::: [-4, -2, -5, 24, 3, 9]
IM-000000011254325-AP1.png ::::::::: [-1, -2, 19, 5]
IM-000000011379192-AP1.png ::::::::: [3]
IM-000000010652225-AP1.png ::::::::: [-2, -2, 5, 6, 7, 8, 6, 8]
IM-000000011386904-AP1.png ::::::::: [-3, -10, -4, 17, 4, 9, 4, 10, 3, 9, 5, 9, 4, 8, 5, 9, 4, 10, 5, 9, 5, 6]
IM-000000011333681-AP1.png ::::::::: [12, 7, 8, 8, 8, 8]
IM-000000010652238-AP1.png ::::::::: [-1, -2, 5, 7, 6, 5, -7, 8, 6, -7, 6, -10, 5, -9]
IM-000000011254323-AP1.png ::::::::: [-3, -9, -3, 19, 5]
IM-000000011101955-AP1.png ::::::::: [-4, -5, -4, -5, 8, 3, 4, 2, 5, 4, 16, 16, 14, 2, 3, 4, 5, 3, 1, -10, 193, 1, 2, 1, 3, -1]
IM-000000011686659-AP11.png ::::::::: [-3, -2, -4, -5, 5, 2, 14, 4, 7, 7, 5, 14, 2, 3, 2, 15, 5, 7, 7, 6, 15, 3, 3, 3, 4, 1, 1]
IM-000000011379333-AP1.png ::::::::: [10, 15, 14, 13, 12, 16, 14, 13, 11, -9, 14, 11]
IM-000000011379443-AP6.png ::::::::: [4, 6, 26, 3, 6, 6, -11, 5, 7, 9, 3, 5, 8, 3, 6]
IM-000000011101911-AP1.png ::::::::: [11, 7, 9, 6, -9, 9, 8]
IM-000000011523182-AP1.png ::::::::: [-3, -2, -4, -6, 4, 4, 6, 5, 27, 3, 3, 4, 4]
IM-000000011741699-AP1.png ::::::::: [5, 4, 2, 2]
IM-000000011378984-AP1.png ::::::::: [10, 3, 16, 20, 21, -8, 23, 2, 9, -7, 3, 8, 3, 9, 1, 9, -7, 3, 10, 2, 9, -8, 3, 11, -7, 5, 12]
IM-000000011379440-AP5.png ::::::::: [10, 8, 7, 7, 5, 8, 9]
IM-000000011379373-AP1.png ::::::::: [-9, 2, -1, -8, 25, -5, 4, 10, 13, -4, 5, 10, 13, -6, 4, 9, 12, -5, 3, 9, 15, -4, 4, 8, 14, 5, 8]
IM-000000011285439-AP1.png ::::::::: [10, 0]
IM-000000011143059-AP1.png ::::::::: [6, 4, 5, 10, 6, 7, 12]
IM-000000011583836-AP1.png ::::::::: [5, 1, 11, 2, 1, 10, 0, 10, 0, 10, 2, 10, -1, -11]
IM-000000011685260-AP1.png ::::::::: [6, 6, 16, 4, -11, 3]
IM-000000011386904-AP2.png ::::::::: [-3]
IM-000000010731886-AP1.png ::::::::: [5, 1, 1, 1, 9, 0, 1, 2, 1, 11, 0, 0, 1, 1]
IM-000000009479483-AP2.png ::::::::: [2, 1, 6, 5]
IM-000000011143058-AP1.png ::::::::: [6, 4, 4, 9, 5, 4, 6, 7, 6, 10]
IM-000000010301545-AP2.png ::::::::: [2, 5, 4, 24, 5, 14, 5, 4, 16, 4]
IM-000000010534569-AP1.png ::::::::: [-7, -4, -7, 8, 7]
IM-000000010881253-AP1.png ::::::::: [-1, 0, 9, 1]
IM-000000011379343-AP1.png ::::::::: [9, -6, 388, 15, 6, 4]
IM-000000011249371-AP1.png ::::::::: [-9, 21, 8, 6, 9]
IM-000000011186251-AP1.png ::::::::: [8, 8, 4, 5, 3, 16, 4, 4, 18, 8, 4, 4, 3, 14, 0, 2]
IM-000000010638217-AP1.png ::::::::: [8, 10]
IM-000000010865965-AP1.png ::::::::: [12, 3, 3, 4, 4]
IM-000000011380030-AP1.png ::::::::: [3, -1, 16, 3, 4, 2]
IM-000000011249374-AP1.png ::::::::: [4]
IM-000000011386943-AP1.png ::::::::: [2, 27, 3, 36]
IM-000000011387354-AP1.png ::::::::: [12]
IM-000000011378884-AP1.png ::::::::: [3, -2, 19, 2, 5, 2]
IM-000000011378956-AP1.png ::::::::: [3, 6, 5, 5, 6, 3, 4, 4, 4, 5, 5, 4, 1, 5, 5, 5, 5, 5, 5, 5, 5, 5]
IM-000000011322085-AP1.png ::::::::: [7, 1, 3, 8, 1, 1, 7, 1, 3]
IM-000000010865961-AP1.png ::::::::: [13, 4, 3, 3]
IM-000000010712583-AP1.png ::::::::: [13, -5]
IM-000000011379837-AP1.png ::::::::: [4, 3, 3, 1, 14, 3]
IM-000000011344106-AP1.png ::::::::: [-10, 11, 7, 8, 8, 6, 7, 7, 7, 7, 7, 7, 7, 7, 8, 7, 6, 6, 7, 6, 6, 7]
IM-000000010768804-AP1.png ::::::::: [17, 8, 6]
IM-000000010865958-AP1.png ::::::::: [12, -8, 3, 3, 3, 4]
IM-000000011379805-AP3.png ::::::::: [5, -9, 0, 3, 62, 4, 5, 3, 4, 374]
IM-000000010881247-AP1.png ::::::::: [3, 11]
IM-000000011378606-AP3.png ::::::::: [7, -2, -3, -3, -3]
IM-000000011367584-AP1.png ::::::::: [8, 10, -8, 11, 10, 10, 11, 11, 10, 11]
IM-000000011387369-AP1.png ::::::::: [5, 16]
IM-000000009411514-AP1.png ::::::::: [5, 3, 6, 5, 7, 7, 6]
IM-000000011379836-AP1.png ::::::::: [4, 4, 1, 11, 3, 3, 3, 13, 3, 13, 4, 14, 3, 13, 4, 15, 4]
IM-000000010676246-AP1.png ::::::::: [11, -8, 1, 2, 1, 0]
IM-000000011386966-AP1.png ::::::::: [11, 3, 15, -8, 23, 21, 1]
IM-000000011379453-AP2.png ::::::::: [-14, 2, 27, 9, 11]
IM-000000010965479-AP2.png ::::::::: [8, 7, 4, 3, 4, 4, 14, 0, 3, 2, 5, 4, 4, 4, 18, 48, 8, 3, 1, 4, 5, 13, 1, 1, 3, 6, 5, 4, 5, 19]
IM-000000010772103-AP1.png ::::::::: [8, 9, 4, 3, 14, 4, 5]
IM-000000011190599-AP1.png ::::::::: [-3, -6, 11, 7, 7, -8, 6, 9, 8, -3, -4]
IM-000000011379419-AP2.png ::::::::: [-5, 0, -4, 2, 62, 5, 4, 4, 4, -11, 372]
IM-000000011387282-AP1.png ::::::::: [10, 4, 15, 21, 2, 10, 4]
IM-000000011379443-AP9.png ::::::::: [5, 6, 24, 3, 7, 5, 7, 5, 7, 9, 4, 7, 8, 3, 7]
IM-000000009480622-AP1.png ::::::::: [10, 3, 17, 4]
IM-000000011387445-AP1.png ::::::::: [-4, 9, 4, -3, 17, -3, -2, 6, 5]
IM-000000009433102-AP1.png ::::::::: [7, 7, 4, 6]
IM-000000011379657-AP1.png ::::::::: [16, 5, 2, 6, 5, 5, 4, 4, -10, 5, 4, 20]
IM-000000011378804-AP20.png ::::::::: [-3, -2, -3, -5, 16, 5, 6, 4, 3, 18, 3, 6, 4, 16, 5, 4, 4, 4, 16, 4, 7, 3, 15, 5, 5, 3, 3]
IM-000000011379470-AP1.png ::::::::: [-4, -6, -3, 9, -12, 7, 7, 7, 7, 8, 8, 6, 7, 8, -10, -28, -9]
IM-000000011378667-AP1.png ::::::::: [3, 0]
IM-000000011254332-AP1.png ::::::::: [-1, -3, 19, 4]
IM-000000010865975-AP1.png ::::::::: [12, -9, 2, 2, 2]
IM-000000009418599-AP1.png ::::::::: [6, 3, 4, 6, 4, 7, 6]
IM-000000010712587-AP1.png ::::::::: [14, -5]
IM-000000011386871-AP1.png ::::::::: [-2, -5, 17, 5, 7]
IM-000000011098840-AP2.png ::::::::: [2, 14, 3, 2, 5, 4, 4, 3, 4, 4, 4, 4, 3, 4, 4, 3, 3, 3, 4, 3, 3, 3]
IM-000000010929702-AP1.png ::::::::: [-4, -3, -3, -5, 8, 3, 4, 2, 4, 2, 3, -1, 3, 15, 17, 13, 2, 2, 4, 4, 4, 171, 1, 1, 0, 1, 1]
IM-000000011369972-AP1.png ::::::::: [16, 5]
IM-000000010843146-AP1.png ::::::::: [8, 8, 3, 3, 3, 14, 3, 2, 3, 3, 4, 5, 4, 19]
IM-000000011186271-AP1.png ::::::::: [15, 6, 7, 5, 14, 2]
IM-000000011386922-AP1.png ::::::::: [14, 4]
IM-000000011387163-AP1.png ::::::::: [10, 3, 14, 22, 20, -7, 3, 11]
IM-000000011387384-AP2.png ::::::::: [21]
IM-000000010585549-AP1.png ::::::::: [9, 8, 7, 7, 7, 7, 8, 8, 7, 6]
IM-000000011379120-AP1.png ::::::::: [0, 0, 10, 2]
IM-000000010772396-AP1.png ::::::::: [-6, -6, 10, 7, 8, -8, 6, 6]
IM-000000010662988-AP1.png ::::::::: [5, 6, 4, 8]
IM-000000011378804-AP22.png ::::::::: [-3, -2, -3, 5, 3, 5, 4, 5, 16, 3, 7, 4, 15, -63, -62, 4, 5, 17, 3, 6, 4, 15, 6, 5, 3, 5]
IM-000000011386948-AP1.png ::::::::: [3, 26, 3, 16, 4, 16, 3, 17, 4, 16, -3, 4, 16, 5, 17, 4, 4, 16, 3, 17, 4, 4, 15, 4]
IM-000000011379149-AP1.png ::::::::: [10, 4, 2, 0, 13, 3, 4]
IM-000000011186251-AP2.png ::::::::: []
IM-000000011143056-AP1.png ::::::::: [5, 5, 5, 9, 4, -12, 6, 6, 7, 10, 20, 7, 6, 8, 8, 13]
IM-000000009436489-AP1.png ::::::::: [14, 9, 26, 55, 26]
IM-000000010772567-AP1.png ::::::::: [5, 7, 4, 5, 2, 2, 12, 4, 4, 18]
IM-000000011378639-AP1.png ::::::::: [8, -1, -2, -2, -3, 8, 3, 6, 7, 18, 8, 7, 19, 2, 19, -9, 6, 22, 4, 20, 3, 22, 6, 23, 3]
IM-000000010755800-AP2.png ::::::::: [7, -1, -2, -2, -3, 8, 17, 5]
IM-000000011369019-AP39.png ::::::::: [13, 4, 4, 4, 4]
IM-000000011249355-AP1.png ::::::::: [8, 7, 5, 17, 2, 3]
IM-000000011379276-AP2.png ::::::::: [5, -5, 0, -3, 3, 62, 3, 3, 4, 4, 374]
IM-000000010663073-AP1.png ::::::::: [6, 3, 1, 13, 1, 1]
IM-000000011677806-AP1.png ::::::::: [19, 7, 12, 7, 14, 6, 14, 7]
IM-000000011379530-AP1.png ::::::::: [3, 5, 3]
IM-000000011379972-AP1.png ::::::::: [4, 5]
IM-000000010676276-AP1.png ::::::::: [10, 0, 1, 1]
IM-000000011101899-AP1.png ::::::::: [9, 8, 2, 3, 4, 13, 3, 5]
IM-000000010733603-AP1.png ::::::::: [20, 3, 3, 3, 5, 15, 3, 15, 3, 5, 2, 11, 2, 5, 14, 2, 1, 1]
IM-000000011369019-AP2.png ::::::::: [13, 4, 4, 4, 4]
IM-000000011386671-AP2.png ::::::::: [6, 0, -1, -10, -7, -5, -4, -5, -7, -4, -3, -1, 6, 3, 15, 6, 7, 14, 4, 5, 15, 4, 7, 15, 4, 6, 15, 4, 3, -6, 15, 5, 4, 16, 6, 5, 16, 6, 6]
IM-000000011459575-AP11.png ::::::::: [-3, -4, -5, -4, 5, 3, 13, 2, 12, 3, 6, 4, 15, 2, 14, 4]
IM-000000011387583-AP1.png ::::::::: [-8, 10, 3]
IM-000000011367517-AP1.png ::::::::: [9, 6]
IM-000000011378874-AP1.png ::::::::: [11, 21, -7, 21]
IM-000000011686659-AP12.png ::::::::: [-4, -2, -4, -5, 3, 13, -9, 5, 9, 5, 5, 14, 3, 3, -125, -69, 3, 3, 15, 4, 8, 7, 4, 15, 0, 2, 3]
IM-000000010865935-AP1.png ::::::::: [12, 4, 5, 4, 4]
IM-000000011249352-AP1.png ::::::::: [-10, 12, 7, 8]
IM-000000011186273-AP1.png ::::::::: [15, 7, 13, 0]
IM-000000010948372-AP1.png ::::::::: [-4, -3, -3, -2, 6, -9, 3, 4, 15, 15, 15, 3, 0, 4, 4, 4, 2, 1, 5, 4, 4, 2, 4, 159, 2, 1, 0, 3, 2]
IM-000000011379204-AP1.png ::::::::: [11, 3, 9, 3, 16, 20, 2, 9, -7, 3, 8, -8, 3, 9, 3, 12, 3]
IM-000000011386879-AP1.png ::::::::: [-4, -9, -3, 17, 5, 9, 5, 8, 4, 9, 3, 9, 5, 9, 6, 9, 4, 10, 4, 7, 3, 9, 5, 6, 4, 8, 5]
IM-000000010965551-AP1.png ::::::::: [-7, 3, -8, -7, -2, 0, -1]
IM-000000010652229-AP1.png ::::::::: [-1, -1, 5, -7, 8, 7, 6, -7, 7, -6, 6, 7]
IM-000000011378804-AP17.png ::::::::: [-3, -2, -3, -6, 5, 4, 6, 5, 16, 4, 5, 4, 5, 17, 5, 7, 4, 15, 4, -109, -81, 2, 13, -9, 4, 8, 3, 15]
IM-000000010952149-AP1.png ::::::::: [8, 9, 3, 16, 2, 4, 20, 8, 18, 3, 5]
IM-000000011378619-AP1.png ::::::::: [6, -3, -2, -3, -3, 7, 6, 6, 17, 8, 7, 19, 3, 5, 24, 4, 5, 23, 4, 5, 22, 4, 5, 22, 3, 6, 21, 3, 7, 20, 4, 5, 22, 5]
IM-000000011286384-AP1.png ::::::::: [13, 5, 4, 5, 4]
IM-000000011379456-AP4.png ::::::::: [4, 5, 5, 3]
IM-000000011796877-AP1.png ::::::::: [1, -9, 548]
IM-000000011379263-AP1.png ::::::::: [-3, -4, 17, 4, 8]
IM-000000011378611-AP4.png ::::::::: [-3, -3, -3, -3, 8, 5, 23, 4, 5, 6, 6, 24, 4, 4, 6, 5, 23, 4, -6, 6, 7, 5, 22, 3, 3, 4, 6, 23, 4, 4, 6, 5, 35]
IM-000000010842434-AP1.png ::::::::: [13]
IM-000000011102079-AP1.png ::::::::: [12, 7, 8, 8, 7, 6, 7, 7, 7]
IM-000000011794225-AP1.png ::::::::: [8, -2, -2, -2, -3]
IM-000000011378593-AP1.png ::::::::: [7, -1, -2, -4, -4, 8, 6, 6, 5, 18, 8, 9, 19, 4]
IM-000000011310221-AP1.png ::::::::: [0, 15, 14, 15, 12, 110, 4, 366]
IM-000000011386715-AP1.png ::::::::: [13, -1, -5, 12, -4, -3, 11, -5, -2, 12, -2]
IM-000000011387232-AP1.png ::::::::: [-2, -4, 15, 3, 4, 10, 3, 3]
IM-000000010832526-AP1.png ::::::::: [10, 7, 9, 8, 8, 7, 7]
IM-000000011386881-AP2.png ::::::::: [-3, -10, -4, 17, 4, 7, 4, 8, 4, 8, 4, 9, 4, 9, 3, 9, 5, 10, 5, 8, 5, 6]
IM-000000010679224-AP1.png ::::::::: [4, 2, 1, 2]
IM-000000011379508-AP1.png ::::::::: [13, 5, 6]
IM-000000011387155-AP1.png ::::::::: [11, 3, 9, -7, 4, 10, 1, 9, 3, 8, -8, 4, 11, 3, 12, 3, 12, 3]
IM-000000011386728-AP1.png ::::::::: [11, 3, 11, 3, 15, 21, -7, 23, 3]
IM-000000011386739-AP1.png ::::::::: [16, 7, 11, 13, 8, 10, 12, 12, 11, 10, 12, 12, 11, 11, 13, 12, 12, 9, 11, 9, -7, 9, 10]
IM-000000011064237-AP1.png ::::::::: [-4, -2, -5, 22, 5, 8, -9, 16, -10, 3, 7, -11, -8, 5, 8, 17, 15, 4, 10, 4, 9, 3, 10, 14, -10, 14]
IM-000000011102691-AP1.png ::::::::: [-12, 8, 8, 17, 3, 3, 5, 4, 4, 5, 4, 4, 4, 4]
IM-000000011379685-AP1.png ::::::::: [7]
IM-000000011379440-AP7.png ::::::::: [9, 8, 7, 8, 7, 9, 8]
IM-000000011379440-AP2.png ::::::::: [9, 7, -11, 8, 6, 10, 6, 10, 4, 11, 9]
IM-000000011310474-AP18.png ::::::::: [19, 5, 6, 5, 5, 4, 5, 6, 5, 6, 6, 6, 6, 5, 6, 6, 5, 7, 7]
IM-000000011387317-AP1.png ::::::::: [18, 4, 6, 6, 5]
IM-000000010809068-AP4.png ::::::::: [10, -7, 1, 0, 0, 1]
IM-000000011379309-AP1.png ::::::::: [10, 3, 16, 21, 22, -7, 3, 12]
IM-000000011186432-AP1.png ::::::::: [13, 4, 5, 3]
IM-000000011378578-AP1.png ::::::::: [7, -3, -2, -2, -2]
IM-000000010842922-AP1.png ::::::::: [-4, -4, -3, 7, -9, 4, 3, 4, 4, 15, 16, 14, 2, 0, 4, 5, 4, 1, -11, 205, 2, -1, 0, 2, 1]
IM-000000011143055-AP1.png ::::::::: [6, 5, 4, 8, 6, 8, 11]
IM-000000011598501-AP1.png ::::::::: [-5, -1, 3, 4, 2, 352]
IM-000000011387279-AP1.png ::::::::: [11, -9, -1, 0, 3, 1, 1]
IM-000000011386696-AP2.png ::::::::: [-3, 10, 5, -3, -2, 5, 5, 6, 5, 4, -3, -2, 4, 5, 5, 5]
IM-000000011201057-AP1.png ::::::::: [2, 15, 2, 4, 3, 3, 3, 3, 4, 3, 4, 3, 4]
IM-000000011378635-AP2.png ::::::::: [7, -3, -1, -2, -3]
IM-000000011387399-AP1.png ::::::::: [7, 1, 13, 5, 3]
IM-000000011379481-AP1.png ::::::::: [-12, 4, 28, 4, 4, 2, 7, 15]
IM-000000011386898-AP1.png ::::::::: [-2, -5, 16, 5, 7]
IM-000000011387483-AP1.png ::::::::: [-1, -5, 16, 3, 1, 4, 5, 6, 3, 3, 3, 3, 4, 4, 4, 5, 5, 4, 4, 5]
IM-000000011379799-AP1.png ::::::::: [-6, 0, -3, 3, 19, 9, 59, 6, 34, 9, 59, 1, -3, 3, 197]
IM-000000011127054-AP1.png ::::::::: [-1, 14, 15, 14, 14, 13, 86, 4, 365]
IM-000000011459575-AP5.png ::::::::: [-3, -2, -3, -5, 4, 3, 8, 5, 14, 3, 3, 14, 3, 7, -49, -54, 1, 2, 13, 3, 8, 3, 15, 3, 1, 15]
IM-000000010473802-AP1.png ::::::::: [4, 4, 4, 7]
IM-000000010865976-AP1.png ::::::::: [-10, 12, 3, 1, 3, 2, 3]
IM-000000011387035-AP2.png ::::::::: [1, -11, 3, 18, 4, 19, 3, 17, -11, 4, 19, 4, 3, 30, 5, 32, -10, 3]
IM-000000011379916-AP1.png ::::::::: [13, 5, 4, 5, 5, 357, -10]
IM-000000011387188-AP1.png ::::::::: [7, 9, 8, 7, 8, 24, 25, 20]
IM-000000011379818-AP2.png ::::::::: [-11, -1, 2, 19, 7, 60, 3, 0, 31, 9, 58, 7, 34, 10, 58, 8, 32, 20]
IM-000000010288286-AP1.png ::::::::: [-2, -3, 12]
IM-000000010831843-AP5.png ::::::::: [11, 7, 7, 8, 8, 8, 8, 8, 9, 8, 8, 8, 8, 9, 9, 9, 8, 8, 8, 8, 8, 9, 8, 8]
IM-000000011379353-AP1.png ::::::::: [1, 14, 14]
IM-000000010652236-AP1.png ::::::::: [-1, -2, 4, 6, 7, 7, 5]
IM-000000010831546-AP1.png ::::::::: [-9, 11, 0, 2, 2]
IM-000000010579474-AP2.png ::::::::: [0, 32, 32, 40, 6, 4, 4, 15, 5, 4, 3, 17, 1, 3]
IM-000000011386731-AP1.png ::::::::: [15, 9, 11, 11, 9, 11, 10, 13, 10, 10, 11, 9, -8, 11, 10, 11, 11, 11, 10, 11, 9, 10, 11]
IM-000000011101917-AP1.png ::::::::: [9, 9, 2, 4, 3, 13, 3, 4, 18]
IM-000000011513089-AP1.png ::::::::: [10, 4, 4, 4, 4, 4, 4, 5, 5]
IM-000000010708248-AP1.png ::::::::: [8, 7, 3, 5, 13, 3, 5]
IM-000000009428244-AP1.png ::::::::: [14, 11, 27]
IM-000000011386927-AP1.png ::::::::: [-5, 0, 9, 11, 2, 14, 3, 12, 3, 11, -11, 3, 12, -10, 2, 12, 2, 5, 14, 1, 5, 14, -10, 1, 13, 2, 13, -10, 3, 3, 13, 2]
IM-000000010741418-AP1.png ::::::::: [4, 3, 1, 2, 4, 3, 1, 1, 4, 2, 2, 2, 7, 3, 2, 3]
IM-000000011322047-AP1.png ::::::::: [7, 8, 3, 4, 5, 14, 5, 3, 4, 4]
IM-000000009793863-AP1.png ::::::::: [4, 19, 18, 5, 4, 4, 8, 3, 4]
IM-000000009930263-AP2.png ::::::::: [8, 2, 2, 1, 4, 3, 3, 3, 3, 2, 1, 2, 3, 3, 2, 3, 4, 4]
IM-000000010881232-AP1.png ::::::::: [4, 2, 2, 12, 2, 2]
IM-000000010901645-AP1.png ::::::::: [-4, -4, -3, 8, 2, 3, 4, 4, 15, 16, 14, 2, 0, 4, 3, 3, 2, 0, -7, 196, 2, -1, 0, 2, 1]
IM-000000011186378-AP1.png ::::::::: [14, 5, 4, 3, 4]
IM-000000011378608-AP1.png ::::::::: [7, -1, -1, -3, -4]
IM-000000010731885-AP1.png ::::::::: [5, 2, 2]
IM-000000011387035-AP1.png ::::::::: [3, 5, 3, 16, 4, 18, 3, 4, 15, -10, 3, 16, -10, 4, 19, 5, 3, 31, 5]
IM-000000011379424-AP2.png ::::::::: [2, 23, 4]
IM-000000011387644-AP1.png ::::::::: [-4, -4, 23, 11]
IM-000000010733588-AP1.png ::::::::: [-10, 21, 3, 1, 2, 14, 4, 6, 2, 13, 4, 6, 2]
IM-000000009457732-AP1.png ::::::::: [23, 5, 25, 6, 25, 5, 25, 5, 26, 6]
IM-000000011386760-AP1.png ::::::::: [38, -3, -3, 34, 37]
IM-000000011269479-AP1.png ::::::::: [4, 13, 6, 12, 14, 13, 13, 12, 11, 13, 14, 14, 12, 13, 13, 12, 13, 5, 14]
IM-000000011386720-AP1.png ::::::::: [19, 7, 4]
IM-000000011379278-AP2.png ::::::::: [8, 12, 6, 4, 5, 5, 4, 5, 7, 6, 12, 4, 4, 4, 6, 5, 6, 8, 12, 6, 5, 4, 5, 5, 5, 6, 9, 12, 6, 5, 5, 4, 6, 4, 6, 9, 12, 5, 4, 5, 3, 5, 6]
IM-000000011379715-AP2.png ::::::::: [13, 3, 8, 10, 6]
IM-000000011387123-AP1.png ::::::::: [4, 8, -9, 24, 25]
IM-000000010663061-AP1.png ::::::::: [6, 3, 1, 13, 1, 1]
IM-000000011378649-AP2.png ::::::::: [-2, -3, -1, -3]
IM-000000011379623-AP1.png ::::::::: [15, 8, 6, 7]
IM-000000011379554-AP1.png ::::::::: [8, 6, 9, 17, 5, 8, 16, 7, 6, 6]
IM-000000011387345-AP1.png ::::::::: [0, 0, 21, 3]
IM-000000011386693-AP1.png ::::::::: [-3, 10, 5, -4, -2, 5]
IM-000000011379198-AP1.png ::::::::: [5]
IM-000000011379016-AP1.png ::::::::: [14, 4, 5]
IM-000000011500982-AP1.png ::::::::: [3, 5, 4, 5, 7, 5, 5, 7]
IM-000000010865953-AP1.png ::::::::: [12, 4, 3, 4, 4]
IM-000000011379668-AP1.png ::::::::: [9]
IM-000000010952151-AP2.png ::::::::: [9, 8, 4, 2, 3, 14, -1, 1, 4, 3, 4, 17, 45, 9, 3, 4, 2, 14, 4, 3, 4, 1, 3, 16]
IM-000000010756064-AP1.png ::::::::: [11, 8, 6, 7]
IM-000000011667222-AP1.png ::::::::: [4, 1, 9, 2, 450]
IM-000000011379382-AP3.png ::::::::: [2, 0, -6, 18, 13, -5, 3, 9, 14, -5, 2, 8, 12, -4, 5, 9, 13, -4, 4, 8, -10]
IM-000000011386959-AP1.png ::::::::: [2, 4, 1, 18, 2, 3, 30, 2, 18, 5, 19, 5, 21, 3, 18, 6]
IM-000000011459575-AP4.png ::::::::: [-5, -3, -3, -5, 3, 3, 7, 4, 15, 3, 2, 14, 3, 6, 4, -45, -45, 2, 15, 3, 6, 4, 14, 4, 4]
IM-000000011379381-AP1.png ::::::::: [3, 1, 23, -6, 4, 7, -9]
IM-000000011387374-AP1.png ::::::::: [21, -8, 102, 8]
IM-000000011387413-AP1.png ::::::::: [10, 3, 16, 20, 22, 1, 8, 21, 2, 8, -7, 3, 10, -7, 4, 15, 2, 16, 4]
IM-000000009411510-AP3.png ::::::::: [5, 7, 6, 6, 6, 4, 4]
IM-000000011387362-AP1.png ::::::::: [12]
IM-000000011333685-AP1.png ::::::::: [10, 7, 8, 8, 7, 6, 8, 8, 5]
IM-000000009423673-AP1.png ::::::::: [3, 2, 14, 3]
IM-000000011386960-AP1.png ::::::::: [10, 3, 16, 21, 2, 9, 1, 9, -7, 4, 15, 3, 16, 1]
IM-000000011379109-AP1.png ::::::::: [15, 8, 7, 9, 7, 8, 10]
IM-000000011387606-AP1.png ::::::::: [5, 15, 4, 4, 4, 4]
IM-000000011379814-AP2.png ::::::::: [-6, -1, -4, 4, 17, 33, 10, 60, 6, 33, 9, 60, 7, 172]
IM-000000011435888-AP1.png ::::::::: [1, 548]
IM-000000011379589-AP1.png ::::::::: [12, 17, 3, 1, 1, 3]
IM-000000010652233-AP1.png ::::::::: [-3, -2, 4, 5, -10, 6]
IM-000000010963995-AP1.png ::::::::: [12, 5, 6, 5]
IM-000000009411514-AP2.png ::::::::: [4]
IM-000000011369019-AP27.png ::::::::: [13, 4, 4, 5]
IM-000000011378710-AP1.png ::::::::: [-10, 20, 12, 12]
IM-000000011387240-AP1.png ::::::::: [11, 3, 8, 2, 8, 2, 15, -7, 23, 21, 0, 9, 20, 2, 9, -7, 3, 10]
IM-000000011379561-AP1.png ::::::::: [12, 14, 61, 7, 31, 9, 8]
IM-000000010663071-AP1.png ::::::::: [5, 0]
IM-000000011548113-AP1.png ::::::::: [-2, -4, 25, 24, 23, 23, 23, 23, 22, 22, 24]
IM-000000011378644-AP1.png ::::::::: [-3, -2, -1, -4, 8, 7, 5, 17, 8, 8, 19, 5, 21, -8, 6]
IM-000000010756067-AP1.png ::::::::: [10, 8, 7, 7, 8, 8]
IM-000000011378579-AP2.png ::::::::: [6, -3, -2, -2, -2]
IM-000000011379952-AP1.png ::::::::: [13, 5, 4, 4, 5, 4, 5, 5, 5, 4, 4, 3, 5, 4, 4, 4, 19]
IM-000000011386921-AP1.png ::::::::: [14, 6]
IM-000000011343859-AP1.png ::::::::: [7, 1, -1]
IM-000000011249351-AP1.png ::::::::: [9, 7, 7]
IM-000000011857053-AP1.png ::::::::: [7, 10, 11, 10, -7, 10, 9, 10, 8, 10]
IM-000000011379522-AP1.png ::::::::: [12, 4]
IM-000000009564047-AP1.png ::::::::: [1, 4, 32, 4, 4]
IM-000000011387473-AP1.png ::::::::: [-3, 10, 5, -5, -3, 5, 3, 4, 4, 2, -3, -2, 5, 2, 5, 5]
IM-000000011378804-AP15.png ::::::::: [-3, -2, -3, -6, -7, 4, 3, 7, 2, 16, 3, 4, 4, 4, 16, 2, 6, 1, 15, 6, 5, 5, 1, 15, 2, 6, 3, 13]
IM-000000010733569-AP1.png ::::::::: [21, 3, 5, 4, 13, 3, 16, 4, 15, 3, 5, 2, 3, 16, 5, 5, 5]
IM-000000010733569-AP1.png ::::::::: [21, 3, 5, 4, 13, 3, 16, 4, 15, 3, 5, 2, 3, 16, 5, 5, 5]
IM-000000010733569-AP1.png ::::::::: [21, 3, 5, 4, 13, 3, 16, 4, 15, 3, 5, 2, 3, 16, 5, 5, 5]
IM-000000010733569-AP1.png ::::::::: [21, 3, 5, 4, 13, 3, 16, 4, 15, 3, 5, 2, 3, 16, 5, 5, 5]
IM-000000010733569-AP1.png ::::::::: [21, 3, 5, 4, 13, 3, 16, 4, 15, 3, 5, 2, 3, 16, 5, 5, 5]
IM-000000010733569-AP1.png ::::::::: [21, 3, 5, 4, 13, 3, 16, 4, 15, 3, 5, 2, 3, 16, 5, 5, 5]
IM-000000010733569-AP1.png ::::::::: [21, 3, 5, 4, 13, 3, 16, 4, 15, 3, 5, 2, 3, 16, 5, 5, 5]
IM-000000010733569-AP1.png ::::::::: [21, 3, 5, 4, 13, 3, 16, 4, 15, 3, 5, 2, 3, 16, 5, 5, 5]
IM-000000010733569-AP1.png ::::::::: [21, 3, 5, 4, 13, 3, 16, 4, 15, 3, 5, 2, 3, 16, 5, 5, 5]
IM-000000010733569-AP1.png ::::::::: [21, 3, 5, 4, 13, 3, 16, 4, 15, 3, 5, 2, 3, 16, 5, 5, 5]
IM-000000011387376-AP1.png ::::::::: [3, 4, 5, 5, 2, 6, 5, 6]
IM-000000011186395-AP1.png ::::::::: [13, 5, 5, 4, 4]
IM-000000010756065-AP1.png ::::::::: [10, 9, 8, 8]
IM-000000011387161-AP1.png ::::::::: [9, 3]
IM-000000011143054-AP1.png ::::::::: [6, 2, 3, 10, 7, 6, 6, 11]
IM-000000011200858-AP1.png ::::::::: [10, 14, 13, 13]
IM-000000011379256-AP1.png ::::::::: [4, 3, 3, 3, 5, 3, 4, 3, 4, 2]
IM-000000011386972-AP1.png ::::::::: [10, 3, 14, 22, 21, 2, 9, 20, 3, 10, 3, 10, 2, 9, 2, 11, -7, 4, 15, 3, 16]
IM-000000011379650-AP2.png ::::::::: [1, 5, 7, 4, 4, 4, 6, 4, 3, 4, 5, 4, 4, 4, 5, 5, 4, 3, 5, 6, 4, 5, 5, 6, 5, 4, 4, 5, 5, 5, 6, 6, 5, 5, 4, 6, 4, 4, 5, 6, 6, 4, 4, 4, 4, 5, 4, 5, 4, 6, 5, 4, 6]
IM-000000011379909-AP1.png ::::::::: [13, 4, 4, 4, 5, 5, 4, 3, 316, -11]
IM-000000009457731-AP1.png ::::::::: [24, 4]
IM-000000011379196-AP1.png ::::::::: [3]
IM-000000011143056-AP2.png ::::::::: [5, 4, 4, 10, 6, 5, 5, 2, 4, 11, 19, 6, 8, 6, 7, 4, 7, 10, 19, 5, 7, 8, 7, 7, 13, 18, 7, 6, 8, 7, 7, 12]
IM-000000011379574-AP1.png ::::::::: [9, 11, 5, 8, 9, 10, 6]
IM-000000011188933-AP1.png ::::::::: [9, 10, 11]
IM-000000010759568-AP1.png ::::::::: [23, -12, 7]
IM-000000011802745-AP1.png ::::::::: [10, 6, 8, 7]
IM-000000010652231-AP1.png ::::::::: [-1, -1, 4, 6, 7, 5, -7, 5, 6, 6]
IM-000000011191756-AP1.png ::::::::: [4, 14, 6, 12, 12, 11, 12, 5, 13, 11, 4]
IM-000000010557088-AP1.png ::::::::: [7, 7, 7, 6, 8, 8, 7, 6, 9, 8]
IM-000000011387111-AP1.png ::::::::: [3, -13, -13]
IM-000000010733583-AP1.png ::::::::: [21, 3, 2, 3, 15, 4, 15, 2, 14, 4, 6]
IM-000000011387418-AP1.png ::::::::: [-12, 12, 2, 3, -3, 12, 13, 5, 3, -6, 5, 10, 13, 3, 3, -6, 7, 13, 13, 4, 4, -5, 6, 12]
IM-000000010617010-AP1.png ::::::::: [-5, -6, 17, 4, 4, 4]
IM-000000011186404-AP1.png ::::::::: [13, 4, 4, 3]
IM-000000010579474-AP1.png ::::::::: [-1, 32, 8, 6, 6, 6, 7, 7, 8, 6, 8, 8, 7, 6, 7, 8, 7, 6, 7, 7, 7, 5, 7, 7, 7, 17]
IM-000000011188934-AP1.png ::::::::: [9]
IM-000000011343294-AP2.png ::::::::: [-5, -4, 4, -3, -4, 5, -4, -4, 4, -3, -3, 4, -3, -4, 4, 2, 2, 5, -4, -4]
IM-000000010529633-AP1.png ::::::::: [12, 7, 5, 6, 6, 6, 5, 6, 5, 5, 6, 5, 5, 5]
IM-000000010892936-AP1.png ::::::::: [10, 2, 3, 3, 1, 4, 3, 4, 2, 0, 17, 2, 2, 2, 2, 52, -11, 6, -10, 9, 13, 2, 3, 2, 2, 52, -10, 6, -10, 9, 14, 3, 3, 2, 55, -10, 7, -9, 10, 32]
IM-000000011378661-AP1.png ::::::::: [7, -2, 0, -2, -2]
IM-000000011379461-AP16.png ::::::::: [1, 1, 23, -5, 4, 8]
IM-000000010865955-AP1.png ::::::::: [11, 4, 4, 5, 4]
IM-000000011387673-AP1.png ::::::::: [-8, -3, -3, 12, 279]
IM-000000011378814-AP2.png ::::::::: [-3, -4, 4, -2, -4, 5, 1, -1, 4, -2, -6, 5, -4, -4, 5, -2, -3]
IM-000000011310368-AP1.png ::::::::: [8, 8, 3, 4, 3, 16, 4, 5]
IM-000000011379366-AP1.png ::::::::: [3, 2, 3, 6, 6, 0, -13, -11, 6, 6]
IM-000000011379642-AP1.png ::::::::: [13, 3, 8]
IM-000000011459351-AP1.png ::::::::: [16, 4, 4, 14, -1, 4]
IM-000000011379891-AP1.png ::::::::: [14, 5, 6, 3, 5, 358]
IM-000000011286382-AP1.png ::::::::: [-11, 14, 5, 4, 4]
IM-000000011379818-AP3.png ::::::::: [-5, 0, -5, 4, 22, 60, 9, 33, 8, 59, 8, 34, 10, 61, 8, 34, 9, 26]
IM-000000011379754-AP1.png ::::::::: [3]
IM-000000011378600-AP1.png ::::::::: [8, -2, -3, -2, -3, 8, 4, 6, 16, 8, 8, 19, 4, 24, 6, 22, 6, 22, 4, 23, 3, 22, 3, 22, 5, 22, 5, 21, 5, 33]
IM-000000011379222-AP1.png ::::::::: [7, 5]
IM-000000011379823-AP1.png ::::::::: [10, -4, -5, 7, 11, -5, -4, 8]
IM-000000011379445-AP6.png ::::::::: [3, -12, 6, 24, 3, 6]
IM-000000011379510-AP1.png ::::::::: [6, 19, 4, 5, 5, 4, 5, 5, 6, 6, 6, 6]
IM-000000011550130-AP2.png ::::::::: [-2, -3]
IM-000000011387464-AP2.png ::::::::: [-3, 9, 4, -3, -2, 5, 5, 6, 5, 4, -3, -2, 4, 4, 5, 5, 3, -3, -2, 4, 3, 5, 5, 3, -3, -2, 5, 5, 5, 4]
IM-000000011379500-AP1.png ::::::::: [13, 2]
IM-000000011102001-AP1.png ::::::::: [6, 18, 3, 21, 4, 17, 4]
IM-000000011386948-AP2.png ::::::::: [-6, 1, 12, 3, 17, 3, 17, 3, 15, 4, 15, 4, 16, 4, 17, 3, 17, 3, 17, 4, 18, 3, 17, 3]
IM-000000010881208-AP1.png ::::::::: [4, 0, 2]
IM-000000011386730-AP1.png ::::::::: [16, 10, 10, 11, 10, 10, 11, 12, 13, 10, 10, 10, 11, 11, 11, 12, 12, 8, 11, 7, -8, 10, 9]
IM-000000011379780-AP1.png ::::::::: [5]
IM-000000010529107-AP1.png ::::::::: [-5, -5, 8, 15]
IM-000000010904574-AP1.png ::::::::: [8, 7, 4, 3, 3, 15, 4, 3, 5, 5, 4, 5, 4, 4, 4, 4, 4, 5, 3, 19]
IM-000000010733602-AP1.png ::::::::: [19, -11, 4, 13, -12, 4, 5, 16, 3, 1, -12, 1]
IM-000000010733573-AP1.png ::::::::: [-10, 20, 3, 15, 3, 4, 1, 11, 2, 6, 13, 6, 6, 5]
IM-000000011379973-AP1.png ::::::::: [4, 3, -10, 5, 5, 3, -10, -10, 5]
IM-000000010965479-AP3.png ::::::::: []
IM-000000011378779-AP1.png ::::::::: [8, 3]
IM-000000011379401-AP2.png ::::::::: [3, 0, -7, 23, -4, 3, 5, -10, 13, -6, 5, 9]
IM-000000011386905-AP1.png ::::::::: [-3, -10, -4, 17, 5, 6]
IM-000000011511178-AP1.png ::::::::: [6, 2, 0, 12, 2, 0]
IM-000000010890124-AP1.png ::::::::: [-5, -5, -3, 7, 2, 16, 16, 15, 2, 2, 4, 4, 3, 2, -10, 241, 1, 2, 1, 2, 0]
IM-000000011143060-AP1.png ::::::::: [5, 4, 3, 10, 7, 5, 7, 5, 10]
IM-000000011379333-AP2.png ::::::::: [13, 15, 14, 12]
IM-000000011370742-AP1.png ::::::::: [8, 7, 4, 4, 2, 13, 3, 4]
IM-000000011387105-AP1.png ::::::::: [3, -13]
IM-000000011378803-AP1.png ::::::::: [1, -5, 127]
IM-000000010865989-AP1.png ::::::::: [-8, 7, -9, -3, -1, -2, 0]
IM-000000011386934-AP2.png ::::::::: [1, 8, 2, 12, -12, 1, 11, -13, -11, 3, 13, 2, 13, 3]
IM-000000011386944-AP1.png ::::::::: [2, 28, 3, 5, 36, 17]
IM-000000011378586-AP1.png ::::::::: [8, -2, -2, -3, -3, 8, 4, 6, 17, 8, 8, 19, 4, 6, 6, 6, 22, 5, 5, 6, 5, 23, 5, 6, 6, 5, 23, 5, 6, 6, 7, 23, 3, 5, 6, 5, 23]
IM-000000010638076-AP1.png ::::::::: [11]
IM-000000010655224-AP1.png ::::::::: [8, 9, 2, 5, 4, 13, 1, 5, 19]
IM-000000011378913-AP1.png ::::::::: [13, 3, 216]
IM-000000010819088-AP6.png ::::::::: [6, 5, 5, 6, 17, 5, 1, 5, 4, 4, 14, 6, 3, 5, 17, 6, 5, 2, 4, 4, 4, 14, -10, 7, 4, 6, 17, 4, 6]
IM-000000011378631-AP1.png ::::::::: [8, -2, -1, -2, -3]
IM-000000011379338-AP1.png ::::::::: [5, 21, 8, 7, 6]
IM-000000011387010-AP1.png ::::::::: [4, 4, 5, 2, 1, -11, 4, 3, 6, 33, 5, 63, 6, 6, 7, 6]
IM-000000011379382-AP2.png ::::::::: [3, 0, -7, 24, -4, 3, 9, 14, -5, 4, 10, 15, -4, 4, 9, 14, -4, 5, 8, 11, -4, 4, 6, 13, -4, 4, 9, 13, -4, 5, 8, 12, -4, 5, 7, -10, -8, 14, 2]
IM-000000010071904-AP1.png ::::::::: [5, 17, 10, 5, 6]
IM-000000010814247-AP1.png ::::::::: [9, -11, 8, 14, 12, 8, 12, 14, 8, 13]
IM-000000011379588-AP1.png ::::::::: [-7, 19, 3, 4, 2, 0]
IM-000000011379361-AP1.png ::::::::: [9, 3, 5, 5, 4, 4, 4, 2, 3, 3, 5, 4, 4, 3, 5, 4, 6]
IM-000000011379412-AP1.png ::::::::: [14, -7, 6, 6, 11, 8, 9, 14, 7, 9]
IM-000000011249368-AP1.png ::::::::: [-8, 24, 7, 6, 7, 7, 6, 8, 7]
IM-000000011387565-AP1.png ::::::::: [5, 7, 14, -3]
IM-000000009466516-AP1.png ::::::::: [5, 2, 13, 5]
IM-000000011378898-AP1.png ::::::::: [0, 0, 10, 2]
IM-000000010662990-AP1.png ::::::::: [5, 6, -5, 5, 8]
IM-000000011378615-AP2.png ::::::::: [8, -1, -1, -2, -3, 7, 23, 4, 4, 34]
IM-000000011387521-AP2.png ::::::::: [18, -3, -3]
IM-000000011378648-AP2.png ::::::::: [6, -4, -3, -2, -2]
IM-000000011343858-AP1.png ::::::::: [6, 1, 0, 8, 1, 2]
IM-000000011379801-AP1.png ::::::::: [-7, 0, -3, 2, 21, 8, 58, 7, 120, 5, 5, 4, 4, 180]
IM-000000011379101-AP2.png ::::::::: [5, 12, 21, 5, 5, 7, 5, 23, 4, 5, 8, 23, 22, 7, 5, 7, 22, 6, 5, 6, 144]
IM-000000011253951-AP2.png ::::::::: [16, 2, 4, -3, -4, 1, 3, 29, 3, 5, -3, -2, 2, 3]
IM-000000011386923-AP1.png ::::::::: [14, 5]
IM-000000011387230-AP2.png ::::::::: [2, 64]
IM-000000010854737-AP1.png ::::::::: [7, 7, 4, 3, 2, 15, 4, 3, 5]
IM-000000010731884-AP1.png ::::::::: [6, 3, 1, 1, 0]
IM-000000011386879-AP3.png ::::::::: [-1, -4, 16, 4, 7, 4, 8]
IM-000000011387630-AP1.png ::::::::: [15, 2, 4, 9, 3, 0, 9, 1, 5, 8, 3, 2, 10, 2, 4]
IM-000000011387385-AP1.png ::::::::: [12, 3, 4, 2, 12, 12]
IM-000000011387485-AP1.png ::::::::: [-1, -4, 16, 4, 2, 4, 4, 5, 2, 2, 4, 4, 5, 4, 6, 5, 4, 4, 8]
IM-000000011254336-AP1.png ::::::::: [-3, -5, 18, 4]
IM-000000011127055-AP1.png ::::::::: [-3, 14, 174, 5]
IM-000000010859297-AP1.png ::::::::: [11, 7, 7, 6, 6, 7]
IM-000000009677502-AP1.png ::::::::: [-7, 0, 10, 10, 2, 3, 66, 7]
IM-000000011379058-AP1.png ::::::::: [13, 4, 6]
IM-000000011379262-AP2.png ::::::::: [-3, -8, -2, 31, 8, 8, 8, 9, 6, 8]
IM-000000011379334-AP1.png ::::::::: [10, -6, 6, -6, 20, -6, 6, -7, 5, 18, 5, 3, 259, 17, 4, 3]
IM-000000010854739-AP1.png ::::::::: [-11, 7, 8, 3, 2, 3, 14, 3, 3, 5]
IM-000000011379430-AP2.png ::::::::: [12, 6]
IM-000000011186418-AP1.png ::::::::: [-10, 14, 4, 4, 4, 4]
IM-000000011379369-AP1.png ::::::::: [6, 9, 6, 3, 6, 4, 6, 4]
IM-000000011284773-AP1.png ::::::::: [6, 19, 2, 4, 6, 9, 4, 5]
IM-000000010733581-AP1.png ::::::::: [-9, 19, 3, 1, 3, 15, 3, 3, 4, 15, 4, 2, -12, 1, 4, 14, -12, 4, 2, 5, 13, 4, 1, 1]
IM-000000011379595-AP1.png ::::::::: [19, 3, 3, 1, 1]
IM-000000011678625-AP1.png ::::::::: [12, 3, 4, 34, 23, 5, 7, 6, 55, 7, 8, 8, 9, 22, -11, 21, 6, 6, 7, 20, 6]
IM-000000010840195-AP1.png ::::::::: [7, 11, 10, 11, 11, 11, 10, 11, 10]
IM-000000010733591-AP1.png ::::::::: [21, 2, 2, 3, 3, 13, 4, 3, 4, 13, -11, 4, 3, 2, 13, 3, 2, -12, 1]
IM-000000011376572-AP1.png ::::::::: [10, 8, 8, 8]
IM-000000011009945-AP1.png ::::::::: [4, 5, 3, 5, 4, 3, 5, 4, 5, 4, 5, 5, 4, 5, 4, 6, 5, 6, 4, 6]
IM-000000011386858-AP1.png ::::::::: [11, 3, 16, 21, 19, 2]
IM-000000011387365-AP1.png ::::::::: [12, 5, 3, -2, 13, 17, 11, -7, 11, 14, 2, 2, 6, 4, -4, -2, 4, 11, 11, 20]
IM-000000011378588-AP2.png ::::::::: [7, -1, -2, -3, -3]
IM-000000009606437-AP5.png ::::::::: [5, 5, 7, 4, 4, 5, 37]
IM-000000009421314-AP1.png ::::::::: [5, 3, 5, 6, 6, 6, 6]
IM-000000010485223-AP1.png ::::::::: [6, 18]
IM-000000011186421-AP1.png ::::::::: [13, 5, 5, 5, 5]
IM-000000011378712-AP1.png ::::::::: [-10, 21, 13, 13, 12, 14]
IM-000000011828276-AP1.png ::::::::: [15, 6]
IM-000000011386733-AP1.png ::::::::: [16, 11, 11, 9, 9, 11, 12, 11, 13, 9, 10, 12, 11, 11, 11, 12, 11, 9, 10, 10, 11, 11]
IM-000000010666197-AP1.png ::::::::: [-4, -2, -5, 24, 3, 9]
IM-000000011254325-AP1.png ::::::::: [-1, -2, 19, 5]
IM-000000011379192-AP1.png ::::::::: [3]
IM-000000010652225-AP1.png ::::::::: [-2, -2, 5, 6, 7, 8, 6, 8]
IM-000000011386904-AP1.png ::::::::: [-3, -10, -4, 17, 4, 9, 4, 10, 3, 9, 5, 9, 4, 8, 5, 9, 4, 10, 5, 9, 5, 6]
IM-000000011333681-AP1.png ::::::::: [12, 7, 8, 8, 8, 8]
IM-000000010652238-AP1.png ::::::::: [-1, -2, 5, 7, 6, 5, -7, 8, 6, -7, 6, -10, 5, -9]
IM-000000011254323-AP1.png ::::::::: [-3, -9, -3, 19, 5]
IM-000000011101955-AP1.png ::::::::: [-4, -5, -4, -5, 8, 3, 4, 2, 5, 4, 16, 16, 14, 2, 3, 4, 5, 3, 1, -10, 193, 1, 2, 1, 3, -1]
IM-000000011686659-AP11.png ::::::::: [-3, -2, -4, -5, 5, 2, 14, 4, 7, 7, 5, 14, 2, 3, 2, 15, 5, 7, 7, 6, 15, 3, 3, 3, 4, 1, 1]
IM-000000011379333-AP1.png ::::::::: [10, 15, 14, 13, 12, 16, 14, 13, 11, -9, 14, 11]
IM-000000011379443-AP6.png ::::::::: [4, 6, 26, 3, 6, 6, -11, 5, 7, 9, 3, 5, 8, 3, 6]
IM-000000011101911-AP1.png ::::::::: [11, 7, 9, 6, -9, 9, 8]
IM-000000011523182-AP1.png ::::::::: [-3, -2, -4, -6, 4, 4, 6, 5, 27, 3, 3, 4, 4]
IM-000000011741699-AP1.png ::::::::: [5, 4, 2, 2]
IM-000000011378984-AP1.png ::::::::: [10, 3, 16, 20, 21, -8, 23, 2, 9, -7, 3, 8, 3, 9, 1, 9, -7, 3, 10, 2, 9, -8, 3, 11, -7, 5, 12]
IM-000000011379440-AP5.png ::::::::: [10, 8, 7, 7, 5, 8, 9]
IM-000000011379373-AP1.png ::::::::: [-9, 2, -1, -8, 25, -5, 4, 10, 13, -4, 5, 10, 13, -6, 4, 9, 12, -5, 3, 9, 15, -4, 4, 8, 14, 5, 8]
IM-000000011285439-AP1.png ::::::::: [10, 0]
IM-000000011143059-AP1.png ::::::::: [6, 4, 5, 10, 6, 7, 12]
IM-000000011583836-AP1.png ::::::::: [5, 1, 11, 2, 1, 10, 0, 10, 0, 10, 2, 10, -1, -11]
IM-000000011685260-AP1.png ::::::::: [6, 6, 16, 4, -11, 3]
IM-000000011386904-AP2.png ::::::::: [-3]
IM-000000010731886-AP1.png ::::::::: [5, 1, 1, 1, 9, 0, 1, 2, 1, 11, 0, 0, 1, 1]
IM-000000009479483-AP2.png ::::::::: [2, 1, 6, 5]
IM-000000011143058-AP1.png ::::::::: [6, 4, 4, 9, 5, 4, 6, 7, 6, 10]
IM-000000010301545-AP2.png ::::::::: [2, 5, 4, 24, 5, 14, 5, 4, 16, 4]
IM-000000010534569-AP1.png ::::::::: [-7, -4, -7, 8, 7]
IM-000000010881253-AP1.png ::::::::: [-1, 0, 9, 1]
IM-000000011379343-AP1.png ::::::::: [9, -6, 388, 15, 6, 4]
IM-000000011249371-AP1.png ::::::::: [-9, 21, 8, 6, 9]
IM-000000011186251-AP1.png ::::::::: [8, 8, 4, 5, 3, 16, 4, 4, 18, 8, 4, 4, 3, 14, 0, 2]
IM-000000010638217-AP1.png ::::::::: [8, 10]
IM-000000010865965-AP1.png ::::::::: [12, 3, 3, 4, 4]
IM-000000011380030-AP1.png ::::::::: [3, -1, 16, 3, 4, 2]
IM-000000011249374-AP1.png ::::::::: [4]
IM-000000011386943-AP1.png ::::::::: [2, 27, 3, 36]
IM-000000011387354-AP1.png ::::::::: [12]
IM-000000011378884-AP1.png ::::::::: [3, -2, 19, 2, 5, 2]
IM-000000011378956-AP1.png ::::::::: [3, 6, 5, 5, 6, 3, 4, 4, 4, 5, 5, 4, 1, 5, 5, 5, 5, 5, 5, 5, 5, 5]
IM-000000011322085-AP1.png ::::::::: [7, 1, 3, 8, 1, 1, 7, 1, 3]
IM-000000010865961-AP1.png ::::::::: [13, 4, 3, 3]
IM-000000010712583-AP1.png ::::::::: [13, -5]
IM-000000011379837-AP1.png ::::::::: [4, 3, 3, 1, 14, 3]
IM-000000011344106-AP1.png ::::::::: [-10, 11, 7, 8, 8, 6, 7, 7, 7, 7, 7, 7, 7, 7, 8, 7, 6, 6, 7, 6, 6, 7]
IM-000000010768804-AP1.png ::::::::: [17, 8, 6]
IM-000000010865958-AP1.png ::::::::: [12, -8, 3, 3, 3, 4]
IM-000000011379805-AP3.png ::::::::: [5, -9, 0, 3, 62, 4, 5, 3, 4, 374]
IM-000000010881247-AP1.png ::::::::: [3, 11]
IM-000000011378606-AP3.png ::::::::: [7, -2, -3, -3, -3]
IM-000000011367584-AP1.png ::::::::: [8, 10, -8, 11, 10, 10, 11, 11, 10, 11]
IM-000000011387369-AP1.png ::::::::: [5, 16]
IM-000000009411514-AP1.png ::::::::: [5, 3, 6, 5, 7, 7, 6]
IM-000000011379836-AP1.png ::::::::: [4, 4, 1, 11, 3, 3, 3, 13, 3, 13, 4, 14, 3, 13, 4, 15, 4]
IM-000000010676246-AP1.png ::::::::: [11, -8, 1, 2, 1, 0]
IM-000000011386966-AP1.png ::::::::: [11, 3, 15, -8, 23, 21, 1]
IM-000000011379453-AP2.png ::::::::: [-14, 2, 27, 9, 11]
IM-000000010965479-AP2.png ::::::::: [8, 7, 4, 3, 4, 4, 14, 0, 3, 2, 5, 4, 4, 4, 18, 48, 8, 3, 1, 4, 5, 13, 1, 1, 3, 6, 5, 4, 5, 19]
IM-000000010772103-AP1.png ::::::::: [8, 9, 4, 3, 14, 4, 5]
IM-000000011190599-AP1.png ::::::::: [-3, -6, 11, 7, 7, -8, 6, 9, 8, -3, -4]
IM-000000011379419-AP2.png ::::::::: [-5, 0, -4, 2, 62, 5, 4, 4, 4, -11, 372]
IM-000000011387282-AP1.png ::::::::: [10, 4, 15, 21, 2, 10, 4]
IM-000000011379443-AP9.png ::::::::: [5, 6, 24, 3, 7, 5, 7, 5, 7, 9, 4, 7, 8, 3, 7]
IM-000000009480622-AP1.png ::::::::: [10, 3, 17, 4]
IM-000000011387445-AP1.png ::::::::: [-4, 9, 4, -3, 17, -3, -2, 6, 5]
IM-000000009433102-AP1.png ::::::::: [7, 7, 4, 6]
IM-000000011379657-AP1.png ::::::::: [16, 5, 2, 6, 5, 5, 4, 4, -10, 5, 4, 20]
IM-000000011378804-AP20.png ::::::::: [-3, -2, -3, -5, 16, 5, 6, 4, 3, 18, 3, 6, 4, 16, 5, 4, 4, 4, 16, 4, 7, 3, 15, 5, 5, 3, 3]
IM-000000011379470-AP1.png ::::::::: [-4, -6, -3, 9, -12, 7, 7, 7, 7, 8, 8, 6, 7, 8, -10, -28, -9]
IM-000000011378667-AP1.png ::::::::: [3, 0]
IM-000000011254332-AP1.png ::::::::: [-1, -3, 19, 4]
IM-000000010865975-AP1.png ::::::::: [12, -9, 2, 2, 2]
IM-000000009418599-AP1.png ::::::::: [6, 3, 4, 6, 4, 7, 6]
IM-000000010712587-AP1.png ::::::::: [14, -5]
IM-000000011386871-AP1.png ::::::::: [-2, -5, 17, 5, 7]
IM-000000011098840-AP2.png ::::::::: [2, 14, 3, 2, 5, 4, 4, 3, 4, 4, 4, 4, 3, 4, 4, 3, 3, 3, 4, 3, 3, 3]
IM-000000010929702-AP1.png ::::::::: [-4, -3, -3, -5, 8, 3, 4, 2, 4, 2, 3, -1, 3, 15, 17, 13, 2, 2, 4, 4, 4, 171, 1, 1, 0, 1, 1]
IM-000000011369972-AP1.png ::::::::: [16, 5]
IM-000000010843146-AP1.png ::::::::: [8, 8, 3, 3, 3, 14, 3, 2, 3, 3, 4, 5, 4, 19]
IM-000000011186271-AP1.png ::::::::: [15, 6, 7, 5, 14, 2]
IM-000000011386922-AP1.png ::::::::: [14, 4]
IM-000000011387163-AP1.png ::::::::: [10, 3, 14, 22, 20, -7, 3, 11]
IM-000000011387384-AP2.png ::::::::: [21]
IM-000000010585549-AP1.png ::::::::: [9, 8, 7, 7, 7, 7, 8, 8, 7, 6]
IM-000000011379120-AP1.png ::::::::: [0, 0, 10, 2]
IM-000000010772396-AP1.png ::::::::: [-6, -6, 10, 7, 8, -8, 6, 6]
IM-000000010662988-AP1.png ::::::::: [5, 6, 4, 8]
IM-000000011378804-AP22.png ::::::::: [-3, -2, -3, 5, 3, 5, 4, 5, 16, 3, 7, 4, 15, -63, -62, 4, 5, 17, 3, 6, 4, 15, 6, 5, 3, 5]
IM-000000011386948-AP1.png ::::::::: [3, 26, 3, 16, 4, 16, 3, 17, 4, 16, -3, 4, 16, 5, 17, 4, 4, 16, 3, 17, 4, 4, 15, 4]
IM-000000011379149-AP1.png ::::::::: [10, 4, 2, 0, 13, 3, 4]
IM-000000011186251-AP2.png ::::::::: []
IM-000000011143056-AP1.png ::::::::: [5, 5, 5, 9, 4, -12, 6, 6, 7, 10, 20, 7, 6, 8, 8, 13]
IM-000000009436489-AP1.png ::::::::: [14, 9, 26, 55, 26]
IM-000000010772567-AP1.png ::::::::: [5, 7, 4, 5, 2, 2, 12, 4, 4, 18]
IM-000000011378639-AP1.png ::::::::: [8, -1, -2, -2, -3, 8, 3, 6, 7, 18, 8, 7, 19, 2, 19, -9, 6, 22, 4, 20, 3, 22, 6, 23, 3]
IM-000000010755800-AP2.png ::::::::: [7, -1, -2, -2, -3, 8, 17, 5]
IM-000000011369019-AP39.png ::::::::: [13, 4, 4, 4, 4]
IM-000000011249355-AP1.png ::::::::: [8, 7, 5, 17, 2, 3]
IM-000000011379276-AP2.png ::::::::: [5, -5, 0, -3, 3, 62, 3, 3, 4, 4, 374]
IM-000000010663073-AP1.png ::::::::: [6, 3, 1, 13, 1, 1]
IM-000000011677806-AP1.png ::::::::: [19, 7, 12, 7, 14, 6, 14, 7]
IM-000000011379530-AP1.png ::::::::: [3, 5, 3]
IM-000000011379972-AP1.png ::::::::: [4, 5]
IM-000000010676276-AP1.png ::::::::: [10, 0, 1, 1]
IM-000000011101899-AP1.png ::::::::: [9, 8, 2, 3, 4, 13, 3, 5]
IM-000000010733603-AP1.png ::::::::: [20, 3, 3, 3, 5, 15, 3, 15, 3, 5, 2, 11, 2, 5, 14, 2, 1, 1]
IM-000000011369019-AP2.png ::::::::: [13, 4, 4, 4, 4]
IM-000000011386671-AP2.png ::::::::: [6, 0, -1, -10, -7, -5, -4, -5, -7, -4, -3, -1, 6, 3, 15, 6, 7, 14, 4, 5, 15, 4, 7, 15, 4, 6, 15, 4, 3, -6, 15, 5, 4, 16, 6, 5, 16, 6, 6]
IM-000000011459575-AP11.png ::::::::: [-3, -4, -5, -4, 5, 3, 13, 2, 12, 3, 6, 4, 15, 2, 14, 4]
IM-000000011387583-AP1.png ::::::::: [-8, 10, 3]
IM-000000011367517-AP1.png ::::::::: [9, 6]
IM-000000011378874-AP1.png ::::::::: [11, 21, -7, 21]
IM-000000011686659-AP12.png ::::::::: [-4, -2, -4, -5, 3, 13, -9, 5, 9, 5, 5, 14, 3, 3, -125, -69, 3, 3, 15, 4, 8, 7, 4, 15, 0, 2, 3]
IM-000000010865935-AP1.png ::::::::: [12, 4, 5, 4, 4]
IM-000000011249352-AP1.png ::::::::: [-10, 12, 7, 8]
IM-000000011186273-AP1.png ::::::::: [15, 7, 13, 0]
IM-000000010948372-AP1.png ::::::::: [-4, -3, -3, -2, 6, -9, 3, 4, 15, 15, 15, 3, 0, 4, 4, 4, 2, 1, 5, 4, 4, 2, 4, 159, 2, 1, 0, 3, 2]
IM-000000011379204-AP1.png ::::::::: [11, 3, 9, 3, 16, 20, 2, 9, -7, 3, 8, -8, 3, 9, 3, 12, 3]
IM-000000011386879-AP1.png ::::::::: [-4, -9, -3, 17, 5, 9, 5, 8, 4, 9, 3, 9, 5, 9, 6, 9, 4, 10, 4, 7, 3, 9, 5, 6, 4, 8, 5]
IM-000000010965551-AP1.png ::::::::: [-7, 3, -8, -7, -2, 0, -1]
IM-000000010652229-AP1.png ::::::::: [-1, -1, 5, -7, 8, 7, 6, -7, 7, -6, 6, 7]
IM-000000011378804-AP17.png ::::::::: [-3, -2, -3, -6, 5, 4, 6, 5, 16, 4, 5, 4, 5, 17, 5, 7, 4, 15, 4, -109, -81, 2, 13, -9, 4, 8, 3, 15]
IM-000000010952149-AP1.png ::::::::: [8, 9, 3, 16, 2, 4, 20, 8, 18, 3, 5]
IM-000000011378619-AP1.png ::::::::: [6, -3, -2, -3, -3, 7, 6, 6, 17, 8, 7, 19, 3, 5, 24, 4, 5, 23, 4, 5, 22, 4, 5, 22, 3, 6, 21, 3, 7, 20, 4, 5, 22, 5]
IM-000000011286384-AP1.png ::::::::: [13, 5, 4, 5, 4]
IM-000000011379456-AP4.png ::::::::: [4, 5, 5, 3]
IM-000000011796877-AP1.png ::::::::: [1, -9, 548]
IM-000000011379263-AP1.png ::::::::: [-3, -4, 17, 4, 8]
IM-000000011378611-AP4.png ::::::::: [-3, -3, -3, -3, 8, 5, 23, 4, 5, 6, 6, 24, 4, 4, 6, 5, 23, 4, -6, 6, 7, 5, 22, 3, 3, 4, 6, 23, 4, 4, 6, 5, 35]
IM-000000010842434-AP1.png ::::::::: [13]
IM-000000011102079-AP1.png ::::::::: [12, 7, 8, 8, 7, 6, 7, 7, 7]
IM-000000011794225-AP1.png ::::::::: [8, -2, -2, -2, -3]
IM-000000011378593-AP1.png ::::::::: [7, -1, -2, -4, -4, 8, 6, 6, 5, 18, 8, 9, 19, 4]
IM-000000011310221-AP1.png ::::::::: [0, 15, 14, 15, 12, 110, 4, 366]
IM-000000011386715-AP1.png ::::::::: [13, -1, -5, 12, -4, -3, 11, -5, -2, 12, -2]
IM-000000011387232-AP1.png ::::::::: [-2, -4, 15, 3, 4, 10, 3, 3]
IM-000000010832526-AP1.png ::::::::: [10, 7, 9, 8, 8, 7, 7]
IM-000000011386881-AP2.png ::::::::: [-3, -10, -4, 17, 4, 7, 4, 8, 4, 8, 4, 9, 4, 9, 3, 9, 5, 10, 5, 8, 5, 6]
IM-000000010679224-AP1.png ::::::::: [4, 2, 1, 2]
IM-000000011379508-AP1.png ::::::::: [13, 5, 6]
IM-000000011387155-AP1.png ::::::::: [11, 3, 9, -7, 4, 10, 1, 9, 3, 8, -8, 4, 11, 3, 12, 3, 12, 3]
IM-000000011386728-AP1.png ::::::::: [11, 3, 11, 3, 15, 21, -7, 23, 3]
IM-000000011386739-AP1.png ::::::::: [16, 7, 11, 13, 8, 10, 12, 12, 11, 10, 12, 12, 11, 11, 13, 12, 12, 9, 11, 9, -7, 9, 10]
IM-000000011064237-AP1.png ::::::::: [-4, -2, -5, 22, 5, 8, -9, 16, -10, 3, 7, -11, -8, 5, 8, 17, 15, 4, 10, 4, 9, 3, 10, 14, -10, 14]
IM-000000011102691-AP1.png ::::::::: [-12, 8, 8, 17, 3, 3, 5, 4, 4, 5, 4, 4, 4, 4]
IM-000000011379685-AP1.png ::::::::: [7]
IM-000000011379440-AP7.png ::::::::: [9, 8, 7, 8, 7, 9, 8]
IM-000000011379440-AP2.png ::::::::: [9, 7, -11, 8, 6, 10, 6, 10, 4, 11, 9]
IM-000000011310474-AP18.png ::::::::: [19, 5, 6, 5, 5, 4, 5, 6, 5, 6, 6, 6, 6, 5, 6, 6, 5, 7, 7]
IM-000000011387317-AP1.png ::::::::: [18, 4, 6, 6, 5]
IM-000000010809068-AP4.png ::::::::: [10, -7, 1, 0, 0, 1]
IM-000000011379309-AP1.png ::::::::: [10, 3, 16, 21, 22, -7, 3, 12]
IM-000000011186432-AP1.png ::::::::: [13, 4, 5, 3]
IM-000000011378578-AP1.png ::::::::: [7, -3, -2, -2, -2]
IM-000000010842922-AP1.png ::::::::: [-4, -4, -3, 7, -9, 4, 3, 4, 4, 15, 16, 14, 2, 0, 4, 5, 4, 1, -11, 205, 2, -1, 0, 2, 1]
IM-000000011143055-AP1.png ::::::::: [6, 5, 4, 8, 6, 8, 11]
IM-000000011598501-AP1.png ::::::::: [-5, -1, 3, 4, 2, 352]
IM-000000011387279-AP1.png ::::::::: [11, -9, -1, 0, 3, 1, 1]
IM-000000011386696-AP2.png ::::::::: [-3, 10, 5, -3, -2, 5, 5, 6, 5, 4, -3, -2, 4, 5, 5, 5]
IM-000000011201057-AP1.png ::::::::: [2, 15, 2, 4, 3, 3, 3, 3, 4, 3, 4, 3, 4]
IM-000000011378635-AP2.png ::::::::: [7, -3, -1, -2, -3]
IM-000000011387399-AP1.png ::::::::: [7, 1, 13, 5, 3]
IM-000000011379481-AP1.png ::::::::: [-12, 4, 28, 4, 4, 2, 7, 15]
IM-000000011386898-AP1.png ::::::::: [-2, -5, 16, 5, 7]
IM-000000011387483-AP1.png ::::::::: [-1, -5, 16, 3, 1, 4, 5, 6, 3, 3, 3, 3, 4, 4, 4, 5, 5, 4, 4, 5]
IM-000000011379799-AP1.png ::::::::: [-6, 0, -3, 3, 19, 9, 59, 6, 34, 9, 59, 1, -3, 3, 197]
IM-000000011127054-AP1.png ::::::::: [-1, 14, 15, 14, 14, 13, 86, 4, 365]
IM-000000011459575-AP5.png ::::::::: [-3, -2, -3, -5, 4, 3, 8, 5, 14, 3, 3, 14, 3, 7, -49, -54, 1, 2, 13, 3, 8, 3, 15, 3, 1, 15]
IM-000000010473802-AP1.png ::::::::: [4, 4, 4, 7]
IM-000000010865976-AP1.png ::::::::: [-10, 12, 3, 1, 3, 2, 3]
IM-000000011387035-AP2.png ::::::::: [1, -11, 3, 18, 4, 19, 3, 17, -11, 4, 19, 4, 3, 30, 5, 32, -10, 3]
IM-000000011379916-AP1.png ::::::::: [13, 5, 4, 5, 5, 357, -10]
IM-000000011387188-AP1.png ::::::::: [7, 9, 8, 7, 8, 24, 25, 20]
IM-000000011379818-AP2.png ::::::::: [-11, -1, 2, 19, 7, 60, 3, 0, 31, 9, 58, 7, 34, 10, 58, 8, 32, 20]
IM-000000010288286-AP1.png ::::::::: [-2, -3, 12]
IM-000000010831843-AP5.png ::::::::: [11, 7, 7, 8, 8, 8, 8, 8, 9, 8, 8, 8, 8, 9, 9, 9, 8, 8, 8, 8, 8, 9, 8, 8]
IM-000000011379353-AP1.png ::::::::: [1, 14, 14]
IM-000000010652236-AP1.png ::::::::: [-1, -2, 4, 6, 7, 7, 5]
IM-000000010831546-AP1.png ::::::::: [-9, 11, 0, 2, 2]
IM-000000010579474-AP2.png ::::::::: [0, 32, 32, 40, 6, 4, 4, 15, 5, 4, 3, 17, 1, 3]
IM-000000011386731-AP1.png ::::::::: [15, 9, 11, 11, 9, 11, 10, 13, 10, 10, 11, 9, -8, 11, 10, 11, 11, 11, 10, 11, 9, 10, 11]
IM-000000011101917-AP1.png ::::::::: [9, 9, 2, 4, 3, 13, 3, 4, 18]
IM-000000011513089-AP1.png ::::::::: [10, 4, 4, 4, 4, 4, 4, 5, 5]
IM-000000010708248-AP1.png ::::::::: [8, 7, 3, 5, 13, 3, 5]
IM-000000009428244-AP1.png ::::::::: [14, 11, 27]
IM-000000011386927-AP1.png ::::::::: [-5, 0, 9, 11, 2, 14, 3, 12, 3, 11, -11, 3, 12, -10, 2, 12, 2, 5, 14, 1, 5, 14, -10, 1, 13, 2, 13, -10, 3, 3, 13, 2]
IM-000000010741418-AP1.png ::::::::: [4, 3, 1, 2, 4, 3, 1, 1, 4, 2, 2, 2, 7, 3, 2, 3]
IM-000000011322047-AP1.png ::::::::: [7, 8, 3, 4, 5, 14, 5, 3, 4, 4]
IM-000000009793863-AP1.png ::::::::: [4, 19, 18, 5, 4, 4, 8, 3, 4]
IM-000000009930263-AP2.png ::::::::: [8, 2, 2, 1, 4, 3, 3, 3, 3, 2, 1, 2, 3, 3, 2, 3, 4, 4]
IM-000000010881232-AP1.png ::::::::: [4, 2, 2, 12, 2, 2]
IM-000000010901645-AP1.png ::::::::: [-4, -4, -3, 8, 2, 3, 4, 4, 15, 16, 14, 2, 0, 4, 3, 3, 2, 0, -7, 196, 2, -1, 0, 2, 1]
IM-000000011186378-AP1.png ::::::::: [14, 5, 4, 3, 4]
IM-000000011378608-AP1.png ::::::::: [7, -1, -1, -3, -4]
IM-000000010731885-AP1.png ::::::::: [5, 2, 2]
IM-000000011387035-AP1.png ::::::::: [3, 5, 3, 16, 4, 18, 3, 4, 15, -10, 3, 16, -10, 4, 19, 5, 3, 31, 5]
IM-000000011379424-AP2.png ::::::::: [2, 23, 4]
IM-000000011387644-AP1.png ::::::::: [-4, -4, 23, 11]
IM-000000010733588-AP1.png ::::::::: [-10, 21, 3, 1, 2, 14, 4, 6, 2, 13, 4, 6, 2]
IM-000000009457732-AP1.png ::::::::: [23, 5, 25, 6, 25, 5, 25, 5, 26, 6]
IM-000000011386760-AP1.png ::::::::: [38, -3, -3, 34, 37]
IM-000000011269479-AP1.png ::::::::: [4, 13, 6, 12, 14, 13, 13, 12, 11, 13, 14, 14, 12, 13, 13, 12, 13, 5, 14]
IM-000000011386720-AP1.png ::::::::: [19, 7, 4]
IM-000000011379278-AP2.png ::::::::: [8, 12, 6, 4, 5, 5, 4, 5, 7, 6, 12, 4, 4, 4, 6, 5, 6, 8, 12, 6, 5, 4, 5, 5, 5, 6, 9, 12, 6, 5, 5, 4, 6, 4, 6, 9, 12, 5, 4, 5, 3, 5, 6]
IM-000000011379715-AP2.png ::::::::: [13, 3, 8, 10, 6]
IM-000000011387123-AP1.png ::::::::: [4, 8, -9, 24, 25]
IM-000000010663061-AP1.png ::::::::: [6, 3, 1, 13, 1, 1]
IM-000000011378649-AP2.png ::::::::: [-2, -3, -1, -3]
IM-000000011379623-AP1.png ::::::::: [15, 8, 6, 7]
IM-000000011379554-AP1.png ::::::::: [8, 6, 9, 17, 5, 8, 16, 7, 6, 6]
IM-000000011387345-AP1.png ::::::::: [0, 0, 21, 3]
IM-000000011386693-AP1.png ::::::::: [-3, 10, 5, -4, -2, 5]
IM-000000011379198-AP1.png ::::::::: [5]
IM-000000011379016-AP1.png ::::::::: [14, 4, 5]
IM-000000011500982-AP1.png ::::::::: [3, 5, 4, 5, 7, 5, 5, 7]
IM-000000010865953-AP1.png ::::::::: [12, 4, 3, 4, 4]
IM-000000011379668-AP1.png ::::::::: [9]
IM-000000010952151-AP2.png ::::::::: [9, 8, 4, 2, 3, 14, -1, 1, 4, 3, 4, 17, 45, 9, 3, 4, 2, 14, 4, 3, 4, 1, 3, 16]
IM-000000010756064-AP1.png ::::::::: [11, 8, 6, 7]
IM-000000011667222-AP1.png ::::::::: [4, 1, 9, 2, 450]
IM-000000011379382-AP3.png ::::::::: [2, 0, -6, 18, 13, -5, 3, 9, 14, -5, 2, 8, 12, -4, 5, 9, 13, -4, 4, 8, -10]
IM-000000011386959-AP1.png ::::::::: [2, 4, 1, 18, 2, 3, 30, 2, 18, 5, 19, 5, 21, 3, 18, 6]
IM-000000011459575-AP4.png ::::::::: [-5, -3, -3, -5, 3, 3, 7, 4, 15, 3, 2, 14, 3, 6, 4, -45, -45, 2, 15, 3, 6, 4, 14, 4, 4]
IM-000000011379381-AP1.png ::::::::: [3, 1, 23, -6, 4, 7, -9]
IM-000000011387374-AP1.png ::::::::: [21, -8, 102, 8]
IM-000000011387413-AP1.png ::::::::: [10, 3, 16, 20, 22, 1, 8, 21, 2, 8, -7, 3, 10, -7, 4, 15, 2, 16, 4]
IM-000000009411510-AP3.png ::::::::: [5, 7, 6, 6, 6, 4, 4]
IM-000000011387362-AP1.png ::::::::: [12]
IM-000000011333685-AP1.png ::::::::: [10, 7, 8, 8, 7, 6, 8, 8, 5]
IM-000000009423673-AP1.png ::::::::: [3, 2, 14, 3]
IM-000000011386960-AP1.png ::::::::: [10, 3, 16, 21, 2, 9, 1, 9, -7, 4, 15, 3, 16, 1]
IM-000000011379109-AP1.png ::::::::: [15, 8, 7, 9, 7, 8, 10]
IM-000000011387606-AP1.png ::::::::: [5, 15, 4, 4, 4, 4]
IM-000000011379814-AP2.png ::::::::: [-6, -1, -4, 4, 17, 33, 10, 60, 6, 33, 9, 60, 7, 172]
IM-000000011435888-AP1.png ::::::::: [1, 548]
IM-000000011379589-AP1.png ::::::::: [12, 17, 3, 1, 1, 3]
IM-000000010652233-AP1.png ::::::::: [-3, -2, 4, 5, -10, 6]
IM-000000010963995-AP1.png ::::::::: [12, 5, 6, 5]
IM-000000009411514-AP2.png ::::::::: [4]
IM-000000011369019-AP27.png ::::::::: [13, 4, 4, 5]
IM-000000011378710-AP1.png ::::::::: [-10, 20, 12, 12]
IM-000000011387240-AP1.png ::::::::: [11, 3, 8, 2, 8, 2, 15, -7, 23, 21, 0, 9, 20, 2, 9, -7, 3, 10]
IM-000000011379561-AP1.png ::::::::: [12, 14, 61, 7, 31, 9, 8]
IM-000000010663071-AP1.png ::::::::: [5, 0]
IM-000000011548113-AP1.png ::::::::: [-2, -4, 25, 24, 23, 23, 23, 23, 22, 22, 24]
IM-000000011378644-AP1.png ::::::::: [-3, -2, -1, -4, 8, 7, 5, 17, 8, 8, 19, 5, 21, -8, 6]
IM-000000010756067-AP1.png ::::::::: [10, 8, 7, 7, 8, 8]
IM-000000011378579-AP2.png ::::::::: [6, -3, -2, -2, -2]
IM-000000011379952-AP1.png ::::::::: [13, 5, 4, 4, 5, 4, 5, 5, 5, 4, 4, 3, 5, 4, 4, 4, 19]
IM-000000011386921-AP1.png ::::::::: [14, 6]
IM-000000011343859-AP1.png ::::::::: [7, 1, -1]
IM-000000011249351-AP1.png ::::::::: [9, 7, 7]
IM-000000011857053-AP1.png ::::::::: [7, 10, 11, 10, -7, 10, 9, 10, 8, 10]
IM-000000011379522-AP1.png ::::::::: [12, 4]
IM-000000009564047-AP1.png ::::::::: [1, 4, 32, 4, 4]
IM-000000011387473-AP1.png ::::::::: [-3, 10, 5, -5, -3, 5, 3, 4, 4, 2, -3, -2, 5, 2, 5, 5]
IM-000000011378804-AP15.png ::::::::: [-3, -2, -3, -6, -7, 4, 3, 7, 2, 16, 3, 4, 4, 4, 16, 2, 6, 1, 15, 6, 5, 5, 1, 15, 2, 6, 3, 13]
IM-000000010733569-AP1.png ::::::::: [21, 3, 5, 4, 13, 3, 16, 4, 15, 3, 5, 2, 3, 16, 5, 5, 5]
IM-000000011387376-AP1.png ::::::::: [3, 4, 5, 5, 2, 6, 5, 6]
IM-000000011186395-AP1.png ::::::::: [13, 5, 5, 4, 4]
IM-000000010756065-AP1.png ::::::::: [10, 9, 8, 8]
IM-000000011387161-AP1.png ::::::::: [9, 3]
IM-000000011143054-AP1.png ::::::::: [6, 2, 3, 10, 7, 6, 6, 11]
IM-000000011200858-AP1.png ::::::::: [10, 14, 13, 13]
IM-000000011379256-AP1.png ::::::::: [4, 3, 3, 3, 5, 3, 4, 3, 4, 2]
IM-000000011386972-AP1.png ::::::::: [10, 3, 14, 22, 21, 2, 9, 20, 3, 10, 3, 10, 2, 9, 2, 11, -7, 4, 15, 3, 16]
IM-000000011379650-AP2.png ::::::::: [1, 5, 7, 4, 4, 4, 6, 4, 3, 4, 5, 4, 4, 4, 5, 5, 4, 3, 5, 6, 4, 5, 5, 6, 5, 4, 4, 5, 5, 5, 6, 6, 5, 5, 4, 6, 4, 4, 5, 6, 6, 4, 4, 4, 4, 5, 4, 5, 4, 6, 5, 4, 6]
IM-000000011379909-AP1.png ::::::::: [13, 4, 4, 4, 5, 5, 4, 3, 316, -11]
IM-000000009457731-AP1.png ::::::::: [24, 4]
IM-000000011379196-AP1.png ::::::::: [3]
IM-000000011143056-AP2.png ::::::::: [5, 4, 4, 10, 6, 5, 5, 2, 4, 11, 19, 6, 8, 6, 7, 4, 7, 10, 19, 5, 7, 8, 7, 7, 13, 18, 7, 6, 8, 7, 7, 12]
IM-000000011379574-AP1.png ::::::::: [9, 11, 5, 8, 9, 10, 6]
IM-000000011188933-AP1.png ::::::::: [9, 10, 11]
IM-000000010759568-AP1.png ::::::::: [23, -12, 7]
IM-000000011802745-AP1.png ::::::::: [10, 6, 8, 7]
IM-000000010652231-AP1.png ::::::::: [-1, -1, 4, 6, 7, 5, -7, 5, 6, 6]
IM-000000011191756-AP1.png ::::::::: [4, 14, 6, 12, 12, 11, 12, 5, 13, 11, 4]
IM-000000010557088-AP1.png ::::::::: [7, 7, 7, 6, 8, 8, 7, 6, 9, 8]
IM-000000011387111-AP1.png ::::::::: [3, -13, -13]
IM-000000010733583-AP1.png ::::::::: [21, 3, 2, 3, 15, 4, 15, 2, 14, 4, 6]
IM-000000011387418-AP1.png ::::::::: [-12, 12, 2, 3, -3, 12, 13, 5, 3, -6, 5, 10, 13, 3, 3, -6, 7, 13, 13, 4, 4, -5, 6, 12]
IM-000000010617010-AP1.png ::::::::: [-5, -6, 17, 4, 4, 4]
IM-000000011186404-AP1.png ::::::::: [13, 4, 4, 3]
IM-000000010579474-AP1.png ::::::::: [-1, 32, 8, 6, 6, 6, 7, 7, 8, 6, 8, 8, 7, 6, 7, 8, 7, 6, 7, 7, 7, 5, 7, 7, 7, 17]
IM-000000011188934-AP1.png ::::::::: [9]
IM-000000011343294-AP2.png ::::::::: [-5, -4, 4, -3, -4, 5, -4, -4, 4, -3, -3, 4, -3, -4, 4, 2, 2, 5, -4, -4]
IM-000000010529633-AP1.png ::::::::: [12, 7, 5, 6, 6, 6, 5, 6, 5, 5, 6, 5, 5, 5]
IM-000000010892936-AP1.png ::::::::: [10, 2, 3, 3, 1, 4, 3, 4, 2, 0, 17, 2, 2, 2, 2, 52, -11, 6, -10, 9, 13, 2, 3, 2, 2, 52, -10, 6, -10, 9, 14, 3, 3, 2, 55, -10, 7, -9, 10, 32]
IM-000000011378661-AP1.png ::::::::: [7, -2, 0, -2, -2]
IM-000000011379461-AP16.png ::::::::: [1, 1, 23, -5, 4, 8]
IM-000000010865955-AP1.png ::::::::: [11, 4, 4, 5, 4]
IM-000000011387673-AP1.png ::::::::: [-8, -3, -3, 12, 279]
IM-000000011378814-AP2.png ::::::::: [-3, -4, 4, -2, -4, 5, 1, -1, 4, -2, -6, 5, -4, -4, 5, -2, -3]
IM-000000011310368-AP1.png ::::::::: [8, 8, 3, 4, 3, 16, 4, 5]
IM-000000011379366-AP1.png ::::::::: [3, 2, 3, 6, 6, 0, -13, -11, 6, 6]
IM-000000011379642-AP1.png ::::::::: [13, 3, 8]
IM-000000011459351-AP1.png ::::::::: [16, 4, 4, 14, -1, 4]
IM-000000011379891-AP1.png ::::::::: [14, 5, 6, 3, 5, 358]
IM-000000011286382-AP1.png ::::::::: [-11, 14, 5, 4, 4]
IM-000000011379818-AP3.png ::::::::: [-5, 0, -5, 4, 22, 60, 9, 33, 8, 59, 8, 34, 10, 61, 8, 34, 9, 26]
IM-000000011379754-AP1.png ::::::::: [3]
IM-000000011378600-AP1.png ::::::::: [8, -2, -3, -2, -3, 8, 4, 6, 16, 8, 8, 19, 4, 24, 6, 22, 6, 22, 4, 23, 3, 22, 3, 22, 5, 22, 5, 21, 5, 33]
IM-000000011379222-AP1.png ::::::::: [7, 5]
IM-000000011379823-AP1.png ::::::::: [10, -4, -5, 7, 11, -5, -4, 8]
IM-000000011379445-AP6.png ::::::::: [3, -12, 6, 24, 3, 6]
IM-000000011379510-AP1.png ::::::::: [6, 19, 4, 5, 5, 4, 5, 5, 6, 6, 6, 6]
IM-000000011550130-AP2.png ::::::::: [-2, -3]
IM-000000011387464-AP2.png ::::::::: [-3, 9, 4, -3, -2, 5, 5, 6, 5, 4, -3, -2, 4, 4, 5, 5, 3, -3, -2, 4, 3, 5, 5, 3, -3, -2, 5, 5, 5, 4]
IM-000000011379500-AP1.png ::::::::: [13, 2]
IM-000000011102001-AP1.png ::::::::: [6, 18, 3, 21, 4, 17, 4]
IM-000000011386948-AP2.png ::::::::: [-6, 1, 12, 3, 17, 3, 17, 3, 15, 4, 15, 4, 16, 4, 17, 3, 17, 3, 17, 4, 18, 3, 17, 3]
IM-000000010881208-AP1.png ::::::::: [4, 0, 2]
IM-000000011386730-AP1.png ::::::::: [16, 10, 10, 11, 10, 10, 11, 12, 13, 10, 10, 10, 11, 11, 11, 12, 12, 8, 11, 7, -8, 10, 9]
IM-000000011379780-AP1.png ::::::::: [5]
IM-000000010529107-AP1.png ::::::::: [-5, -5, 8, 15]
IM-000000010904574-AP1.png ::::::::: [8, 7, 4, 3, 3, 15, 4, 3, 5, 5, 4, 5, 4, 4, 4, 4, 4, 5, 3, 19]
IM-000000010733602-AP1.png ::::::::: [19, -11, 4, 13, -12, 4, 5, 16, 3, 1, -12, 1]
IM-000000010733573-AP1.png ::::::::: [-10, 20, 3, 15, 3, 4, 1, 11, 2, 6, 13, 6, 6, 5]
IM-000000011379973-AP1.png ::::::::: [4, 3, -10, 5, 5, 3, -10, -10, 5]
IM-000000010965479-AP3.png ::::::::: []
IM-000000011378779-AP1.png ::::::::: [8, 3]
IM-000000011379401-AP2.png ::::::::: [3, 0, -7, 23, -4, 3, 5, -10, 13, -6, 5, 9]
IM-000000011386905-AP1.png ::::::::: [-3, -10, -4, 17, 5, 6]
IM-000000011511178-AP1.png ::::::::: [6, 2, 0, 12, 2, 0]
IM-000000010890124-AP1.png ::::::::: [-5, -5, -3, 7, 2, 16, 16, 15, 2, 2, 4, 4, 3, 2, -10, 241, 1, 2, 1, 2, 0]
IM-000000011143060-AP1.png ::::::::: [5, 4, 3, 10, 7, 5, 7, 5, 10]
IM-000000011379333-AP2.png ::::::::: [13, 15, 14, 12]
IM-000000011370742-AP1.png ::::::::: [8, 7, 4, 4, 2, 13, 3, 4]
IM-000000011387105-AP1.png ::::::::: [3, -13]
IM-000000011378803-AP1.png ::::::::: [1, -5, 127]
IM-000000010865989-AP1.png ::::::::: [-8, 7, -9, -3, -1, -2, 0]
IM-000000011386934-AP2.png ::::::::: [1, 8, 2, 12, -12, 1, 11, -13, -11, 3, 13, 2, 13, 3]
IM-000000011386944-AP1.png ::::::::: [2, 28, 3, 5, 36, 17]
IM-000000011378586-AP1.png ::::::::: [8, -2, -2, -3, -3, 8, 4, 6, 17, 8, 8, 19, 4, 6, 6, 6, 22, 5, 5, 6, 5, 23, 5, 6, 6, 5, 23, 5, 6, 6, 7, 23, 3, 5, 6, 5, 23]
IM-000000010638076-AP1.png ::::::::: [11]
IM-000000010655224-AP1.png ::::::::: [8, 9, 2, 5, 4, 13, 1, 5, 19]
IM-000000011378913-AP1.png ::::::::: [13, 3, 216]
IM-000000010819088-AP6.png ::::::::: [6, 5, 5, 6, 17, 5, 1, 5, 4, 4, 14, 6, 3, 5, 17, 6, 5, 2, 4, 4, 4, 14, -10, 7, 4, 6, 17, 4, 6]
IM-000000011378631-AP1.png ::::::::: [8, -2, -1, -2, -3]
IM-000000011379338-AP1.png ::::::::: [5, 21, 8, 7, 6]
IM-000000011387010-AP1.png ::::::::: [4, 4, 5, 2, 1, -11, 4, 3, 6, 33, 5, 63, 6, 6, 7, 6]
IM-000000011379382-AP2.png ::::::::: [3, 0, -7, 24, -4, 3, 9, 14, -5, 4, 10, 15, -4, 4, 9, 14, -4, 5, 8, 11, -4, 4, 6, 13, -4, 4, 9, 13, -4, 5, 8, 12, -4, 5, 7, -10, -8, 14, 2]
IM-000000010071904-AP1.png ::::::::: [5, 17, 10, 5, 6]
IM-000000010814247-AP1.png ::::::::: [9, -11, 8, 14, 12, 8, 12, 14, 8, 13]
IM-000000011379588-AP1.png ::::::::: [-7, 19, 3, 4, 2, 0]
IM-000000011379361-AP1.png ::::::::: [9, 3, 5, 5, 4, 4, 4, 2, 3, 3, 5, 4, 4, 3, 5, 4, 6]
IM-000000011379412-AP1.png ::::::::: [14, -7, 6, 6, 11, 8, 9, 14, 7, 9]
IM-000000011249368-AP1.png ::::::::: [-8, 24, 7, 6, 7, 7, 6, 8, 7]
IM-000000011387565-AP1.png ::::::::: [5, 7, 14, -3]
IM-000000009466516-AP1.png ::::::::: [5, 2, 13, 5]
IM-000000011378898-AP1.png ::::::::: [0, 0, 10, 2]
IM-000000010662990-AP1.png ::::::::: [5, 6, -5, 5, 8]
IM-000000011378615-AP2.png ::::::::: [8, -1, -1, -2, -3, 7, 23, 4, 4, 34]
IM-000000011387521-AP2.png ::::::::: [18, -3, -3]
IM-000000011378648-AP2.png ::::::::: [6, -4, -3, -2, -2]
IM-000000011343858-AP1.png ::::::::: [6, 1, 0, 8, 1, 2]
IM-000000011379801-AP1.png ::::::::: [-7, 0, -3, 2, 21, 8, 58, 7, 120, 5, 5, 4, 4, 180]
IM-000000011379101-AP2.png ::::::::: [5, 12, 21, 5, 5, 7, 5, 23, 4, 5, 8, 23, 22, 7, 5, 7, 22, 6, 5, 6, 144]
IM-000000011253951-AP2.png ::::::::: [16, 2, 4, -3, -4, 1, 3, 29, 3, 5, -3, -2, 2, 3]
IM-000000011386923-AP1.png ::::::::: [14, 5]
IM-000000011387230-AP2.png ::::::::: [2, 64]
IM-000000010854737-AP1.png ::::::::: [7, 7, 4, 3, 2, 15, 4, 3, 5]
IM-000000010731884-AP1.png ::::::::: [6, 3, 1, 1, 0]
IM-000000011386879-AP3.png ::::::::: [-1, -4, 16, 4, 7, 4, 8]
IM-000000011387630-AP1.png ::::::::: [15, 2, 4, 9, 3, 0, 9, 1, 5, 8, 3, 2, 10, 2, 4]
IM-000000011387385-AP1.png ::::::::: [12, 3, 4, 2, 12, 12]
IM-000000011387485-AP1.png ::::::::: [-1, -4, 16, 4, 2, 4, 4, 5, 2, 2, 4, 4, 5, 4, 6, 5, 4, 4, 8]
IM-000000011254336-AP1.png ::::::::: [-3, -5, 18, 4]
IM-000000011127055-AP1.png ::::::::: [-3, 14, 174, 5]
IM-000000010859297-AP1.png ::::::::: [11, 7, 7, 6, 6, 7]
IM-000000009677502-AP1.png ::::::::: [-7, 0, 10, 10, 2, 3, 66, 7]
IM-000000011379058-AP1.png ::::::::: [13, 4, 6]
IM-000000011379262-AP2.png ::::::::: [-3, -8, -2, 31, 8, 8, 8, 9, 6, 8]
IM-000000011379334-AP1.png ::::::::: [10, -6, 6, -6, 20, -6, 6, -7, 5, 18, 5, 3, 259, 17, 4, 3]
IM-000000010854739-AP1.png ::::::::: [-11, 7, 8, 3, 2, 3, 14, 3, 3, 5]
IM-000000011379430-AP2.png ::::::::: [12, 6]
IM-000000011186418-AP1.png ::::::::: [-10, 14, 4, 4, 4, 4]
IM-000000011379369-AP1.png ::::::::: [6, 9, 6, 3, 6, 4, 6, 4]
IM-000000011284773-AP1.png ::::::::: [6, 19, 2, 4, 6, 9, 4, 5]
IM-000000010733581-AP1.png ::::::::: [-9, 19, 3, 1, 3, 15, 3, 3, 4, 15, 4, 2, -12, 1, 4, 14, -12, 4, 2, 5, 13, 4, 1, 1]
IM-000000011379595-AP1.png ::::::::: [19, 3, 3, 1, 1]
IM-000000011678625-AP1.png ::::::::: [12, 3, 4, 34, 23, 5, 7, 6, 55, 7, 8, 8, 9, 22, -11, 21, 6, 6, 7, 20, 6]
IM-000000010840195-AP1.png ::::::::: [7, 11, 10, 11, 11, 11, 10, 11, 10]
IM-000000010733591-AP1.png ::::::::: [21, 2, 2, 3, 3, 13, 4, 3, 4, 13, -11, 4, 3, 2, 13, 3, 2, -12, 1]
IM-000000011376572-AP1.png ::::::::: [10, 8, 8, 8]
IM-000000011009945-AP1.png ::::::::: [4, 5, 3, 5, 4, 3, 5, 4, 5, 4, 5, 5, 4, 5, 4, 6, 5, 6, 4, 6]
IM-000000011386858-AP1.png ::::::::: [11, 3, 16, 21, 19, 2]
IM-000000011387365-AP1.png ::::::::: [12, 5, 3, -2, 13, 17, 11, -7, 11, 14, 2, 2, 6, 4, -4, -2, 4, 11, 11, 20]
IM-000000011378588-AP2.png ::::::::: [7, -1, -2, -3, -3]
IM-000000009606437-AP5.png ::::::::: [5, 5, 7, 4, 4, 5, 37]
IM-000000009421314-AP1.png ::::::::: [5, 3, 5, 6, 6, 6, 6]
IM-000000010485223-AP1.png ::::::::: [6, 18]
IM-000000011186421-AP1.png ::::::::: [13, 5, 5, 5, 5]
IM-000000011378712-AP1.png ::::::::: [-10, 21, 13, 13, 12, 14]
IM-000000011828276-AP1.png ::::::::: [15, 6]
IM-000000011386733-AP1.png ::::::::: [16, 11, 11, 9, 9, 11, 12, 11, 13, 9, 10, 12, 11, 11, 11, 12, 11, 9, 10, 10, 11, 11]
IM-000000010666197-AP1.png ::::::::: [-4, -2, -5, 24, 3, 9]
IM-000000011254325-AP1.png ::::::::: [-1, -2, 19, 5]
IM-000000011379192-AP1.png ::::::::: [3]
IM-000000010652225-AP1.png ::::::::: [-2, -2, 5, 6, 7, 8, 6, 8]
IM-000000011386904-AP1.png ::::::::: [-3, -10, -4, 17, 4, 9, 4, 10, 3, 9, 5, 9, 4, 8, 5, 9, 4, 10, 5, 9, 5, 6]
IM-000000011333681-AP1.png ::::::::: [12, 7, 8, 8, 8, 8]
IM-000000010652238-AP1.png ::::::::: [-1, -2, 5, 7, 6, 5, -7, 8, 6, -7, 6, -10, 5, -9]
IM-000000011254323-AP1.png ::::::::: [-3, -9, -3, 19, 5]
IM-000000011101955-AP1.png ::::::::: [-4, -5, -4, -5, 8, 3, 4, 2, 5, 4, 16, 16, 14, 2, 3, 4, 5, 3, 1, -10, 193, 1, 2, 1, 3, -1]
IM-000000011686659-AP11.png ::::::::: [-3, -2, -4, -5, 5, 2, 14, 4, 7, 7, 5, 14, 2, 3, 2, 15, 5, 7, 7, 6, 15, 3, 3, 3, 4, 1, 1]
IM-000000011379333-AP1.png ::::::::: [10, 15, 14, 13, 12, 16, 14, 13, 11, -9, 14, 11]
IM-000000011379443-AP6.png ::::::::: [4, 6, 26, 3, 6, 6, -11, 5, 7, 9, 3, 5, 8, 3, 6]
IM-000000011101911-AP1.png ::::::::: [11, 7, 9, 6, -9, 9, 8]
IM-000000011523182-AP1.png ::::::::: [-3, -2, -4, -6, 4, 4, 6, 5, 27, 3, 3, 4, 4]
IM-000000011741699-AP1.png ::::::::: [5, 4, 2, 2]
IM-000000011378984-AP1.png ::::::::: [10, 3, 16, 20, 21, -8, 23, 2, 9, -7, 3, 8, 3, 9, 1, 9, -7, 3, 10, 2, 9, -8, 3, 11, -7, 5, 12]
IM-000000011379440-AP5.png ::::::::: [10, 8, 7, 7, 5, 8, 9]
IM-000000011379373-AP1.png ::::::::: [-9, 2, -1, -8, 25, -5, 4, 10, 13, -4, 5, 10, 13, -6, 4, 9, 12, -5, 3, 9, 15, -4, 4, 8, 14, 5, 8]
IM-000000011285439-AP1.png ::::::::: [10, 0]
IM-000000011143059-AP1.png ::::::::: [6, 4, 5, 10, 6, 7, 12]
IM-000000011583836-AP1.png ::::::::: [5, 1, 11, 2, 1, 10, 0, 10, 0, 10, 2, 10, -1, -11]
IM-000000011685260-AP1.png ::::::::: [6, 6, 16, 4, -11, 3]
IM-000000011386904-AP2.png ::::::::: [-3]
IM-000000010731886-AP1.png ::::::::: [5, 1, 1, 1, 9, 0, 1, 2, 1, 11, 0, 0, 1, 1]
IM-000000009479483-AP2.png ::::::::: [2, 1, 6, 5]
IM-000000011143058-AP1.png ::::::::: [6, 4, 4, 9, 5, 4, 6, 7, 6, 10]
IM-000000010301545-AP2.png ::::::::: [2, 5, 4, 24, 5, 14, 5, 4, 16, 4]
IM-000000010534569-AP1.png ::::::::: [-7, -4, -7, 8, 7]
IM-000000010881253-AP1.png ::::::::: [-1, 0, 9, 1]
IM-000000011379343-AP1.png ::::::::: [9, -6, 388, 15, 6, 4]
IM-000000011249371-AP1.png ::::::::: [-9, 21, 8, 6, 9]
IM-000000011186251-AP1.png ::::::::: [8, 8, 4, 5, 3, 16, 4, 4, 18, 8, 4, 4, 3, 14, 0, 2]
IM-000000010638217-AP1.png ::::::::: [8, 10]
IM-000000010865965-AP1.png ::::::::: [12, 3, 3, 4, 4]
IM-000000011380030-AP1.png ::::::::: [3, -1, 16, 3, 4, 2]
IM-000000011249374-AP1.png ::::::::: [4]
IM-000000011386943-AP1.png ::::::::: [2, 27, 3, 36]
IM-000000011387354-AP1.png ::::::::: [12]
IM-000000011378884-AP1.png ::::::::: [3, -2, 19, 2, 5, 2]
IM-000000011378956-AP1.png ::::::::: [3, 6, 5, 5, 6, 3, 4, 4, 4, 5, 5, 4, 1, 5, 5, 5, 5, 5, 5, 5, 5, 5]
IM-000000011322085-AP1.png ::::::::: [7, 1, 3, 8, 1, 1, 7, 1, 3]
IM-000000010865961-AP1.png ::::::::: [13, 4, 3, 3]
IM-000000010712583-AP1.png ::::::::: [13, -5]
IM-000000011379837-AP1.png ::::::::: [4, 3, 3, 1, 14, 3]
IM-000000011344106-AP1.png ::::::::: [-10, 11, 7, 8, 8, 6, 7, 7, 7, 7, 7, 7, 7, 7, 8, 7, 6, 6, 7, 6, 6, 7]
IM-000000010768804-AP1.png ::::::::: [17, 8, 6]
IM-000000010865958-AP1.png ::::::::: [12, -8, 3, 3, 3, 4]
IM-000000011379805-AP3.png ::::::::: [5, -9, 0, 3, 62, 4, 5, 3, 4, 374]
IM-000000010881247-AP1.png ::::::::: [3, 11]
IM-000000011378606-AP3.png ::::::::: [7, -2, -3, -3, -3]
IM-000000011367584-AP1.png ::::::::: [8, 10, -8, 11, 10, 10, 11, 11, 10, 11]
IM-000000011387369-AP1.png ::::::::: [5, 16]
IM-000000009411514-AP1.png ::::::::: [5, 3, 6, 5, 7, 7, 6]
IM-000000011379836-AP1.png ::::::::: [4, 4, 1, 11, 3, 3, 3, 13, 3, 13, 4, 14, 3, 13, 4, 15, 4]
IM-000000010676246-AP1.png ::::::::: [11, -8, 1, 2, 1, 0]
IM-000000011386966-AP1.png ::::::::: [11, 3, 15, -8, 23, 21, 1]
IM-000000011379453-AP2.png ::::::::: [-14, 2, 27, 9, 11]
IM-000000010965479-AP2.png ::::::::: [8, 7, 4, 3, 4, 4, 14, 0, 3, 2, 5, 4, 4, 4, 18, 48, 8, 3, 1, 4, 5, 13, 1, 1, 3, 6, 5, 4, 5, 19]
IM-000000010772103-AP1.png ::::::::: [8, 9, 4, 3, 14, 4, 5]
IM-000000011190599-AP1.png ::::::::: [-3, -6, 11, 7, 7, -8, 6, 9, 8, -3, -4]
IM-000000011379419-AP2.png ::::::::: [-5, 0, -4, 2, 62, 5, 4, 4, 4, -11, 372]
IM-000000011387282-AP1.png ::::::::: [10, 4, 15, 21, 2, 10, 4]
IM-000000011379443-AP9.png ::::::::: [5, 6, 24, 3, 7, 5, 7, 5, 7, 9, 4, 7, 8, 3, 7]
IM-000000009480622-AP1.png ::::::::: [10, 3, 17, 4]
IM-000000011387445-AP1.png ::::::::: [-4, 9, 4, -3, 17, -3, -2, 6, 5]
IM-000000009433102-AP1.png ::::::::: [7, 7, 4, 6]
IM-000000011379657-AP1.png ::::::::: [16, 5, 2, 6, 5, 5, 4, 4, -10, 5, 4, 20]
IM-000000011378804-AP20.png ::::::::: [-3, -2, -3, -5, 16, 5, 6, 4, 3, 18, 3, 6, 4, 16, 5, 4, 4, 4, 16, 4, 7, 3, 15, 5, 5, 3, 3]
IM-000000011379470-AP1.png ::::::::: [-4, -6, -3, 9, -12, 7, 7, 7, 7, 8, 8, 6, 7, 8, -10, -28, -9]
IM-000000011378667-AP1.png ::::::::: [3, 0]
IM-000000011254332-AP1.png ::::::::: [-1, -3, 19, 4]
IM-000000010865975-AP1.png ::::::::: [12, -9, 2, 2, 2]
IM-000000009418599-AP1.png ::::::::: [6, 3, 4, 6, 4, 7, 6]
IM-000000010712587-AP1.png ::::::::: [14, -5]
IM-000000011386871-AP1.png ::::::::: [-2, -5, 17, 5, 7]
IM-000000011098840-AP2.png ::::::::: [2, 14, 3, 2, 5, 4, 4, 3, 4, 4, 4, 4, 3, 4, 4, 3, 3, 3, 4, 3, 3, 3]
IM-000000010929702-AP1.png ::::::::: [-4, -3, -3, -5, 8, 3, 4, 2, 4, 2, 3, -1, 3, 15, 17, 13, 2, 2, 4, 4, 4, 171, 1, 1, 0, 1, 1]
IM-000000011369972-AP1.png ::::::::: [16, 5]
IM-000000010843146-AP1.png ::::::::: [8, 8, 3, 3, 3, 14, 3, 2, 3, 3, 4, 5, 4, 19]
IM-000000011186271-AP1.png ::::::::: [15, 6, 7, 5, 14, 2]
IM-000000011386922-AP1.png ::::::::: [14, 4]
IM-000000011387163-AP1.png ::::::::: [10, 3, 14, 22, 20, -7, 3, 11]
IM-000000011387384-AP2.png ::::::::: [21]
IM-000000010585549-AP1.png ::::::::: [9, 8, 7, 7, 7, 7, 8, 8, 7, 6]
IM-000000011379120-AP1.png ::::::::: [0, 0, 10, 2]
IM-000000010772396-AP1.png ::::::::: [-6, -6, 10, 7, 8, -8, 6, 6]
IM-000000010662988-AP1.png ::::::::: [5, 6, 4, 8]
IM-000000011378804-AP22.png ::::::::: [-3, -2, -3, 5, 3, 5, 4, 5, 16, 3, 7, 4, 15, -63, -62, 4, 5, 17, 3, 6, 4, 15, 6, 5, 3, 5]
IM-000000011386948-AP1.png ::::::::: [3, 26, 3, 16, 4, 16, 3, 17, 4, 16, -3, 4, 16, 5, 17, 4, 4, 16, 3, 17, 4, 4, 15, 4]
IM-000000011379149-AP1.png ::::::::: [10, 4, 2, 0, 13, 3, 4]
IM-000000011186251-AP2.png ::::::::: []
IM-000000011143056-AP1.png ::::::::: [5, 5, 5, 9, 4, -12, 6, 6, 7, 10, 20, 7, 6, 8, 8, 13]
IM-000000009436489-AP1.png ::::::::: [14, 9, 26, 55, 26]
IM-000000010772567-AP1.png ::::::::: [5, 7, 4, 5, 2, 2, 12, 4, 4, 18]
IM-000000011378639-AP1.png ::::::::: [8, -1, -2, -2, -3, 8, 3, 6, 7, 18, 8, 7, 19, 2, 19, -9, 6, 22, 4, 20, 3, 22, 6, 23, 3]
IM-000000010755800-AP2.png ::::::::: [7, -1, -2, -2, -3, 8, 17, 5]
IM-000000011369019-AP39.png ::::::::: [13, 4, 4, 4, 4]
IM-000000011249355-AP1.png ::::::::: [8, 7, 5, 17, 2, 3]
IM-000000011379276-AP2.png ::::::::: [5, -5, 0, -3, 3, 62, 3, 3, 4, 4, 374]
IM-000000010663073-AP1.png ::::::::: [6, 3, 1, 13, 1, 1]
IM-000000011677806-AP1.png ::::::::: [19, 7, 12, 7, 14, 6, 14, 7]
IM-000000011379530-AP1.png ::::::::: [3, 5, 3]
IM-000000011379972-AP1.png ::::::::: [4, 5]
IM-000000010676276-AP1.png ::::::::: [10, 0, 1, 1]
IM-000000011101899-AP1.png ::::::::: [9, 8, 2, 3, 4, 13, 3, 5]
IM-000000010733603-AP1.png ::::::::: [20, 3, 3, 3, 5, 15, 3, 15, 3, 5, 2, 11, 2, 5, 14, 2, 1, 1]
IM-000000011369019-AP2.png ::::::::: [13, 4, 4, 4, 4]
IM-000000011386671-AP2.png ::::::::: [6, 0, -1, -10, -7, -5, -4, -5, -7, -4, -3, -1, 6, 3, 15, 6, 7, 14, 4, 5, 15, 4, 7, 15, 4, 6, 15, 4, 3, -6, 15, 5, 4, 16, 6, 5, 16, 6, 6]
IM-000000011459575-AP11.png ::::::::: [-3, -4, -5, -4, 5, 3, 13, 2, 12, 3, 6, 4, 15, 2, 14, 4]
IM-000000011387583-AP1.png ::::::::: [-8, 10, 3]
IM-000000011367517-AP1.png ::::::::: [9, 6]
IM-000000011378874-AP1.png ::::::::: [11, 21, -7, 21]
IM-000000011686659-AP12.png ::::::::: [-4, -2, -4, -5, 3, 13, -9, 5, 9, 5, 5, 14, 3, 3, -125, -69, 3, 3, 15, 4, 8, 7, 4, 15, 0, 2, 3]
IM-000000010865935-AP1.png ::::::::: [12, 4, 5, 4, 4]
IM-000000011249352-AP1.png ::::::::: [-10, 12, 7, 8]
IM-000000011186273-AP1.png ::::::::: [15, 7, 13, 0]
IM-000000010948372-AP1.png ::::::::: [-4, -3, -3, -2, 6, -9, 3, 4, 15, 15, 15, 3, 0, 4, 4, 4, 2, 1, 5, 4, 4, 2, 4, 159, 2, 1, 0, 3, 2]
IM-000000011379204-AP1.png ::::::::: [11, 3, 9, 3, 16, 20, 2, 9, -7, 3, 8, -8, 3, 9, 3, 12, 3]
IM-000000011386879-AP1.png ::::::::: [-4, -9, -3, 17, 5, 9, 5, 8, 4, 9, 3, 9, 5, 9, 6, 9, 4, 10, 4, 7, 3, 9, 5, 6, 4, 8, 5]
IM-000000010965551-AP1.png ::::::::: [-7, 3, -8, -7, -2, 0, -1]
IM-000000010652229-AP1.png ::::::::: [-1, -1, 5, -7, 8, 7, 6, -7, 7, -6, 6, 7]
IM-000000011378804-AP17.png ::::::::: [-3, -2, -3, -6, 5, 4, 6, 5, 16, 4, 5, 4, 5, 17, 5, 7, 4, 15, 4, -109, -81, 2, 13, -9, 4, 8, 3, 15]
IM-000000010952149-AP1.png ::::::::: [8, 9, 3, 16, 2, 4, 20, 8, 18, 3, 5]
IM-000000011378619-AP1.png ::::::::: [6, -3, -2, -3, -3, 7, 6, 6, 17, 8, 7, 19, 3, 5, 24, 4, 5, 23, 4, 5, 22, 4, 5, 22, 3, 6, 21, 3, 7, 20, 4, 5, 22, 5]
IM-000000011286384-AP1.png ::::::::: [13, 5, 4, 5, 4]
IM-000000011379456-AP4.png ::::::::: [4, 5, 5, 3]
IM-000000011796877-AP1.png ::::::::: [1, -9, 548]
IM-000000011379263-AP1.png ::::::::: [-3, -4, 17, 4, 8]
IM-000000011378611-AP4.png ::::::::: [-3, -3, -3, -3, 8, 5, 23, 4, 5, 6, 6, 24, 4, 4, 6, 5, 23, 4, -6, 6, 7, 5, 22, 3, 3, 4, 6, 23, 4, 4, 6, 5, 35]
IM-000000010842434-AP1.png ::::::::: [13]
IM-000000011102079-AP1.png ::::::::: [12, 7, 8, 8, 7, 6, 7, 7, 7]
IM-000000011794225-AP1.png ::::::::: [8, -2, -2, -2, -3]
IM-000000011378593-AP1.png ::::::::: [7, -1, -2, -4, -4, 8, 6, 6, 5, 18, 8, 9, 19, 4]
IM-000000011310221-AP1.png ::::::::: [0, 15, 14, 15, 12, 110, 4, 366]
IM-000000011386715-AP1.png ::::::::: [13, -1, -5, 12, -4, -3, 11, -5, -2, 12, -2]
IM-000000011387232-AP1.png ::::::::: [-2, -4, 15, 3, 4, 10, 3, 3]
IM-000000010832526-AP1.png ::::::::: [10, 7, 9, 8, 8, 7, 7]
IM-000000011386881-AP2.png ::::::::: [-3, -10, -4, 17, 4, 7, 4, 8, 4, 8, 4, 9, 4, 9, 3, 9, 5, 10, 5, 8, 5, 6]
IM-000000010679224-AP1.png ::::::::: [4, 2, 1, 2]
IM-000000011379508-AP1.png ::::::::: [13, 5, 6]
IM-000000011387155-AP1.png ::::::::: [11, 3, 9, -7, 4, 10, 1, 9, 3, 8, -8, 4, 11, 3, 12, 3, 12, 3]
IM-000000011386728-AP1.png ::::::::: [11, 3, 11, 3, 15, 21, -7, 23, 3]
IM-000000011386739-AP1.png ::::::::: [16, 7, 11, 13, 8, 10, 12, 12, 11, 10, 12, 12, 11, 11, 13, 12, 12, 9, 11, 9, -7, 9, 10]
IM-000000011064237-AP1.png ::::::::: [-4, -2, -5, 22, 5, 8, -9, 16, -10, 3, 7, -11, -8, 5, 8, 17, 15, 4, 10, 4, 9, 3, 10, 14, -10, 14]
IM-000000011102691-AP1.png ::::::::: [-12, 8, 8, 17, 3, 3, 5, 4, 4, 5, 4, 4, 4, 4]
IM-000000011379685-AP1.png ::::::::: [7]
IM-000000011379440-AP7.png ::::::::: [9, 8, 7, 8, 7, 9, 8]
IM-000000011379440-AP2.png ::::::::: [9, 7, -11, 8, 6, 10, 6, 10, 4, 11, 9]
IM-000000011310474-AP18.png ::::::::: [19, 5, 6, 5, 5, 4, 5, 6, 5, 6, 6, 6, 6, 5, 6, 6, 5, 7, 7]
IM-000000011387317-AP1.png ::::::::: [18, 4, 6, 6, 5]
IM-000000010809068-AP4.png ::::::::: [10, -7, 1, 0, 0, 1]
IM-000000011379309-AP1.png ::::::::: [10, 3, 16, 21, 22, -7, 3, 12]
IM-000000011186432-AP1.png ::::::::: [13, 4, 5, 3]
IM-000000011378578-AP1.png ::::::::: [7, -3, -2, -2, -2]
IM-000000010842922-AP1.png ::::::::: [-4, -4, -3, 7, -9, 4, 3, 4, 4, 15, 16, 14, 2, 0, 4, 5, 4, 1, -11, 205, 2, -1, 0, 2, 1]
IM-000000011143055-AP1.png ::::::::: [6, 5, 4, 8, 6, 8, 11]
IM-000000011598501-AP1.png ::::::::: [-5, -1, 3, 4, 2, 352]
IM-000000011387279-AP1.png ::::::::: [11, -9, -1, 0, 3, 1, 1]
IM-000000011386696-AP2.png ::::::::: [-3, 10, 5, -3, -2, 5, 5, 6, 5, 4, -3, -2, 4, 5, 5, 5]
IM-000000011201057-AP1.png ::::::::: [2, 15, 2, 4, 3, 3, 3, 3, 4, 3, 4, 3, 4]
IM-000000011378635-AP2.png ::::::::: [7, -3, -1, -2, -3]
IM-000000011387399-AP1.png ::::::::: [7, 1, 13, 5, 3]
IM-000000011379481-AP1.png ::::::::: [-12, 4, 28, 4, 4, 2, 7, 15]
IM-000000011386898-AP1.png ::::::::: [-2, -5, 16, 5, 7]
IM-000000011387483-AP1.png ::::::::: [-1, -5, 16, 3, 1, 4, 5, 6, 3, 3, 3, 3, 4, 4, 4, 5, 5, 4, 4, 5]
IM-000000011379799-AP1.png ::::::::: [-6, 0, -3, 3, 19, 9, 59, 6, 34, 9, 59, 1, -3, 3, 197]
IM-000000011127054-AP1.png ::::::::: [-1, 14, 15, 14, 14, 13, 86, 4, 365]
IM-000000011459575-AP5.png ::::::::: [-3, -2, -3, -5, 4, 3, 8, 5, 14, 3, 3, 14, 3, 7, -49, -54, 1, 2, 13, 3, 8, 3, 15, 3, 1, 15]
IM-000000010473802-AP1.png ::::::::: [4, 4, 4, 7]
IM-000000010865976-AP1.png ::::::::: [-10, 12, 3, 1, 3, 2, 3]
IM-000000011387035-AP2.png ::::::::: [1, -11, 3, 18, 4, 19, 3, 17, -11, 4, 19, 4, 3, 30, 5, 32, -10, 3]
IM-000000011379916-AP1.png ::::::::: [13, 5, 4, 5, 5, 357, -10]
IM-000000011387188-AP1.png ::::::::: [7, 9, 8, 7, 8, 24, 25, 20]
IM-000000011379818-AP2.png ::::::::: [-11, -1, 2, 19, 7, 60, 3, 0, 31, 9, 58, 7, 34, 10, 58, 8, 32, 20]
IM-000000010288286-AP1.png ::::::::: [-2, -3, 12]
IM-000000010831843-AP5.png ::::::::: [11, 7, 7, 8, 8, 8, 8, 8, 9, 8, 8, 8, 8, 9, 9, 9, 8, 8, 8, 8, 8, 9, 8, 8]
IM-000000011379353-AP1.png ::::::::: [1, 14, 14]
IM-000000010652236-AP1.png ::::::::: [-1, -2, 4, 6, 7, 7, 5]
IM-000000010831546-AP1.png ::::::::: [-9, 11, 0, 2, 2]
IM-000000010579474-AP2.png ::::::::: [0, 32, 32, 40, 6, 4, 4, 15, 5, 4, 3, 17, 1, 3]
IM-000000011386731-AP1.png ::::::::: [15, 9, 11, 11, 9, 11, 10, 13, 10, 10, 11, 9, -8, 11, 10, 11, 11, 11, 10, 11, 9, 10, 11]
IM-000000011101917-AP1.png ::::::::: [9, 9, 2, 4, 3, 13, 3, 4, 18]
IM-000000011513089-AP1.png ::::::::: [10, 4, 4, 4, 4, 4, 4, 5, 5]
IM-000000010708248-AP1.png ::::::::: [8, 7, 3, 5, 13, 3, 5]
IM-000000009428244-AP1.png ::::::::: [14, 11, 27]
IM-000000011386927-AP1.png ::::::::: [-5, 0, 9, 11, 2, 14, 3, 12, 3, 11, -11, 3, 12, -10, 2, 12, 2, 5, 14, 1, 5, 14, -10, 1, 13, 2, 13, -10, 3, 3, 13, 2]
IM-000000010741418-AP1.png ::::::::: [4, 3, 1, 2, 4, 3, 1, 1, 4, 2, 2, 2, 7, 3, 2, 3]
IM-000000011322047-AP1.png ::::::::: [7, 8, 3, 4, 5, 14, 5, 3, 4, 4]
IM-000000009793863-AP1.png ::::::::: [4, 19, 18, 5, 4, 4, 8, 3, 4]
IM-000000009930263-AP2.png ::::::::: [8, 2, 2, 1, 4, 3, 3, 3, 3, 2, 1, 2, 3, 3, 2, 3, 4, 4]
IM-000000010881232-AP1.png ::::::::: [4, 2, 2, 12, 2, 2]
IM-000000010901645-AP1.png ::::::::: [-4, -4, -3, 8, 2, 3, 4, 4, 15, 16, 14, 2, 0, 4, 3, 3, 2, 0, -7, 196, 2, -1, 0, 2, 1]
IM-000000011186378-AP1.png ::::::::: [14, 5, 4, 3, 4]
IM-000000011378608-AP1.png ::::::::: [7, -1, -1, -3, -4]
IM-000000010731885-AP1.png ::::::::: [5, 2, 2]
IM-000000011387035-AP1.png ::::::::: [3, 5, 3, 16, 4, 18, 3, 4, 15, -10, 3, 16, -10, 4, 19, 5, 3, 31, 5]
IM-000000011379424-AP2.png ::::::::: [2, 23, 4]
IM-000000011387644-AP1.png ::::::::: [-4, -4, 23, 11]
IM-000000010733588-AP1.png ::::::::: [-10, 21, 3, 1, 2, 14, 4, 6, 2, 13, 4, 6, 2]
IM-000000009457732-AP1.png ::::::::: [23, 5, 25, 6, 25, 5, 25, 5, 26, 6]
IM-000000011386760-AP1.png ::::::::: [38, -3, -3, 34, 37]
IM-000000011269479-AP1.png ::::::::: [4, 13, 6, 12, 14, 13, 13, 12, 11, 13, 14, 14, 12, 13, 13, 12, 13, 5, 14]
IM-000000011386720-AP1.png ::::::::: [19, 7, 4]
IM-000000011379278-AP2.png ::::::::: [8, 12, 6, 4, 5, 5, 4, 5, 7, 6, 12, 4, 4, 4, 6, 5, 6, 8, 12, 6, 5, 4, 5, 5, 5, 6, 9, 12, 6, 5, 5, 4, 6, 4, 6, 9, 12, 5, 4, 5, 3, 5, 6]
IM-000000011379715-AP2.png ::::::::: [13, 3, 8, 10, 6]
IM-000000011387123-AP1.png ::::::::: [4, 8, -9, 24, 25]
IM-000000010663061-AP1.png ::::::::: [6, 3, 1, 13, 1, 1]
IM-000000011378649-AP2.png ::::::::: [-2, -3, -1, -3]
IM-000000011379623-AP1.png ::::::::: [15, 8, 6, 7]
IM-000000011379554-AP1.png ::::::::: [8, 6, 9, 17, 5, 8, 16, 7, 6, 6]
IM-000000011387345-AP1.png ::::::::: [0, 0, 21, 3]
IM-000000011386693-AP1.png ::::::::: [-3, 10, 5, -4, -2, 5]
IM-000000011379198-AP1.png ::::::::: [5]
IM-000000011379016-AP1.png ::::::::: [14, 4, 5]
IM-000000011500982-AP1.png ::::::::: [3, 5, 4, 5, 7, 5, 5, 7]
IM-000000010865953-AP1.png ::::::::: [12, 4, 3, 4, 4]
IM-000000011379668-AP1.png ::::::::: [9]
IM-000000010952151-AP2.png ::::::::: [9, 8, 4, 2, 3, 14, -1, 1, 4, 3, 4, 17, 45, 9, 3, 4, 2, 14, 4, 3, 4, 1, 3, 16]
IM-000000010756064-AP1.png ::::::::: [11, 8, 6, 7]
IM-000000011667222-AP1.png ::::::::: [4, 1, 9, 2, 450]
IM-000000011379382-AP3.png ::::::::: [2, 0, -6, 18, 13, -5, 3, 9, 14, -5, 2, 8, 12, -4, 5, 9, 13, -4, 4, 8, -10]
IM-000000011386959-AP1.png ::::::::: [2, 4, 1, 18, 2, 3, 30, 2, 18, 5, 19, 5, 21, 3, 18, 6]
IM-000000011459575-AP4.png ::::::::: [-5, -3, -3, -5, 3, 3, 7, 4, 15, 3, 2, 14, 3, 6, 4, -45, -45, 2, 15, 3, 6, 4, 14, 4, 4]
IM-000000011379381-AP1.png ::::::::: [3, 1, 23, -6, 4, 7, -9]
IM-000000011387374-AP1.png ::::::::: [21, -8, 102, 8]
IM-000000011387413-AP1.png ::::::::: [10, 3, 16, 20, 22, 1, 8, 21, 2, 8, -7, 3, 10, -7, 4, 15, 2, 16, 4]
IM-000000009411510-AP3.png ::::::::: [5, 7, 6, 6, 6, 4, 4]
IM-000000011387362-AP1.png ::::::::: [12]
IM-000000011333685-AP1.png ::::::::: [10, 7, 8, 8, 7, 6, 8, 8, 5]
IM-000000009423673-AP1.png ::::::::: [3, 2, 14, 3]
IM-000000011386960-AP1.png ::::::::: [10, 3, 16, 21, 2, 9, 1, 9, -7, 4, 15, 3, 16, 1]
IM-000000011379109-AP1.png ::::::::: [15, 8, 7, 9, 7, 8, 10]
IM-000000011387606-AP1.png ::::::::: [5, 15, 4, 4, 4, 4]
IM-000000011379814-AP2.png ::::::::: [-6, -1, -4, 4, 17, 33, 10, 60, 6, 33, 9, 60, 7, 172]
IM-000000011435888-AP1.png ::::::::: [1, 548]
IM-000000011379589-AP1.png ::::::::: [12, 17, 3, 1, 1, 3]
IM-000000010652233-AP1.png ::::::::: [-3, -2, 4, 5, -10, 6]
IM-000000010963995-AP1.png ::::::::: [12, 5, 6, 5]
IM-000000009411514-AP2.png ::::::::: [4]
IM-000000011369019-AP27.png ::::::::: [13, 4, 4, 5]
IM-000000011378710-AP1.png ::::::::: [-10, 20, 12, 12]
IM-000000011387240-AP1.png ::::::::: [11, 3, 8, 2, 8, 2, 15, -7, 23, 21, 0, 9, 20, 2, 9, -7, 3, 10]
IM-000000011379561-AP1.png ::::::::: [12, 14, 61, 7, 31, 9, 8]
IM-000000010663071-AP1.png ::::::::: [5, 0]
IM-000000011548113-AP1.png ::::::::: [-2, -4, 25, 24, 23, 23, 23, 23, 22, 22, 24]
IM-000000011378644-AP1.png ::::::::: [-3, -2, -1, -4, 8, 7, 5, 17, 8, 8, 19, 5, 21, -8, 6]
IM-000000010756067-AP1.png ::::::::: [10, 8, 7, 7, 8, 8]
IM-000000011378579-AP2.png ::::::::: [6, -3, -2, -2, -2]
IM-000000011379952-AP1.png ::::::::: [13, 5, 4, 4, 5, 4, 5, 5, 5, 4, 4, 3, 5, 4, 4, 4, 19]
IM-000000011386921-AP1.png ::::::::: [14, 6]
IM-000000011343859-AP1.png ::::::::: [7, 1, -1]
IM-000000011249351-AP1.png ::::::::: [9, 7, 7]
IM-000000011857053-AP1.png ::::::::: [7, 10, 11, 10, -7, 10, 9, 10, 8, 10]
IM-000000011379522-AP1.png ::::::::: [12, 4]
IM-000000009564047-AP1.png ::::::::: [1, 4, 32, 4, 4]
IM-000000011387473-AP1.png ::::::::: [-3, 10, 5, -5, -3, 5, 3, 4, 4, 2, -3, -2, 5, 2, 5, 5]
IM-000000011378804-AP15.png ::::::::: [-3, -2, -3, -6, -7, 4, 3, 7, 2, 16, 3, 4, 4, 4, 16, 2, 6, 1, 15, 6, 5, 5, 1, 15, 2, 6, 3, 13]
IM-000000010733569-AP1.png ::::::::: [21, 3, 5, 4, 13, 3, 16, 4, 15, 3, 5, 2, 3, 16, 5, 5, 5]
IM-000000010733569-AP1.png ::::::::: [21, 3, 5, 4, 13, 3, 16, 4, 15, 3, 5, 2, 3, 16, 5, 5, 5]
IM-000000011387376-AP1.png ::::::::: [3, 4, 5, 5, 2, 6, 5, 6]
IM-000000011186395-AP1.png ::::::::: [13, 5, 5, 4, 4]
IM-000000010756065-AP1.png ::::::::: [10, 9, 8, 8]
IM-000000011387161-AP1.png ::::::::: [9, 3]
IM-000000011143054-AP1.png ::::::::: [6, 2, 3, 10, 7, 6, 6, 11]
IM-000000011200858-AP1.png ::::::::: [10, 14, 13, 13]
IM-000000011379256-AP1.png ::::::::: [4, 3, 3, 3, 5, 3, 4, 3, 4, 2]
IM-000000011386972-AP1.png ::::::::: [10, 3, 14, 22, 21, 2, 9, 20, 3, 10, 3, 10, 2, 9, 2, 11, -7, 4, 15, 3, 16]
IM-000000011379650-AP2.png ::::::::: [1, 5, 7, 4, 4, 4, 6, 4, 3, 4, 5, 4, 4, 4, 5, 5, 4, 3, 5, 6, 4, 5, 5, 6, 5, 4, 4, 5, 5, 5, 6, 6, 5, 5, 4, 6, 4, 4, 5, 6, 6, 4, 4, 4, 4, 5, 4, 5, 4, 6, 5, 4, 6]
IM-000000011379909-AP1.png ::::::::: [13, 4, 4, 4, 5, 5, 4, 3, 316, -11]
IM-000000009457731-AP1.png ::::::::: [24, 4]
IM-000000011379196-AP1.png ::::::::: [3]
IM-000000011143056-AP2.png ::::::::: [5, 4, 4, 10, 6, 5, 5, 2, 4, 11, 19, 6, 8, 6, 7, 4, 7, 10, 19, 5, 7, 8, 7, 7, 13, 18, 7, 6, 8, 7, 7, 12]
IM-000000011379574-AP1.png ::::::::: [9, 11, 5, 8, 9, 10, 6]
IM-000000011188933-AP1.png ::::::::: [9, 10, 11]
IM-000000010759568-AP1.png ::::::::: [23, -12, 7]
IM-000000011802745-AP1.png ::::::::: [10, 6, 8, 7]
IM-000000010652231-AP1.png ::::::::: [-1, -1, 4, 6, 7, 5, -7, 5, 6, 6]
IM-000000011191756-AP1.png ::::::::: [4, 14, 6, 12, 12, 11, 12, 5, 13, 11, 4]
IM-000000010557088-AP1.png ::::::::: [7, 7, 7, 6, 8, 8, 7, 6, 9, 8]
IM-000000011387111-AP1.png ::::::::: [3, -13, -13]
IM-000000010733583-AP1.png ::::::::: [21, 3, 2, 3, 15, 4, 15, 2, 14, 4, 6]
IM-000000011387418-AP1.png ::::::::: [-12, 12, 2, 3, -3, 12, 13, 5, 3, -6, 5, 10, 13, 3, 3, -6, 7, 13, 13, 4, 4, -5, 6, 12]
IM-000000010617010-AP1.png ::::::::: [-5, -6, 17, 4, 4, 4]
IM-000000011186404-AP1.png ::::::::: [13, 4, 4, 3]
IM-000000010579474-AP1.png ::::::::: [-1, 32, 8, 6, 6, 6, 7, 7, 8, 6, 8, 8, 7, 6, 7, 8, 7, 6, 7, 7, 7, 5, 7, 7, 7, 17]
IM-000000011188934-AP1.png ::::::::: [9]
IM-000000011343294-AP2.png ::::::::: [-5, -4, 4, -3, -4, 5, -4, -4, 4, -3, -3, 4, -3, -4, 4, 2, 2, 5, -4, -4]
IM-000000010529633-AP1.png ::::::::: [12, 7, 5, 6, 6, 6, 5, 6, 5, 5, 6, 5, 5, 5]
IM-000000010892936-AP1.png ::::::::: [10, 2, 3, 3, 1, 4, 3, 4, 2, 0, 17, 2, 2, 2, 2, 52, -11, 6, -10, 9, 13, 2, 3, 2, 2, 52, -10, 6, -10, 9, 14, 3, 3, 2, 55, -10, 7, -9, 10, 32]
IM-000000011378661-AP1.png ::::::::: [7, -2, 0, -2, -2]
IM-000000011379461-AP16.png ::::::::: [1, 1, 23, -5, 4, 8]
IM-000000010865955-AP1.png ::::::::: [11, 4, 4, 5, 4]
IM-000000011387673-AP1.png ::::::::: [-8, -3, -3, 12, 279]
IM-000000011378814-AP2.png ::::::::: [-3, -4, 4, -2, -4, 5, 1, -1, 4, -2, -6, 5, -4, -4, 5, -2, -3]
IM-000000011310368-AP1.png ::::::::: [8, 8, 3, 4, 3, 16, 4, 5]
IM-000000011379366-AP1.png ::::::::: [3, 2, 3, 6, 6, 0, -13, -11, 6, 6]
IM-000000011379642-AP1.png ::::::::: [13, 3, 8]
IM-000000011459351-AP1.png ::::::::: [16, 4, 4, 14, -1, 4]
IM-000000011379891-AP1.png ::::::::: [14, 5, 6, 3, 5, 358]
IM-000000011286382-AP1.png ::::::::: [-11, 14, 5, 4, 4]
IM-000000011379818-AP3.png ::::::::: [-5, 0, -5, 4, 22, 60, 9, 33, 8, 59, 8, 34, 10, 61, 8, 34, 9, 26]
IM-000000011379754-AP1.png ::::::::: [3]
IM-000000011378600-AP1.png ::::::::: [8, -2, -3, -2, -3, 8, 4, 6, 16, 8, 8, 19, 4, 24, 6, 22, 6, 22, 4, 23, 3, 22, 3, 22, 5, 22, 5, 21, 5, 33]
IM-000000011379222-AP1.png ::::::::: [7, 5]
IM-000000011379823-AP1.png ::::::::: [10, -4, -5, 7, 11, -5, -4, 8]
IM-000000011379445-AP6.png ::::::::: [3, -12, 6, 24, 3, 6]
IM-000000011379510-AP1.png ::::::::: [6, 19, 4, 5, 5, 4, 5, 5, 6, 6, 6, 6]
IM-000000011550130-AP2.png ::::::::: [-2, -3]
IM-000000011387464-AP2.png ::::::::: [-3, 9, 4, -3, -2, 5, 5, 6, 5, 4, -3, -2, 4, 4, 5, 5, 3, -3, -2, 4, 3, 5, 5, 3, -3, -2, 5, 5, 5, 4]
IM-000000011379500-AP1.png ::::::::: [13, 2]
IM-000000011102001-AP1.png ::::::::: [6, 18, 3, 21, 4, 17, 4]
IM-000000011386948-AP2.png ::::::::: [-6, 1, 12, 3, 17, 3, 17, 3, 15, 4, 15, 4, 16, 4, 17, 3, 17, 3, 17, 4, 18, 3, 17, 3]
IM-000000010881208-AP1.png ::::::::: [4, 0, 2]
IM-000000011386730-AP1.png ::::::::: [16, 10, 10, 11, 10, 10, 11, 12, 13, 10, 10, 10, 11, 11, 11, 12, 12, 8, 11, 7, -8, 10, 9]
IM-000000011379780-AP1.png ::::::::: [5]
IM-000000010529107-AP1.png ::::::::: [-5, -5, 8, 15]
IM-000000010904574-AP1.png ::::::::: [8, 7, 4, 3, 3, 15, 4, 3, 5, 5, 4, 5, 4, 4, 4, 4, 4, 5, 3, 19]
IM-000000010733602-AP1.png ::::::::: [19, -11, 4, 13, -12, 4, 5, 16, 3, 1, -12, 1]
IM-000000010733573-AP1.png ::::::::: [-10, 20, 3, 15, 3, 4, 1, 11, 2, 6, 13, 6, 6, 5]
IM-000000011379973-AP1.png ::::::::: [4, 3, -10, 5, 5, 3, -10, -10, 5]
IM-000000010965479-AP3.png ::::::::: []
IM-000000011378779-AP1.png ::::::::: [8, 3]
IM-000000011379401-AP2.png ::::::::: [3, 0, -7, 23, -4, 3, 5, -10, 13, -6, 5, 9]
IM-000000011386905-AP1.png ::::::::: [-3, -10, -4, 17, 5, 6]
IM-000000011511178-AP1.png ::::::::: [6, 2, 0, 12, 2, 0]
IM-000000010890124-AP1.png ::::::::: [-5, -5, -3, 7, 2, 16, 16, 15, 2, 2, 4, 4, 3, 2, -10, 241, 1, 2, 1, 2, 0]
IM-000000011143060-AP1.png ::::::::: [5, 4, 3, 10, 7, 5, 7, 5, 10]
IM-000000011379333-AP2.png ::::::::: [13, 15, 14, 12]
IM-000000011370742-AP1.png ::::::::: [8, 7, 4, 4, 2, 13, 3, 4]
IM-000000011387105-AP1.png ::::::::: [3, -13]
IM-000000011378803-AP1.png ::::::::: [1, -5, 127]
IM-000000010865989-AP1.png ::::::::: [-8, 7, -9, -3, -1, -2, 0]
IM-000000011386934-AP2.png ::::::::: [1, 8, 2, 12, -12, 1, 11, -13, -11, 3, 13, 2, 13, 3]
IM-000000011386944-AP1.png ::::::::: [2, 28, 3, 5, 36, 17]
IM-000000011378586-AP1.png ::::::::: [8, -2, -2, -3, -3, 8, 4, 6, 17, 8, 8, 19, 4, 6, 6, 6, 22, 5, 5, 6, 5, 23, 5, 6, 6, 5, 23, 5, 6, 6, 7, 23, 3, 5, 6, 5, 23]
IM-000000010638076-AP1.png ::::::::: [11]
IM-000000010655224-AP1.png ::::::::: [8, 9, 2, 5, 4, 13, 1, 5, 19]
IM-000000011378913-AP1.png ::::::::: [13, 3, 216]
IM-000000010819088-AP6.png ::::::::: [6, 5, 5, 6, 17, 5, 1, 5, 4, 4, 14, 6, 3, 5, 17, 6, 5, 2, 4, 4, 4, 14, -10, 7, 4, 6, 17, 4, 6]
IM-000000011378631-AP1.png ::::::::: [8, -2, -1, -2, -3]
IM-000000011379338-AP1.png ::::::::: [5, 21, 8, 7, 6]
IM-000000011387010-AP1.png ::::::::: [4, 4, 5, 2, 1, -11, 4, 3, 6, 33, 5, 63, 6, 6, 7, 6]
IM-000000011379382-AP2.png ::::::::: [3, 0, -7, 24, -4, 3, 9, 14, -5, 4, 10, 15, -4, 4, 9, 14, -4, 5, 8, 11, -4, 4, 6, 13, -4, 4, 9, 13, -4, 5, 8, 12, -4, 5, 7, -10, -8, 14, 2]
IM-000000010071904-AP1.png ::::::::: [5, 17, 10, 5, 6]
IM-000000010814247-AP1.png ::::::::: [9, -11, 8, 14, 12, 8, 12, 14, 8, 13]
IM-000000011379588-AP1.png ::::::::: [-7, 19, 3, 4, 2, 0]
IM-000000011379361-AP1.png ::::::::: [9, 3, 5, 5, 4, 4, 4, 2, 3, 3, 5, 4, 4, 3, 5, 4, 6]
IM-000000011379412-AP1.png ::::::::: [14, -7, 6, 6, 11, 8, 9, 14, 7, 9]
IM-000000011249368-AP1.png ::::::::: [-8, 24, 7, 6, 7, 7, 6, 8, 7]
IM-000000011387565-AP1.png ::::::::: [5, 7, 14, -3]
IM-000000009466516-AP1.png ::::::::: [5, 2, 13, 5]
IM-000000011378898-AP1.png ::::::::: [0, 0, 10, 2]
IM-000000010662990-AP1.png ::::::::: [5, 6, -5, 5, 8]
IM-000000011378615-AP2.png ::::::::: [8, -1, -1, -2, -3, 7, 23, 4, 4, 34]
IM-000000011387521-AP2.png ::::::::: [18, -3, -3]
IM-000000011378648-AP2.png ::::::::: [6, -4, -3, -2, -2]
IM-000000011343858-AP1.png ::::::::: [6, 1, 0, 8, 1, 2]
IM-000000011379801-AP1.png ::::::::: [-7, 0, -3, 2, 21, 8, 58, 7, 120, 5, 5, 4, 4, 180]
IM-000000011379101-AP2.png ::::::::: [5, 12, 21, 5, 5, 7, 5, 23, 4, 5, 8, 23, 22, 7, 5, 7, 22, 6, 5, 6, 144]
IM-000000011253951-AP2.png ::::::::: [16, 2, 4, -3, -4, 1, 3, 29, 3, 5, -3, -2, 2, 3]
IM-000000011386923-AP1.png ::::::::: [14, 5]
IM-000000011387230-AP2.png ::::::::: [2, 64]
IM-000000010854737-AP1.png ::::::::: [7, 7, 4, 3, 2, 15, 4, 3, 5]
IM-000000010731884-AP1.png ::::::::: [6, 3, 1, 1, 0]
IM-000000011386879-AP3.png ::::::::: [-1, -4, 16, 4, 7, 4, 8]
IM-000000011387630-AP1.png ::::::::: [15, 2, 4, 9, 3, 0, 9, 1, 5, 8, 3, 2, 10, 2, 4]
IM-000000011387385-AP1.png ::::::::: [12, 3, 4, 2, 12, 12]
IM-000000011387485-AP1.png ::::::::: [-1, -4, 16, 4, 2, 4, 4, 5, 2, 2, 4, 4, 5, 4, 6, 5, 4, 4, 8]
IM-000000011254336-AP1.png ::::::::: [-3, -5, 18, 4]
IM-000000011127055-AP1.png ::::::::: [-3, 14, 174, 5]
IM-000000010859297-AP1.png ::::::::: [11, 7, 7, 6, 6, 7]
IM-000000009677502-AP1.png ::::::::: [-7, 0, 10, 10, 2, 3, 66, 7]
IM-000000011379058-AP1.png ::::::::: [13, 4, 6]
IM-000000011379262-AP2.png ::::::::: [-3, -8, -2, 31, 8, 8, 8, 9, 6, 8]
IM-000000011379334-AP1.png ::::::::: [10, -6, 6, -6, 20, -6, 6, -7, 5, 18, 5, 3, 259, 17, 4, 3]
IM-000000010854739-AP1.png ::::::::: [-11, 7, 8, 3, 2, 3, 14, 3, 3, 5]
IM-000000011379430-AP2.png ::::::::: [12, 6]
IM-000000011186418-AP1.png ::::::::: [-10, 14, 4, 4, 4, 4]
IM-000000011379369-AP1.png ::::::::: [6, 9, 6, 3, 6, 4, 6, 4]
IM-000000011284773-AP1.png ::::::::: [6, 19, 2, 4, 6, 9, 4, 5]
IM-000000010733581-AP1.png ::::::::: [-9, 19, 3, 1, 3, 15, 3, 3, 4, 15, 4, 2, -12, 1, 4, 14, -12, 4, 2, 5, 13, 4, 1, 1]
IM-000000011379595-AP1.png ::::::::: [19, 3, 3, 1, 1]
IM-000000011678625-AP1.png ::::::::: [12, 3, 4, 34, 23, 5, 7, 6, 55, 7, 8, 8, 9, 22, -11, 21, 6, 6, 7, 20, 6]
IM-000000010840195-AP1.png ::::::::: [7, 11, 10, 11, 11, 11, 10, 11, 10]
IM-000000010733591-AP1.png ::::::::: [21, 2, 2, 3, 3, 13, 4, 3, 4, 13, -11, 4, 3, 2, 13, 3, 2, -12, 1]
IM-000000011376572-AP1.png ::::::::: [10, 8, 8, 8]
IM-000000011009945-AP1.png ::::::::: [4, 5, 3, 5, 4, 3, 5, 4, 5, 4, 5, 5, 4, 5, 4, 6, 5, 6, 4, 6]
IM-000000011386858-AP1.png ::::::::: [11, 3, 16, 21, 19, 2]
IM-000000011387365-AP1.png ::::::::: [12, 5, 3, -2, 13, 17, 11, -7, 11, 14, 2, 2, 6, 4, -4, -2, 4, 11, 11, 20]
IM-000000011378588-AP2.png ::::::::: [7, -1, -2, -3, -3]
IM-000000009606437-AP5.png ::::::::: [5, 5, 7, 4, 4, 5, 37]
IM-000000009421314-AP1.png ::::::::: [5, 3, 5, 6, 6, 6, 6]
IM-000000010485223-AP1.png ::::::::: [6, 18]
IM-000000011186421-AP1.png ::::::::: [13, 5, 5, 5, 5]
IM-000000011378712-AP1.png ::::::::: [-10, 21, 13, 13, 12, 14]
IM-000000011828276-AP1.png ::::::::: [15, 6]
IM-000000011386733-AP1.png ::::::::: [16, 11, 11, 9, 9, 11, 12, 11, 13, 9, 10, 12, 11, 11, 11, 12, 11, 9, 10, 10, 11, 11]
IM-000000010666197-AP1.png ::::::::: [-4, -2, -5, 24, 3, 9]
IM-000000011254325-AP1.png ::::::::: [-1, -2, 19, 5]
IM-000000011379192-AP1.png ::::::::: [3]
IM-000000010652225-AP1.png ::::::::: [-2, -2, 5, 6, 7, 8, 6, 8]
IM-000000011386904-AP1.png ::::::::: [-3, -10, -4, 17, 4, 9, 4, 10, 3, 9, 5, 9, 4, 8, 5, 9, 4, 10, 5, 9, 5, 6]
IM-000000011333681-AP1.png ::::::::: [12, 7, 8, 8, 8, 8]
IM-000000010652238-AP1.png ::::::::: [-1, -2, 5, 7, 6, 5, -7, 8, 6, -7, 6, -10, 5, -9]
IM-000000011254323-AP1.png ::::::::: [-3, -9, -3, 19, 5]
IM-000000011101955-AP1.png ::::::::: [-4, -5, -4, -5, 8, 3, 4, 2, 5, 4, 16, 16, 14, 2, 3, 4, 5, 3, 1, -10, 193, 1, 2, 1, 3, -1]
IM-000000011686659-AP11.png ::::::::: [-3, -2, -4, -5, 5, 2, 14, 4, 7, 7, 5, 14, 2, 3, 2, 15, 5, 7, 7, 6, 15, 3, 3, 3, 4, 1, 1]
IM-000000011379333-AP1.png ::::::::: [10, 15, 14, 13, 12, 16, 14, 13, 11, -9, 14, 11]
IM-000000011379443-AP6.png ::::::::: [4, 6, 26, 3, 6, 6, -11, 5, 7, 9, 3, 5, 8, 3, 6]
IM-000000011101911-AP1.png ::::::::: [11, 7, 9, 6, -9, 9, 8]
IM-000000011523182-AP1.png ::::::::: [-3, -2, -4, -6, 4, 4, 6, 5, 27, 3, 3, 4, 4]
IM-000000011741699-AP1.png ::::::::: [5, 4, 2, 2]
IM-000000011378984-AP1.png ::::::::: [10, 3, 16, 20, 21, -8, 23, 2, 9, -7, 3, 8, 3, 9, 1, 9, -7, 3, 10, 2, 9, -8, 3, 11, -7, 5, 12]
IM-000000011379440-AP5.png ::::::::: [10, 8, 7, 7, 5, 8, 9]
IM-000000011379373-AP1.png ::::::::: [-9, 2, -1, -8, 25, -5, 4, 10, 13, -4, 5, 10, 13, -6, 4, 9, 12, -5, 3, 9, 15, -4, 4, 8, 14, 5, 8]
IM-000000011285439-AP1.png ::::::::: [10, 0]
IM-000000011143059-AP1.png ::::::::: [6, 4, 5, 10, 6, 7, 12]
IM-000000011583836-AP1.png ::::::::: [5, 1, 11, 2, 1, 10, 0, 10, 0, 10, 2, 10, -1, -11]
IM-000000011685260-AP1.png ::::::::: [6, 6, 16, 4, -11, 3]
IM-000000011386904-AP2.png ::::::::: [-3]
IM-000000010731886-AP1.png ::::::::: [5, 1, 1, 1, 9, 0, 1, 2, 1, 11, 0, 0, 1, 1]
IM-000000009479483-AP2.png ::::::::: [2, 1, 6, 5]
IM-000000011143058-AP1.png ::::::::: [6, 4, 4, 9, 5, 4, 6, 7, 6, 10]
IM-000000010301545-AP2.png ::::::::: [2, 5, 4, 24, 5, 14, 5, 4, 16, 4]
IM-000000010534569-AP1.png ::::::::: [-7, -4, -7, 8, 7]
IM-000000010881253-AP1.png ::::::::: [-1, 0, 9, 1]
IM-000000011379343-AP1.png ::::::::: [9, -6, 388, 15, 6, 4]
IM-000000011249371-AP1.png ::::::::: [-9, 21, 8, 6, 9]
IM-000000011186251-AP1.png ::::::::: [8, 8, 4, 5, 3, 16, 4, 4, 18, 8, 4, 4, 3, 14, 0, 2]
IM-000000010638217-AP1.png ::::::::: [8, 10]
IM-000000010865965-AP1.png ::::::::: [12, 3, 3, 4, 4]
IM-000000011380030-AP1.png ::::::::: [3, -1, 16, 3, 4, 2]
IM-000000011249374-AP1.png ::::::::: [4]
IM-000000011386943-AP1.png ::::::::: [2, 27, 3, 36]
IM-000000011387354-AP1.png ::::::::: [12]
IM-000000011378884-AP1.png ::::::::: [3, -2, 19, 2, 5, 2]
IM-000000011378956-AP1.png ::::::::: [3, 6, 5, 5, 6, 3, 4, 4, 4, 5, 5, 4, 1, 5, 5, 5, 5, 5, 5, 5, 5, 5]
IM-000000011322085-AP1.png ::::::::: [7, 1, 3, 8, 1, 1, 7, 1, 3]
IM-000000010865961-AP1.png ::::::::: [13, 4, 3, 3]
IM-000000010712583-AP1.png ::::::::: [13, -5]
IM-000000011379837-AP1.png ::::::::: [4, 3, 3, 1, 14, 3]
IM-000000011344106-AP1.png ::::::::: [-10, 11, 7, 8, 8, 6, 7, 7, 7, 7, 7, 7, 7, 7, 8, 7, 6, 6, 7, 6, 6, 7]
IM-000000010768804-AP1.png ::::::::: [17, 8, 6]
IM-000000010865958-AP1.png ::::::::: [12, -8, 3, 3, 3, 4]
IM-000000011379805-AP3.png ::::::::: [5, -9, 0, 3, 62, 4, 5, 3, 4, 374]
IM-000000010881247-AP1.png ::::::::: [3, 11]
IM-000000011378606-AP3.png ::::::::: [7, -2, -3, -3, -3]
IM-000000011367584-AP1.png ::::::::: [8, 10, -8, 11, 10, 10, 11, 11, 10, 11]
IM-000000011387369-AP1.png ::::::::: [5, 16]
IM-000000009411514-AP1.png ::::::::: [5, 3, 6, 5, 7, 7, 6]
IM-000000011379836-AP1.png ::::::::: [4, 4, 1, 11, 3, 3, 3, 13, 3, 13, 4, 14, 3, 13, 4, 15, 4]
IM-000000010676246-AP1.png ::::::::: [11, -8, 1, 2, 1, 0]
IM-000000011386966-AP1.png ::::::::: [11, 3, 15, -8, 23, 21, 1]
IM-000000011379453-AP2.png ::::::::: [-14, 2, 27, 9, 11]
IM-000000010965479-AP2.png ::::::::: [8, 7, 4, 3, 4, 4, 14, 0, 3, 2, 5, 4, 4, 4, 18, 48, 8, 3, 1, 4, 5, 13, 1, 1, 3, 6, 5, 4, 5, 19]
IM-000000010772103-AP1.png ::::::::: [8, 9, 4, 3, 14, 4, 5]
IM-000000011190599-AP1.png ::::::::: [-3, -6, 11, 7, 7, -8, 6, 9, 8, -3, -4]
IM-000000011379419-AP2.png ::::::::: [-5, 0, -4, 2, 62, 5, 4, 4, 4, -11, 372]
IM-000000011387282-AP1.png ::::::::: [10, 4, 15, 21, 2, 10, 4]
IM-000000011379443-AP9.png ::::::::: [5, 6, 24, 3, 7, 5, 7, 5, 7, 9, 4, 7, 8, 3, 7]
IM-000000009480622-AP1.png ::::::::: [10, 3, 17, 4]
IM-000000011387445-AP1.png ::::::::: [-4, 9, 4, -3, 17, -3, -2, 6, 5]
IM-000000009433102-AP1.png ::::::::: [7, 7, 4, 6]
IM-000000011379657-AP1.png ::::::::: [16, 5, 2, 6, 5, 5, 4, 4, -10, 5, 4, 20]
IM-000000011378804-AP20.png ::::::::: [-3, -2, -3, -5, 16, 5, 6, 4, 3, 18, 3, 6, 4, 16, 5, 4, 4, 4, 16, 4, 7, 3, 15, 5, 5, 3, 3]
IM-000000011379470-AP1.png ::::::::: [-4, -6, -3, 9, -12, 7, 7, 7, 7, 8, 8, 6, 7, 8, -10, -28, -9]
IM-000000011378667-AP1.png ::::::::: [3, 0]
IM-000000011254332-AP1.png ::::::::: [-1, -3, 19, 4]
IM-000000010865975-AP1.png ::::::::: [12, -9, 2, 2, 2]
IM-000000009418599-AP1.png ::::::::: [6, 3, 4, 6, 4, 7, 6]
IM-000000010712587-AP1.png ::::::::: [14, -5]
IM-000000011386871-AP1.png ::::::::: [-2, -5, 17, 5, 7]
IM-000000011098840-AP2.png ::::::::: [2, 14, 3, 2, 5, 4, 4, 3, 4, 4, 4, 4, 3, 4, 4, 3, 3, 3, 4, 3, 3, 3]
IM-000000010929702-AP1.png ::::::::: [-4, -3, -3, -5, 8, 3, 4, 2, 4, 2, 3, -1, 3, 15, 17, 13, 2, 2, 4, 4, 4, 171, 1, 1, 0, 1, 1]
IM-000000011369972-AP1.png ::::::::: [16, 5]
IM-000000010843146-AP1.png ::::::::: [8, 8, 3, 3, 3, 14, 3, 2, 3, 3, 4, 5, 4, 19]
IM-000000011186271-AP1.png ::::::::: [15, 6, 7, 5, 14, 2]
IM-000000011386922-AP1.png ::::::::: [14, 4]
IM-000000011387163-AP1.png ::::::::: [10, 3, 14, 22, 20, -7, 3, 11]
IM-000000011387384-AP2.png ::::::::: [21]
IM-000000010585549-AP1.png ::::::::: [9, 8, 7, 7, 7, 7, 8, 8, 7, 6]
IM-000000011379120-AP1.png ::::::::: [0, 0, 10, 2]
IM-000000010772396-AP1.png ::::::::: [-6, -6, 10, 7, 8, -8, 6, 6]
IM-000000010662988-AP1.png ::::::::: [5, 6, 4, 8]
IM-000000011378804-AP22.png ::::::::: [-3, -2, -3, 5, 3, 5, 4, 5, 16, 3, 7, 4, 15, -63, -62, 4, 5, 17, 3, 6, 4, 15, 6, 5, 3, 5]
IM-000000011386948-AP1.png ::::::::: [3, 26, 3, 16, 4, 16, 3, 17, 4, 16, -3, 4, 16, 5, 17, 4, 4, 16, 3, 17, 4, 4, 15, 4]
IM-000000011379149-AP1.png ::::::::: [10, 4, 2, 0, 13, 3, 4]
IM-000000011186251-AP2.png ::::::::: []
IM-000000011143056-AP1.png ::::::::: [5, 5, 5, 9, 4, -12, 6, 6, 7, 10, 20, 7, 6, 8, 8, 13]
IM-000000009436489-AP1.png ::::::::: [14, 9, 26, 55, 26]
IM-000000010772567-AP1.png ::::::::: [5, 7, 4, 5, 2, 2, 12, 4, 4, 18]
IM-000000011378639-AP1.png ::::::::: [8, -1, -2, -2, -3, 8, 3, 6, 7, 18, 8, 7, 19, 2, 19, -9, 6, 22, 4, 20, 3, 22, 6, 23, 3]
IM-000000010755800-AP2.png ::::::::: [7, -1, -2, -2, -3, 8, 17, 5]
IM-000000011369019-AP39.png ::::::::: [13, 4, 4, 4, 4]
IM-000000011249355-AP1.png ::::::::: [8, 7, 5, 17, 2, 3]
IM-000000011379276-AP2.png ::::::::: [5, -5, 0, -3, 3, 62, 3, 3, 4, 4, 374]
IM-000000010663073-AP1.png ::::::::: [6, 3, 1, 13, 1, 1]
IM-000000011677806-AP1.png ::::::::: [19, 7, 12, 7, 14, 6, 14, 7]
IM-000000011379530-AP1.png ::::::::: [3, 5, 3]
IM-000000011379972-AP1.png ::::::::: [4, 5]
IM-000000010676276-AP1.png ::::::::: [10, 0, 1, 1]
IM-000000011101899-AP1.png ::::::::: [9, 8, 2, 3, 4, 13, 3, 5]
IM-000000010733603-AP1.png ::::::::: [20, 3, 3, 3, 5, 15, 3, 15, 3, 5, 2, 11, 2, 5, 14, 2, 1, 1]
IM-000000011369019-AP2.png ::::::::: [13, 4, 4, 4, 4]
IM-000000011386671-AP2.png ::::::::: [6, 0, -1, -10, -7, -5, -4, -5, -7, -4, -3, -1, 6, 3, 15, 6, 7, 14, 4, 5, 15, 4, 7, 15, 4, 6, 15, 4, 3, -6, 15, 5, 4, 16, 6, 5, 16, 6, 6]
IM-000000011459575-AP11.png ::::::::: [-3, -4, -5, -4, 5, 3, 13, 2, 12, 3, 6, 4, 15, 2, 14, 4]
IM-000000011387583-AP1.png ::::::::: [-8, 10, 3]
IM-000000011367517-AP1.png ::::::::: [9, 6]
IM-000000011378874-AP1.png ::::::::: [11, 21, -7, 21]
IM-000000011686659-AP12.png ::::::::: [-4, -2, -4, -5, 3, 13, -9, 5, 9, 5, 5, 14, 3, 3, -125, -69, 3, 3, 15, 4, 8, 7, 4, 15, 0, 2, 3]
IM-000000010865935-AP1.png ::::::::: [12, 4, 5, 4, 4]
IM-000000011249352-AP1.png ::::::::: [-10, 12, 7, 8]
IM-000000011186273-AP1.png ::::::::: [15, 7, 13, 0]
IM-000000010948372-AP1.png ::::::::: [-4, -3, -3, -2, 6, -9, 3, 4, 15, 15, 15, 3, 0, 4, 4, 4, 2, 1, 5, 4, 4, 2, 4, 159, 2, 1, 0, 3, 2]
IM-000000011379204-AP1.png ::::::::: [11, 3, 9, 3, 16, 20, 2, 9, -7, 3, 8, -8, 3, 9, 3, 12, 3]
IM-000000011386879-AP1.png ::::::::: [-4, -9, -3, 17, 5, 9, 5, 8, 4, 9, 3, 9, 5, 9, 6, 9, 4, 10, 4, 7, 3, 9, 5, 6, 4, 8, 5]
IM-000000010965551-AP1.png ::::::::: [-7, 3, -8, -7, -2, 0, -1]
IM-000000010652229-AP1.png ::::::::: [-1, -1, 5, -7, 8, 7, 6, -7, 7, -6, 6, 7]
IM-000000011378804-AP17.png ::::::::: [-3, -2, -3, -6, 5, 4, 6, 5, 16, 4, 5, 4, 5, 17, 5, 7, 4, 15, 4, -109, -81, 2, 13, -9, 4, 8, 3, 15]
IM-000000010952149-AP1.png ::::::::: [8, 9, 3, 16, 2, 4, 20, 8, 18, 3, 5]
IM-000000011378619-AP1.png ::::::::: [6, -3, -2, -3, -3, 7, 6, 6, 17, 8, 7, 19, 3, 5, 24, 4, 5, 23, 4, 5, 22, 4, 5, 22, 3, 6, 21, 3, 7, 20, 4, 5, 22, 5]
IM-000000011286384-AP1.png ::::::::: [13, 5, 4, 5, 4]
IM-000000011379456-AP4.png ::::::::: [4, 5, 5, 3]
IM-000000011796877-AP1.png ::::::::: [1, -9, 548]
IM-000000011379263-AP1.png ::::::::: [-3, -4, 17, 4, 8]
IM-000000011378611-AP4.png ::::::::: [-3, -3, -3, -3, 8, 5, 23, 4, 5, 6, 6, 24, 4, 4, 6, 5, 23, 4, -6, 6, 7, 5, 22, 3, 3, 4, 6, 23, 4, 4, 6, 5, 35]
IM-000000010842434-AP1.png ::::::::: [13]
IM-000000011102079-AP1.png ::::::::: [12, 7, 8, 8, 7, 6, 7, 7, 7]
IM-000000011794225-AP1.png ::::::::: [8, -2, -2, -2, -3]
IM-000000011378593-AP1.png ::::::::: [7, -1, -2, -4, -4, 8, 6, 6, 5, 18, 8, 9, 19, 4]
IM-000000011310221-AP1.png ::::::::: [0, 15, 14, 15, 12, 110, 4, 366]
IM-000000011386715-AP1.png ::::::::: [13, -1, -5, 12, -4, -3, 11, -5, -2, 12, -2]
IM-000000011387232-AP1.png ::::::::: [-2, -4, 15, 3, 4, 10, 3, 3]
IM-000000010832526-AP1.png ::::::::: [10, 7, 9, 8, 8, 7, 7]
IM-000000011386881-AP2.png ::::::::: [-3, -10, -4, 17, 4, 7, 4, 8, 4, 8, 4, 9, 4, 9, 3, 9, 5, 10, 5, 8, 5, 6]
IM-000000010679224-AP1.png ::::::::: [4, 2, 1, 2]
IM-000000011379508-AP1.png ::::::::: [13, 5, 6]
IM-000000011387155-AP1.png ::::::::: [11, 3, 9, -7, 4, 10, 1, 9, 3, 8, -8, 4, 11, 3, 12, 3, 12, 3]
IM-000000011386728-AP1.png ::::::::: [11, 3, 11, 3, 15, 21, -7, 23, 3]
IM-000000011386739-AP1.png ::::::::: [16, 7, 11, 13, 8, 10, 12, 12, 11, 10, 12, 12, 11, 11, 13, 12, 12, 9, 11, 9, -7, 9, 10]
IM-000000011064237-AP1.png ::::::::: [-4, -2, -5, 22, 5, 8, -9, 16, -10, 3, 7, -11, -8, 5, 8, 17, 15, 4, 10, 4, 9, 3, 10, 14, -10, 14]
IM-000000011102691-AP1.png ::::::::: [-12, 8, 8, 17, 3, 3, 5, 4, 4, 5, 4, 4, 4, 4]
IM-000000011379685-AP1.png ::::::::: [7]
IM-000000011379440-AP7.png ::::::::: [9, 8, 7, 8, 7, 9, 8]
IM-000000011379440-AP2.png ::::::::: [9, 7, -11, 8, 6, 10, 6, 10, 4, 11, 9]
IM-000000011310474-AP18.png ::::::::: [19, 5, 6, 5, 5, 4, 5, 6, 5, 6, 6, 6, 6, 5, 6, 6, 5, 7, 7]
IM-000000011387317-AP1.png ::::::::: [18, 4, 6, 6, 5]
IM-000000010809068-AP4.png ::::::::: [10, -7, 1, 0, 0, 1]
IM-000000011379309-AP1.png ::::::::: [10, 3, 16, 21, 22, -7, 3, 12]
IM-000000011186432-AP1.png ::::::::: [13, 4, 5, 3]
IM-000000011378578-AP1.png ::::::::: [7, -3, -2, -2, -2]
IM-000000010842922-AP1.png ::::::::: [-4, -4, -3, 7, -9, 4, 3, 4, 4, 15, 16, 14, 2, 0, 4, 5, 4, 1, -11, 205, 2, -1, 0, 2, 1]
IM-000000011143055-AP1.png ::::::::: [6, 5, 4, 8, 6, 8, 11]
IM-000000011598501-AP1.png ::::::::: [-5, -1, 3, 4, 2, 352]
IM-000000011387279-AP1.png ::::::::: [11, -9, -1, 0, 3, 1, 1]
IM-000000011386696-AP2.png ::::::::: [-3, 10, 5, -3, -2, 5, 5, 6, 5, 4, -3, -2, 4, 5, 5, 5]
IM-000000011201057-AP1.png ::::::::: [2, 15, 2, 4, 3, 3, 3, 3, 4, 3, 4, 3, 4]
IM-000000011378635-AP2.png ::::::::: [7, -3, -1, -2, -3]
IM-000000011387399-AP1.png ::::::::: [7, 1, 13, 5, 3]
IM-000000011379481-AP1.png ::::::::: [-12, 4, 28, 4, 4, 2, 7, 15]
IM-000000011386898-AP1.png ::::::::: [-2, -5, 16, 5, 7]
IM-000000011387483-AP1.png ::::::::: [-1, -5, 16, 3, 1, 4, 5, 6, 3, 3, 3, 3, 4, 4, 4, 5, 5, 4, 4, 5]
IM-000000011379799-AP1.png ::::::::: [-6, 0, -3, 3, 19, 9, 59, 6, 34, 9, 59, 1, -3, 3, 197]
IM-000000011127054-AP1.png ::::::::: [-1, 14, 15, 14, 14, 13, 86, 4, 365]
IM-000000011459575-AP5.png ::::::::: [-3, -2, -3, -5, 4, 3, 8, 5, 14, 3, 3, 14, 3, 7, -49, -54, 1, 2, 13, 3, 8, 3, 15, 3, 1, 15]
IM-000000010473802-AP1.png ::::::::: [4, 4, 4, 7]
IM-000000010865976-AP1.png ::::::::: [-10, 12, 3, 1, 3, 2, 3]
IM-000000011387035-AP2.png ::::::::: [1, -11, 3, 18, 4, 19, 3, 17, -11, 4, 19, 4, 3, 30, 5, 32, -10, 3]
IM-000000011379916-AP1.png ::::::::: [13, 5, 4, 5, 5, 357, -10]
IM-000000011387188-AP1.png ::::::::: [7, 9, 8, 7, 8, 24, 25, 20]
IM-000000011379818-AP2.png ::::::::: [-11, -1, 2, 19, 7, 60, 3, 0, 31, 9, 58, 7, 34, 10, 58, 8, 32, 20]
IM-000000010288286-AP1.png ::::::::: [-2, -3, 12]
IM-000000010831843-AP5.png ::::::::: [11, 7, 7, 8, 8, 8, 8, 8, 9, 8, 8, 8, 8, 9, 9, 9, 8, 8, 8, 8, 8, 9, 8, 8]
IM-000000011379353-AP1.png ::::::::: [1, 14, 14]
IM-000000010652236-AP1.png ::::::::: [-1, -2, 4, 6, 7, 7, 5]
IM-000000010831546-AP1.png ::::::::: [-9, 11, 0, 2, 2]
IM-000000010579474-AP2.png ::::::::: [0, 32, 32, 40, 6, 4, 4, 15, 5, 4, 3, 17, 1, 3]
IM-000000011386731-AP1.png ::::::::: [15, 9, 11, 11, 9, 11, 10, 13, 10, 10, 11, 9, -8, 11, 10, 11, 11, 11, 10, 11, 9, 10, 11]
IM-000000011101917-AP1.png ::::::::: [9, 9, 2, 4, 3, 13, 3, 4, 18]
IM-000000011513089-AP1.png ::::::::: [10, 4, 4, 4, 4, 4, 4, 5, 5]
IM-000000010708248-AP1.png ::::::::: [8, 7, 3, 5, 13, 3, 5]
IM-000000009428244-AP1.png ::::::::: [14, 11, 27]
IM-000000011386927-AP1.png ::::::::: [-5, 0, 9, 11, 2, 14, 3, 12, 3, 11, -11, 3, 12, -10, 2, 12, 2, 5, 14, 1, 5, 14, -10, 1, 13, 2, 13, -10, 3, 3, 13, 2]
IM-000000010741418-AP1.png ::::::::: [4, 3, 1, 2, 4, 3, 1, 1, 4, 2, 2, 2, 7, 3, 2, 3]
IM-000000011322047-AP1.png ::::::::: [7, 8, 3, 4, 5, 14, 5, 3, 4, 4]
IM-000000009793863-AP1.png ::::::::: [4, 19, 18, 5, 4, 4, 8, 3, 4]
IM-000000009930263-AP2.png ::::::::: [8, 2, 2, 1, 4, 3, 3, 3, 3, 2, 1, 2, 3, 3, 2, 3, 4, 4]
IM-000000010881232-AP1.png ::::::::: [4, 2, 2, 12, 2, 2]
IM-000000010901645-AP1.png ::::::::: [-4, -4, -3, 8, 2, 3, 4, 4, 15, 16, 14, 2, 0, 4, 3, 3, 2, 0, -7, 196, 2, -1, 0, 2, 1]
IM-000000011186378-AP1.png ::::::::: [14, 5, 4, 3, 4]
IM-000000011378608-AP1.png ::::::::: [7, -1, -1, -3, -4]
IM-000000010731885-AP1.png ::::::::: [5, 2, 2]
IM-000000011387035-AP1.png ::::::::: [3, 5, 3, 16, 4, 18, 3, 4, 15, -10, 3, 16, -10, 4, 19, 5, 3, 31, 5]
IM-000000011379424-AP2.png ::::::::: [2, 23, 4]
IM-000000011387644-AP1.png ::::::::: [-4, -4, 23, 11]
IM-000000010733588-AP1.png ::::::::: [-10, 21, 3, 1, 2, 14, 4, 6, 2, 13, 4, 6, 2]
IM-000000009457732-AP1.png ::::::::: [23, 5, 25, 6, 25, 5, 25, 5, 26, 6]
IM-000000011386760-AP1.png ::::::::: [38, -3, -3, 34, 37]
IM-000000011269479-AP1.png ::::::::: [4, 13, 6, 12, 14, 13, 13, 12, 11, 13, 14, 14, 12, 13, 13, 12, 13, 5, 14]
IM-000000011386720-AP1.png ::::::::: [19, 7, 4]
IM-000000011379278-AP2.png ::::::::: [8, 12, 6, 4, 5, 5, 4, 5, 7, 6, 12, 4, 4, 4, 6, 5, 6, 8, 12, 6, 5, 4, 5, 5, 5, 6, 9, 12, 6, 5, 5, 4, 6, 4, 6, 9, 12, 5, 4, 5, 3, 5, 6]
IM-000000011379715-AP2.png ::::::::: [13, 3, 8, 10, 6]
IM-000000011387123-AP1.png ::::::::: [4, 8, -9, 24, 25]
IM-000000010663061-AP1.png ::::::::: [6, 3, 1, 13, 1, 1]
IM-000000011378649-AP2.png ::::::::: [-2, -3, -1, -3]
IM-000000011379623-AP1.png ::::::::: [15, 8, 6, 7]
IM-000000011379554-AP1.png ::::::::: [8, 6, 9, 17, 5, 8, 16, 7, 6, 6]
IM-000000011387345-AP1.png ::::::::: [0, 0, 21, 3]
IM-000000011386693-AP1.png ::::::::: [-3, 10, 5, -4, -2, 5]
IM-000000011379198-AP1.png ::::::::: [5]
IM-000000011379016-AP1.png ::::::::: [14, 4, 5]
IM-000000011500982-AP1.png ::::::::: [3, 5, 4, 5, 7, 5, 5, 7]
IM-000000010865953-AP1.png ::::::::: [12, 4, 3, 4, 4]
IM-000000011379668-AP1.png ::::::::: [9]
IM-000000010952151-AP2.png ::::::::: [9, 8, 4, 2, 3, 14, -1, 1, 4, 3, 4, 17, 45, 9, 3, 4, 2, 14, 4, 3, 4, 1, 3, 16]
IM-000000010756064-AP1.png ::::::::: [11, 8, 6, 7]
IM-000000011667222-AP1.png ::::::::: [4, 1, 9, 2, 450]
IM-000000011379382-AP3.png ::::::::: [2, 0, -6, 18, 13, -5, 3, 9, 14, -5, 2, 8, 12, -4, 5, 9, 13, -4, 4, 8, -10]
IM-000000011386959-AP1.png ::::::::: [2, 4, 1, 18, 2, 3, 30, 2, 18, 5, 19, 5, 21, 3, 18, 6]
IM-000000011459575-AP4.png ::::::::: [-5, -3, -3, -5, 3, 3, 7, 4, 15, 3, 2, 14, 3, 6, 4, -45, -45, 2, 15, 3, 6, 4, 14, 4, 4]
IM-000000011379381-AP1.png ::::::::: [3, 1, 23, -6, 4, 7, -9]
IM-000000011387374-AP1.png ::::::::: [21, -8, 102, 8]
IM-000000011387413-AP1.png ::::::::: [10, 3, 16, 20, 22, 1, 8, 21, 2, 8, -7, 3, 10, -7, 4, 15, 2, 16, 4]
IM-000000009411510-AP3.png ::::::::: [5, 7, 6, 6, 6, 4, 4]
IM-000000011387362-AP1.png ::::::::: [12]
IM-000000011333685-AP1.png ::::::::: [10, 7, 8, 8, 7, 6, 8, 8, 5]
IM-000000009423673-AP1.png ::::::::: [3, 2, 14, 3]
IM-000000011386960-AP1.png ::::::::: [10, 3, 16, 21, 2, 9, 1, 9, -7, 4, 15, 3, 16, 1]
IM-000000011379109-AP1.png ::::::::: [15, 8, 7, 9, 7, 8, 10]
IM-000000011387606-AP1.png ::::::::: [5, 15, 4, 4, 4, 4]
IM-000000011379814-AP2.png ::::::::: [-6, -1, -4, 4, 17, 33, 10, 60, 6, 33, 9, 60, 7, 172]
IM-000000011435888-AP1.png ::::::::: [1, 548]
IM-000000011379589-AP1.png ::::::::: [12, 17, 3, 1, 1, 3]
IM-000000010652233-AP1.png ::::::::: [-3, -2, 4, 5, -10, 6]
IM-000000010963995-AP1.png ::::::::: [12, 5, 6, 5]
IM-000000009411514-AP2.png ::::::::: [4]
IM-000000011369019-AP27.png ::::::::: [13, 4, 4, 5]
IM-000000011378710-AP1.png ::::::::: [-10, 20, 12, 12]
IM-000000011387240-AP1.png ::::::::: [11, 3, 8, 2, 8, 2, 15, -7, 23, 21, 0, 9, 20, 2, 9, -7, 3, 10]
IM-000000011379561-AP1.png ::::::::: [12, 14, 61, 7, 31, 9, 8]
IM-000000010663071-AP1.png ::::::::: [5, 0]
IM-000000011548113-AP1.png ::::::::: [-2, -4, 25, 24, 23, 23, 23, 23, 22, 22, 24]
IM-000000011378644-AP1.png ::::::::: [-3, -2, -1, -4, 8, 7, 5, 17, 8, 8, 19, 5, 21, -8, 6]
IM-000000010756067-AP1.png ::::::::: [10, 8, 7, 7, 8, 8]
IM-000000011378579-AP2.png ::::::::: [6, -3, -2, -2, -2]
IM-000000011379952-AP1.png ::::::::: [13, 5, 4, 4, 5, 4, 5, 5, 5, 4, 4, 3, 5, 4, 4, 4, 19]
IM-000000011386921-AP1.png ::::::::: [14, 6]
IM-000000011343859-AP1.png ::::::::: [7, 1, -1]
IM-000000011249351-AP1.png ::::::::: [9, 7, 7]
IM-000000011857053-AP1.png ::::::::: [7, 10, 11, 10, -7, 10, 9, 10, 8, 10]
IM-000000011379522-AP1.png ::::::::: [12, 4]
IM-000000009564047-AP1.png ::::::::: [1, 4, 32, 4, 4]
IM-000000011387473-AP1.png ::::::::: [-3, 10, 5, -5, -3, 5, 3, 4, 4, 2, -3, -2, 5, 2, 5, 5]
IM-000000011378804-AP15.png ::::::::: [-3, -2, -3, -6, -7, 4, 3, 7, 2, 16, 3, 4, 4, 4, 16, 2, 6, 1, 15, 6, 5, 5, 1, 15, 2, 6, 3, 13]
IM-000000010733569-AP1.png ::::::::: [21, 3, 5, 4, 13, 3, 16, 4, 15, 3, 5, 2, 3, 16, 5, 5, 5]
IM-000000011387376-AP1.png ::::::::: [3, 4, 5, 5, 2, 6, 5, 6]
IM-000000011186395-AP1.png ::::::::: [13, 5, 5, 4, 4]
IM-000000010756065-AP1.png ::::::::: [10, 9, 8, 8]
IM-000000011387161-AP1.png ::::::::: [9, 3]
IM-000000011143054-AP1.png ::::::::: [6, 2, 3, 10, 7, 6, 6, 11]
IM-000000011200858-AP1.png ::::::::: [10, 14, 13, 13]
IM-000000011379256-AP1.png ::::::::: [4, 3, 3, 3, 5, 3, 4, 3, 4, 2]
IM-000000011386972-AP1.png ::::::::: [10, 3, 14, 22, 21, 2, 9, 20, 3, 10, 3, 10, 2, 9, 2, 11, -7, 4, 15, 3, 16]
IM-000000011379650-AP2.png ::::::::: [1, 5, 7, 4, 4, 4, 6, 4, 3, 4, 5, 4, 4, 4, 5, 5, 4, 3, 5, 6, 4, 5, 5, 6, 5, 4, 4, 5, 5, 5, 6, 6, 5, 5, 4, 6, 4, 4, 5, 6, 6, 4, 4, 4, 4, 5, 4, 5, 4, 6, 5, 4, 6]
IM-000000011379909-AP1.png ::::::::: [13, 4, 4, 4, 5, 5, 4, 3, 316, -11]
IM-000000009457731-AP1.png ::::::::: [24, 4]
IM-000000011379196-AP1.png ::::::::: [3]
IM-000000011143056-AP2.png ::::::::: [5, 4, 4, 10, 6, 5, 5, 2, 4, 11, 19, 6, 8, 6, 7, 4, 7, 10, 19, 5, 7, 8, 7, 7, 13, 18, 7, 6, 8, 7, 7, 12]
IM-000000011379574-AP1.png ::::::::: [9, 11, 5, 8, 9, 10, 6]
IM-000000011188933-AP1.png ::::::::: [9, 10, 11]
IM-000000010759568-AP1.png ::::::::: [23, -12, 7]
IM-000000011802745-AP1.png ::::::::: [10, 6, 8, 7]
IM-000000010652231-AP1.png ::::::::: [-1, -1, 4, 6, 7, 5, -7, 5, 6, 6]
IM-000000011191756-AP1.png ::::::::: [4, 14, 6, 12, 12, 11, 12, 5, 13, 11, 4]
IM-000000010557088-AP1.png ::::::::: [7, 7, 7, 6, 8, 8, 7, 6, 9, 8]
IM-000000011387111-AP1.png ::::::::: [3, -13, -13]
IM-000000010733583-AP1.png ::::::::: [21, 3, 2, 3, 15, 4, 15, 2, 14, 4, 6]
IM-000000011387418-AP1.png ::::::::: [-12, 12, 2, 3, -3, 12, 13, 5, 3, -6, 5, 10, 13, 3, 3, -6, 7, 13, 13, 4, 4, -5, 6, 12]
IM-000000010617010-AP1.png ::::::::: [-5, -6, 17, 4, 4, 4]
IM-000000011186404-AP1.png ::::::::: [13, 4, 4, 3]
IM-000000010579474-AP1.png ::::::::: [-1, 32, 8, 6, 6, 6, 7, 7, 8, 6, 8, 8, 7, 6, 7, 8, 7, 6, 7, 7, 7, 5, 7, 7, 7, 17]
IM-000000011188934-AP1.png ::::::::: [9]
IM-000000011343294-AP2.png ::::::::: [-5, -4, 4, -3, -4, 5, -4, -4, 4, -3, -3, 4, -3, -4, 4, 2, 2, 5, -4, -4]
IM-000000010529633-AP1.png ::::::::: [12, 7, 5, 6, 6, 6, 5, 6, 5, 5, 6, 5, 5, 5]
IM-000000010892936-AP1.png ::::::::: [10, 2, 3, 3, 1, 4, 3, 4, 2, 0, 17, 2, 2, 2, 2, 52, -11, 6, -10, 9, 13, 2, 3, 2, 2, 52, -10, 6, -10, 9, 14, 3, 3, 2, 55, -10, 7, -9, 10, 32]
IM-000000011378661-AP1.png ::::::::: [7, -2, 0, -2, -2]
IM-000000011379461-AP16.png ::::::::: [1, 1, 23, -5, 4, 8]
IM-000000010865955-AP1.png ::::::::: [11, 4, 4, 5, 4]
IM-000000011387673-AP1.png ::::::::: [-8, -3, -3, 12, 279]
IM-000000011378814-AP2.png ::::::::: [-3, -4, 4, -2, -4, 5, 1, -1, 4, -2, -6, 5, -4, -4, 5, -2, -3]
IM-000000011310368-AP1.png ::::::::: [8, 8, 3, 4, 3, 16, 4, 5]
IM-000000011379366-AP1.png ::::::::: [3, 2, 3, 6, 6, 0, -13, -11, 6, 6]
IM-000000011379642-AP1.png ::::::::: [13, 3, 8]
IM-000000011459351-AP1.png ::::::::: [16, 4, 4, 14, -1, 4]
IM-000000011379891-AP1.png ::::::::: [14, 5, 6, 3, 5, 358]
IM-000000011286382-AP1.png ::::::::: [-11, 14, 5, 4, 4]
IM-000000011379818-AP3.png ::::::::: [-5, 0, -5, 4, 22, 60, 9, 33, 8, 59, 8, 34, 10, 61, 8, 34, 9, 26]
IM-000000011379754-AP1.png ::::::::: [3]
IM-000000011378600-AP1.png ::::::::: [8, -2, -3, -2, -3, 8, 4, 6, 16, 8, 8, 19, 4, 24, 6, 22, 6, 22, 4, 23, 3, 22, 3, 22, 5, 22, 5, 21, 5, 33]
IM-000000011379222-AP1.png ::::::::: [7, 5]
IM-000000011379823-AP1.png ::::::::: [10, -4, -5, 7, 11, -5, -4, 8]
IM-000000011379445-AP6.png ::::::::: [3, -12, 6, 24, 3, 6]
IM-000000011379510-AP1.png ::::::::: [6, 19, 4, 5, 5, 4, 5, 5, 6, 6, 6, 6]
IM-000000011550130-AP2.png ::::::::: [-2, -3]
IM-000000011387464-AP2.png ::::::::: [-3, 9, 4, -3, -2, 5, 5, 6, 5, 4, -3, -2, 4, 4, 5, 5, 3, -3, -2, 4, 3, 5, 5, 3, -3, -2, 5, 5, 5, 4]
IM-000000011379500-AP1.png ::::::::: [13, 2]
IM-000000011102001-AP1.png ::::::::: [6, 18, 3, 21, 4, 17, 4]
IM-000000011386948-AP2.png ::::::::: [-6, 1, 12, 3, 17, 3, 17, 3, 15, 4, 15, 4, 16, 4, 17, 3, 17, 3, 17, 4, 18, 3, 17, 3]
IM-000000010881208-AP1.png ::::::::: [4, 0, 2]
IM-000000011386730-AP1.png ::::::::: [16, 10, 10, 11, 10, 10, 11, 12, 13, 10, 10, 10, 11, 11, 11, 12, 12, 8, 11, 7, -8, 10, 9]
IM-000000011379780-AP1.png ::::::::: [5]
IM-000000010529107-AP1.png ::::::::: [-5, -5, 8, 15]
IM-000000010904574-AP1.png ::::::::: [8, 7, 4, 3, 3, 15, 4, 3, 5, 5, 4, 5, 4, 4, 4, 4, 4, 5, 3, 19]
IM-000000010733602-AP1.png ::::::::: [19, -11, 4, 13, -12, 4, 5, 16, 3, 1, -12, 1]
IM-000000010733573-AP1.png ::::::::: [-10, 20, 3, 15, 3, 4, 1, 11, 2, 6, 13, 6, 6, 5]
IM-000000011379973-AP1.png ::::::::: [4, 3, -10, 5, 5, 3, -10, -10, 5]
IM-000000010965479-AP3.png ::::::::: []
IM-000000011378779-AP1.png ::::::::: [8, 3]
IM-000000011379401-AP2.png ::::::::: [3, 0, -7, 23, -4, 3, 5, -10, 13, -6, 5, 9]
IM-000000011386905-AP1.png ::::::::: [-3, -10, -4, 17, 5, 6]
IM-000000011511178-AP1.png ::::::::: [6, 2, 0, 12, 2, 0]
IM-000000010890124-AP1.png ::::::::: [-5, -5, -3, 7, 2, 16, 16, 15, 2, 2, 4, 4, 3, 2, -10, 241, 1, 2, 1, 2, 0]
IM-000000011143060-AP1.png ::::::::: [5, 4, 3, 10, 7, 5, 7, 5, 10]
IM-000000011379333-AP2.png ::::::::: [13, 15, 14, 12]
IM-000000011370742-AP1.png ::::::::: [8, 7, 4, 4, 2, 13, 3, 4]
IM-000000011387105-AP1.png ::::::::: [3, -13]
IM-000000011378803-AP1.png ::::::::: [1, -5, 127]
IM-000000010865989-AP1.png ::::::::: [-8, 7, -9, -3, -1, -2, 0]
IM-000000011386934-AP2.png ::::::::: [1, 8, 2, 12, -12, 1, 11, -13, -11, 3, 13, 2, 13, 3]
IM-000000011386944-AP1.png ::::::::: [2, 28, 3, 5, 36, 17]
IM-000000011378586-AP1.png ::::::::: [8, -2, -2, -3, -3, 8, 4, 6, 17, 8, 8, 19, 4, 6, 6, 6, 22, 5, 5, 6, 5, 23, 5, 6, 6, 5, 23, 5, 6, 6, 7, 23, 3, 5, 6, 5, 23]
IM-000000010638076-AP1.png ::::::::: [11]
IM-000000010655224-AP1.png ::::::::: [8, 9, 2, 5, 4, 13, 1, 5, 19]
IM-000000011378913-AP1.png ::::::::: [13, 3, 216]
IM-000000010819088-AP6.png ::::::::: [6, 5, 5, 6, 17, 5, 1, 5, 4, 4, 14, 6, 3, 5, 17, 6, 5, 2, 4, 4, 4, 14, -10, 7, 4, 6, 17, 4, 6]
IM-000000011378631-AP1.png ::::::::: [8, -2, -1, -2, -3]
IM-000000011379338-AP1.png ::::::::: [5, 21, 8, 7, 6]
IM-000000011387010-AP1.png ::::::::: [4, 4, 5, 2, 1, -11, 4, 3, 6, 33, 5, 63, 6, 6, 7, 6]
IM-000000011379382-AP2.png ::::::::: [3, 0, -7, 24, -4, 3, 9, 14, -5, 4, 10, 15, -4, 4, 9, 14, -4, 5, 8, 11, -4, 4, 6, 13, -4, 4, 9, 13, -4, 5, 8, 12, -4, 5, 7, -10, -8, 14, 2]
IM-000000010071904-AP1.png ::::::::: [5, 17, 10, 5, 6]
IM-000000010814247-AP1.png ::::::::: [9, -11, 8, 14, 12, 8, 12, 14, 8, 13]
IM-000000011379588-AP1.png ::::::::: [-7, 19, 3, 4, 2, 0]
IM-000000011379361-AP1.png ::::::::: [9, 3, 5, 5, 4, 4, 4, 2, 3, 3, 5, 4, 4, 3, 5, 4, 6]
IM-000000011379412-AP1.png ::::::::: [14, -7, 6, 6, 11, 8, 9, 14, 7, 9]
IM-000000011249368-AP1.png ::::::::: [-8, 24, 7, 6, 7, 7, 6, 8, 7]
IM-000000011387565-AP1.png ::::::::: [5, 7, 14, -3]
IM-000000009466516-AP1.png ::::::::: [5, 2, 13, 5]
IM-000000011378898-AP1.png ::::::::: [0, 0, 10, 2]
IM-000000010662990-AP1.png ::::::::: [5, 6, -5, 5, 8]
IM-000000011378615-AP2.png ::::::::: [8, -1, -1, -2, -3, 7, 23, 4, 4, 34]
IM-000000011387521-AP2.png ::::::::: [18, -3, -3]
IM-000000011378648-AP2.png ::::::::: [6, -4, -3, -2, -2]
IM-000000011343858-AP1.png ::::::::: [6, 1, 0, 8, 1, 2]
IM-000000011379801-AP1.png ::::::::: [-7, 0, -3, 2, 21, 8, 58, 7, 120, 5, 5, 4, 4, 180]
IM-000000011379101-AP2.png ::::::::: [5, 12, 21, 5, 5, 7, 5, 23, 4, 5, 8, 23, 22, 7, 5, 7, 22, 6, 5, 6, 144]
IM-000000011253951-AP2.png ::::::::: [16, 2, 4, -3, -4, 1, 3, 29, 3, 5, -3, -2, 2, 3]
IM-000000011386923-AP1.png ::::::::: [14, 5]
IM-000000011387230-AP2.png ::::::::: [2, 64]
IM-000000010854737-AP1.png ::::::::: [7, 7, 4, 3, 2, 15, 4, 3, 5]
IM-000000010731884-AP1.png ::::::::: [6, 3, 1, 1, 0]
IM-000000011386879-AP3.png ::::::::: [-1, -4, 16, 4, 7, 4, 8]
IM-000000011387630-AP1.png ::::::::: [15, 2, 4, 9, 3, 0, 9, 1, 5, 8, 3, 2, 10, 2, 4]
IM-000000011387385-AP1.png ::::::::: [12, 3, 4, 2, 12, 12]
IM-000000011387485-AP1.png ::::::::: [-1, -4, 16, 4, 2, 4, 4, 5, 2, 2, 4, 4, 5, 4, 6, 5, 4, 4, 8]
IM-000000011254336-AP1.png ::::::::: [-3, -5, 18, 4]
IM-000000011127055-AP1.png ::::::::: [-3, 14, 174, 5]
IM-000000010859297-AP1.png ::::::::: [11, 7, 7, 6, 6, 7]
IM-000000009677502-AP1.png ::::::::: [-7, 0, 10, 10, 2, 3, 66, 7]
IM-000000011379058-AP1.png ::::::::: [13, 4, 6]
IM-000000011379262-AP2.png ::::::::: [-3, -8, -2, 31, 8, 8, 8, 9, 6, 8]
IM-000000011379334-AP1.png ::::::::: [10, -6, 6, -6, 20, -6, 6, -7, 5, 18, 5, 3, 259, 17, 4, 3]
IM-000000010854739-AP1.png ::::::::: [-11, 7, 8, 3, 2, 3, 14, 3, 3, 5]
IM-000000011379430-AP2.png ::::::::: [12, 6]
IM-000000011186418-AP1.png ::::::::: [-10, 14, 4, 4, 4, 4]
IM-000000011379369-AP1.png ::::::::: [6, 9, 6, 3, 6, 4, 6, 4]
IM-000000011284773-AP1.png ::::::::: [6, 19, 2, 4, 6, 9, 4, 5]
IM-000000010733581-AP1.png ::::::::: [-9, 19, 3, 1, 3, 15, 3, 3, 4, 15, 4, 2, -12, 1, 4, 14, -12, 4, 2, 5, 13, 4, 1, 1]
IM-000000011379595-AP1.png ::::::::: [19, 3, 3, 1, 1]
IM-000000011678625-AP1.png ::::::::: [12, 3, 4, 34, 23, 5, 7, 6, 55, 7, 8, 8, 9, 22, -11, 21, 6, 6, 7, 20, 6]
IM-000000010840195-AP1.png ::::::::: [7, 11, 10, 11, 11, 11, 10, 11, 10]
IM-000000010733591-AP1.png ::::::::: [21, 2, 2, 3, 3, 13, 4, 3, 4, 13, -11, 4, 3, 2, 13, 3, 2, -12, 1]
IM-000000011376572-AP1.png ::::::::: [10, 8, 8, 8]
IM-000000011009945-AP1.png ::::::::: [4, 5, 3, 5, 4, 3, 5, 4, 5, 4, 5, 5, 4, 5, 4, 6, 5, 6, 4, 6]
IM-000000011386858-AP1.png ::::::::: [11, 3, 16, 21, 19, 2]
IM-000000011387365-AP1.png ::::::::: [12, 5, 3, -2, 13, 17, 11, -7, 11, 14, 2, 2, 6, 4, -4, -2, 4, 11, 11, 20]
IM-000000011378588-AP2.png ::::::::: [7, -1, -2, -3, -3]
IM-000000009606437-AP5.png ::::::::: [5, 5, 7, 4, 4, 5, 37]
IM-000000009421314-AP1.png ::::::::: [5, 3, 5, 6, 6, 6, 6]
IM-000000010485223-AP1.png ::::::::: [6, 18]
IM-000000011186421-AP1.png ::::::::: [13, 5, 5, 5, 5]
IM-000000011378712-AP1.png ::::::::: [-10, 21, 13, 13, 12, 14]
IM-000000011828276-AP1.png ::::::::: [15, 6]
IM-000000011386733-AP1.png ::::::::: [16, 11, 11, 9, 9, 11, 12, 11, 13, 9, 10, 12, 11, 11, 11, 12, 11, 9, 10, 10, 11, 11]
IM-000000010666197-AP1.png ::::::::: [-4, -2, -5, 24, 3, 9]
IM-000000011254325-AP1.png ::::::::: [-1, -2, 19, 5]
IM-000000011379192-AP1.png ::::::::: [3]
IM-000000010652225-AP1.png ::::::::: [-2, -2, 5, 6, 7, 8, 6, 8]
IM-000000011386904-AP1.png ::::::::: [-3, -10, -4, 17, 4, 9, 4, 10, 3, 9, 5, 9, 4, 8, 5, 9, 4, 10, 5, 9, 5, 6]
IM-000000011333681-AP1.png ::::::::: [12, 7, 8, 8, 8, 8]
IM-000000010652238-AP1.png ::::::::: [-1, -2, 5, 7, 6, 5, -7, 8, 6, -7, 6, -10, 5, -9]
IM-000000011254323-AP1.png ::::::::: [-3, -9, -3, 19, 5]
IM-000000011101955-AP1.png ::::::::: [-4, -5, -4, -5, 8, 3, 4, 2, 5, 4, 16, 16, 14, 2, 3, 4, 5, 3, 1, -10, 193, 1, 2, 1, 3, -1]
IM-000000011686659-AP11.png ::::::::: [-3, -2, -4, -5, 5, 2, 14, 4, 7, 7, 5, 14, 2, 3, 2, 15, 5, 7, 7, 6, 15, 3, 3, 3, 4, 1, 1]
IM-000000011379333-AP1.png ::::::::: [10, 15, 14, 13, 12, 16, 14, 13, 11, -9, 14, 11]
IM-000000011379443-AP6.png ::::::::: [4, 6, 26, 3, 6, 6, -11, 5, 7, 9, 3, 5, 8, 3, 6]
IM-000000011101911-AP1.png ::::::::: [11, 7, 9, 6, -9, 9, 8]
IM-000000011523182-AP1.png ::::::::: [-3, -2, -4, -6, 4, 4, 6, 5, 27, 3, 3, 4, 4]
IM-000000011741699-AP1.png ::::::::: [5, 4, 2, 2]
IM-000000011378984-AP1.png ::::::::: [10, 3, 16, 20, 21, -8, 23, 2, 9, -7, 3, 8, 3, 9, 1, 9, -7, 3, 10, 2, 9, -8, 3, 11, -7, 5, 12]
IM-000000011379440-AP5.png ::::::::: [10, 8, 7, 7, 5, 8, 9]
IM-000000011379373-AP1.png ::::::::: [-9, 2, -1, -8, 25, -5, 4, 10, 13, -4, 5, 10, 13, -6, 4, 9, 12, -5, 3, 9, 15, -4, 4, 8, 14, 5, 8]
IM-000000011285439-AP1.png ::::::::: [10, 0]
IM-000000011143059-AP1.png ::::::::: [6, 4, 5, 10, 6, 7, 12]
IM-000000011583836-AP1.png ::::::::: [5, 1, 11, 2, 1, 10, 0, 10, 0, 10, 2, 10, -1, -11]
IM-000000011685260-AP1.png ::::::::: [6, 6, 16, 4, -11, 3]
IM-000000011386904-AP2.png ::::::::: [-3]
IM-000000010731886-AP1.png ::::::::: [5, 1, 1, 1, 9, 0, 1, 2, 1, 11, 0, 0, 1, 1]
IM-000000009479483-AP2.png ::::::::: [2, 1, 6, 5]
IM-000000011143058-AP1.png ::::::::: [6, 4, 4, 9, 5, 4, 6, 7, 6, 10]
IM-000000010301545-AP2.png ::::::::: [2, 5, 4, 24, 5, 14, 5, 4, 16, 4]
IM-000000010534569-AP1.png ::::::::: [-7, -4, -7, 8, 7]
IM-000000010881253-AP1.png ::::::::: [-1, 0, 9, 1]
IM-000000011379343-AP1.png ::::::::: [9, -6, 388, 15, 6, 4]
IM-000000011249371-AP1.png ::::::::: [-9, 21, 8, 6, 9]
IM-000000011186251-AP1.png ::::::::: [8, 8, 4, 5, 3, 16, 4, 4, 18, 8, 4, 4, 3, 14, 0, 2]
IM-000000010638217-AP1.png ::::::::: [8, 10]
IM-000000010865965-AP1.png ::::::::: [12, 3, 3, 4, 4]
IM-000000011380030-AP1.png ::::::::: [3, -1, 16, 3, 4, 2]
IM-000000011249374-AP1.png ::::::::: [4]
IM-000000011386943-AP1.png ::::::::: [2, 27, 3, 36]
IM-000000011387354-AP1.png ::::::::: [12]
IM-000000011378884-AP1.png ::::::::: [3, -2, 19, 2, 5, 2]
IM-000000011378956-AP1.png ::::::::: [3, 6, 5, 5, 6, 3, 4, 4, 4, 5, 5, 4, 1, 5, 5, 5, 5, 5, 5, 5, 5, 5]
IM-000000011322085-AP1.png ::::::::: [7, 1, 3, 8, 1, 1, 7, 1, 3]
IM-000000010865961-AP1.png ::::::::: [13, 4, 3, 3]
IM-000000010712583-AP1.png ::::::::: [13, -5]
IM-000000011379837-AP1.png ::::::::: [4, 3, 3, 1, 14, 3]
IM-000000011344106-AP1.png ::::::::: [-10, 11, 7, 8, 8, 6, 7, 7, 7, 7, 7, 7, 7, 7, 8, 7, 6, 6, 7, 6, 6, 7]
IM-000000010768804-AP1.png ::::::::: [17, 8, 6]
IM-000000010865958-AP1.png ::::::::: [12, -8, 3, 3, 3, 4]
IM-000000011379805-AP3.png ::::::::: [5, -9, 0, 3, 62, 4, 5, 3, 4, 374]
IM-000000010881247-AP1.png ::::::::: [3, 11]
IM-000000011378606-AP3.png ::::::::: [7, -2, -3, -3, -3]
IM-000000011367584-AP1.png ::::::::: [8, 10, -8, 11, 10, 10, 11, 11, 10, 11]
IM-000000011387369-AP1.png ::::::::: [5, 16]
IM-000000009411514-AP1.png ::::::::: [5, 3, 6, 5, 7, 7, 6]
IM-000000011379836-AP1.png ::::::::: [4, 4, 1, 11, 3, 3, 3, 13, 3, 13, 4, 14, 3, 13, 4, 15, 4]
IM-000000010676246-AP1.png ::::::::: [11, -8, 1, 2, 1, 0]
IM-000000011386966-AP1.png ::::::::: [11, 3, 15, -8, 23, 21, 1]
IM-000000011379453-AP2.png ::::::::: [-14, 2, 27, 9, 11]
IM-000000010965479-AP2.png ::::::::: [8, 7, 4, 3, 4, 4, 14, 0, 3, 2, 5, 4, 4, 4, 18, 48, 8, 3, 1, 4, 5, 13, 1, 1, 3, 6, 5, 4, 5, 19]
IM-000000010772103-AP1.png ::::::::: [8, 9, 4, 3, 14, 4, 5]
IM-000000011190599-AP1.png ::::::::: [-3, -6, 11, 7, 7, -8, 6, 9, 8, -3, -4]
IM-000000011379419-AP2.png ::::::::: [-5, 0, -4, 2, 62, 5, 4, 4, 4, -11, 372]
IM-000000011387282-AP1.png ::::::::: [10, 4, 15, 21, 2, 10, 4]
IM-000000011379443-AP9.png ::::::::: [5, 6, 24, 3, 7, 5, 7, 5, 7, 9, 4, 7, 8, 3, 7]
IM-000000009480622-AP1.png ::::::::: [10, 3, 17, 4]
IM-000000011387445-AP1.png ::::::::: [-4, 9, 4, -3, 17, -3, -2, 6, 5]
IM-000000009433102-AP1.png ::::::::: [7, 7, 4, 6]
IM-000000011379657-AP1.png ::::::::: [16, 5, 2, 6, 5, 5, 4, 4, -10, 5, 4, 20]
IM-000000011378804-AP20.png ::::::::: [-3, -2, -3, -5, 16, 5, 6, 4, 3, 18, 3, 6, 4, 16, 5, 4, 4, 4, 16, 4, 7, 3, 15, 5, 5, 3, 3]
IM-000000011379470-AP1.png ::::::::: [-4, -6, -3, 9, -12, 7, 7, 7, 7, 8, 8, 6, 7, 8, -10, -28, -9]
IM-000000011378667-AP1.png ::::::::: [3, 0]
IM-000000011254332-AP1.png ::::::::: [-1, -3, 19, 4]
IM-000000010865975-AP1.png ::::::::: [12, -9, 2, 2, 2]
IM-000000009418599-AP1.png ::::::::: [6, 3, 4, 6, 4, 7, 6]
IM-000000010712587-AP1.png ::::::::: [14, -5]
IM-000000011386871-AP1.png ::::::::: [-2, -5, 17, 5, 7]
IM-000000011098840-AP2.png ::::::::: [2, 14, 3, 2, 5, 4, 4, 3, 4, 4, 4, 4, 3, 4, 4, 3, 3, 3, 4, 3, 3, 3]
IM-000000010929702-AP1.png ::::::::: [-4, -3, -3, -5, 8, 3, 4, 2, 4, 2, 3, -1, 3, 15, 17, 13, 2, 2, 4, 4, 4, 171, 1, 1, 0, 1, 1]
IM-000000011369972-AP1.png ::::::::: [16, 5]
IM-000000010843146-AP1.png ::::::::: [8, 8, 3, 3, 3, 14, 3, 2, 3, 3, 4, 5, 4, 19]
IM-000000011186271-AP1.png ::::::::: [15, 6, 7, 5, 14, 2]
IM-000000011386922-AP1.png ::::::::: [14, 4]
IM-000000011387163-AP1.png ::::::::: [10, 3, 14, 22, 20, -7, 3, 11]
IM-000000011387384-AP2.png ::::::::: [21]
IM-000000010585549-AP1.png ::::::::: [9, 8, 7, 7, 7, 7, 8, 8, 7, 6]
IM-000000011379120-AP1.png ::::::::: [0, 0, 10, 2]
IM-000000010772396-AP1.png ::::::::: [-6, -6, 10, 7, 8, -8, 6, 6]
IM-000000010662988-AP1.png ::::::::: [5, 6, 4, 8]
IM-000000011378804-AP22.png ::::::::: [-3, -2, -3, 5, 3, 5, 4, 5, 16, 3, 7, 4, 15, -63, -62, 4, 5, 17, 3, 6, 4, 15, 6, 5, 3, 5]
IM-000000011386948-AP1.png ::::::::: [3, 26, 3, 16, 4, 16, 3, 17, 4, 16, -3, 4, 16, 5, 17, 4, 4, 16, 3, 17, 4, 4, 15, 4]
IM-000000011379149-AP1.png ::::::::: [10, 4, 2, 0, 13, 3, 4]
IM-000000011186251-AP2.png ::::::::: []
IM-000000011143056-AP1.png ::::::::: [5, 5, 5, 9, 4, -12, 6, 6, 7, 10, 20, 7, 6, 8, 8, 13]
IM-000000009436489-AP1.png ::::::::: [14, 9, 26, 55, 26]
IM-000000010772567-AP1.png ::::::::: [5, 7, 4, 5, 2, 2, 12, 4, 4, 18]
IM-000000011378639-AP1.png ::::::::: [8, -1, -2, -2, -3, 8, 3, 6, 7, 18, 8, 7, 19, 2, 19, -9, 6, 22, 4, 20, 3, 22, 6, 23, 3]
IM-000000010755800-AP2.png ::::::::: [7, -1, -2, -2, -3, 8, 17, 5]
IM-000000011369019-AP39.png ::::::::: [13, 4, 4, 4, 4]
IM-000000011249355-AP1.png ::::::::: [8, 7, 5, 17, 2, 3]
IM-000000011379276-AP2.png ::::::::: [5, -5, 0, -3, 3, 62, 3, 3, 4, 4, 374]
IM-000000010663073-AP1.png ::::::::: [6, 3, 1, 13, 1, 1]
IM-000000011677806-AP1.png ::::::::: [19, 7, 12, 7, 14, 6, 14, 7]
IM-000000011379530-AP1.png ::::::::: [3, 5, 3]
IM-000000011379972-AP1.png ::::::::: [4, 5]
IM-000000010676276-AP1.png ::::::::: [10, 0, 1, 1]
IM-000000011101899-AP1.png ::::::::: [9, 8, 2, 3, 4, 13, 3, 5]
IM-000000010733603-AP1.png ::::::::: [20, 3, 3, 3, 5, 15, 3, 15, 3, 5, 2, 11, 2, 5, 14, 2, 1, 1]
IM-000000011369019-AP2.png ::::::::: [13, 4, 4, 4, 4]
IM-000000011386671-AP2.png ::::::::: [6, 0, -1, -10, -7, -5, -4, -5, -7, -4, -3, -1, 6, 3, 15, 6, 7, 14, 4, 5, 15, 4, 7, 15, 4, 6, 15, 4, 3, -6, 15, 5, 4, 16, 6, 5, 16, 6, 6]
IM-000000011459575-AP11.png ::::::::: [-3, -4, -5, -4, 5, 3, 13, 2, 12, 3, 6, 4, 15, 2, 14, 4]
IM-000000011387583-AP1.png ::::::::: [-8, 10, 3]
IM-000000011367517-AP1.png ::::::::: [9, 6]
IM-000000011378874-AP1.png ::::::::: [11, 21, -7, 21]
IM-000000011686659-AP12.png ::::::::: [-4, -2, -4, -5, 3, 13, -9, 5, 9, 5, 5, 14, 3, 3, -125, -69, 3, 3, 15, 4, 8, 7, 4, 15, 0, 2, 3]
IM-000000010865935-AP1.png ::::::::: [12, 4, 5, 4, 4]
IM-000000011249352-AP1.png ::::::::: [-10, 12, 7, 8]
IM-000000011186273-AP1.png ::::::::: [15, 7, 13, 0]
IM-000000010948372-AP1.png ::::::::: [-4, -3, -3, -2, 6, -9, 3, 4, 15, 15, 15, 3, 0, 4, 4, 4, 2, 1, 5, 4, 4, 2, 4, 159, 2, 1, 0, 3, 2]
IM-000000011379204-AP1.png ::::::::: [11, 3, 9, 3, 16, 20, 2, 9, -7, 3, 8, -8, 3, 9, 3, 12, 3]
IM-000000011386879-AP1.png ::::::::: [-4, -9, -3, 17, 5, 9, 5, 8, 4, 9, 3, 9, 5, 9, 6, 9, 4, 10, 4, 7, 3, 9, 5, 6, 4, 8, 5]
IM-000000010965551-AP1.png ::::::::: [-7, 3, -8, -7, -2, 0, -1]
IM-000000010652229-AP1.png ::::::::: [-1, -1, 5, -7, 8, 7, 6, -7, 7, -6, 6, 7]
IM-000000011378804-AP17.png ::::::::: [-3, -2, -3, -6, 5, 4, 6, 5, 16, 4, 5, 4, 5, 17, 5, 7, 4, 15, 4, -109, -81, 2, 13, -9, 4, 8, 3, 15]
IM-000000010952149-AP1.png ::::::::: [8, 9, 3, 16, 2, 4, 20, 8, 18, 3, 5]
IM-000000011378619-AP1.png ::::::::: [6, -3, -2, -3, -3, 7, 6, 6, 17, 8, 7, 19, 3, 5, 24, 4, 5, 23, 4, 5, 22, 4, 5, 22, 3, 6, 21, 3, 7, 20, 4, 5, 22, 5]
IM-000000011286384-AP1.png ::::::::: [13, 5, 4, 5, 4]
IM-000000011379456-AP4.png ::::::::: [4, 5, 5, 3]
IM-000000011796877-AP1.png ::::::::: [1, -9, 548]
IM-000000011379263-AP1.png ::::::::: [-3, -4, 17, 4, 8]
IM-000000011378611-AP4.png ::::::::: [-3, -3, -3, -3, 8, 5, 23, 4, 5, 6, 6, 24, 4, 4, 6, 5, 23, 4, -6, 6, 7, 5, 22, 3, 3, 4, 6, 23, 4, 4, 6, 5, 35]
IM-000000010842434-AP1.png ::::::::: [13]
IM-000000011102079-AP1.png ::::::::: [12, 7, 8, 8, 7, 6, 7, 7, 7]
IM-000000011794225-AP1.png ::::::::: [8, -2, -2, -2, -3]
IM-000000011378593-AP1.png ::::::::: [7, -1, -2, -4, -4, 8, 6, 6, 5, 18, 8, 9, 19, 4]
IM-000000011310221-AP1.png ::::::::: [0, 15, 14, 15, 12, 110, 4, 366]
IM-000000011386715-AP1.png ::::::::: [13, -1, -5, 12, -4, -3, 11, -5, -2, 12, -2]
IM-000000011387232-AP1.png ::::::::: [-2, -4, 15, 3, 4, 10, 3, 3]
IM-000000010832526-AP1.png ::::::::: [10, 7, 9, 8, 8, 7, 7]
IM-000000011386881-AP2.png ::::::::: [-3, -10, -4, 17, 4, 7, 4, 8, 4, 8, 4, 9, 4, 9, 3, 9, 5, 10, 5, 8, 5, 6]
IM-000000010679224-AP1.png ::::::::: [4, 2, 1, 2]
IM-000000011379508-AP1.png ::::::::: [13, 5, 6]
IM-000000011387155-AP1.png ::::::::: [11, 3, 9, -7, 4, 10, 1, 9, 3, 8, -8, 4, 11, 3, 12, 3, 12, 3]
IM-000000011386728-AP1.png ::::::::: [11, 3, 11, 3, 15, 21, -7, 23, 3]
IM-000000011386739-AP1.png ::::::::: [16, 7, 11, 13, 8, 10, 12, 12, 11, 10, 12, 12, 11, 11, 13, 12, 12, 9, 11, 9, -7, 9, 10]
IM-000000011064237-AP1.png ::::::::: [-4, -2, -5, 22, 5, 8, -9, 16, -10, 3, 7, -11, -8, 5, 8, 17, 15, 4, 10, 4, 9, 3, 10, 14, -10, 14]
IM-000000011102691-AP1.png ::::::::: [-12, 8, 8, 17, 3, 3, 5, 4, 4, 5, 4, 4, 4, 4]
IM-000000011379685-AP1.png ::::::::: [7]
IM-000000011379440-AP7.png ::::::::: [9, 8, 7, 8, 7, 9, 8]
IM-000000011379440-AP2.png ::::::::: [9, 7, -11, 8, 6, 10, 6, 10, 4, 11, 9]
IM-000000011310474-AP18.png ::::::::: [19, 5, 6, 5, 5, 4, 5, 6, 5, 6, 6, 6, 6, 5, 6, 6, 5, 7, 7]
IM-000000011387317-AP1.png ::::::::: [18, 4, 6, 6, 5]
IM-000000010809068-AP4.png ::::::::: [10, -7, 1, 0, 0, 1]
IM-000000011379309-AP1.png ::::::::: [10, 3, 16, 21, 22, -7, 3, 12]
IM-000000011186432-AP1.png ::::::::: [13, 4, 5, 3]
IM-000000011378578-AP1.png ::::::::: [7, -3, -2, -2, -2]
IM-000000010842922-AP1.png ::::::::: [-4, -4, -3, 7, -9, 4, 3, 4, 4, 15, 16, 14, 2, 0, 4, 5, 4, 1, -11, 205, 2, -1, 0, 2, 1]
IM-000000011143055-AP1.png ::::::::: [6, 5, 4, 8, 6, 8, 11]
IM-000000011598501-AP1.png ::::::::: [-5, -1, 3, 4, 2, 352]
IM-000000011387279-AP1.png ::::::::: [11, -9, -1, 0, 3, 1, 1]
IM-000000011386696-AP2.png ::::::::: [-3, 10, 5, -3, -2, 5, 5, 6, 5, 4, -3, -2, 4, 5, 5, 5]
IM-000000011201057-AP1.png ::::::::: [2, 15, 2, 4, 3, 3, 3, 3, 4, 3, 4, 3, 4]
IM-000000011378635-AP2.png ::::::::: [7, -3, -1, -2, -3]
IM-000000011387399-AP1.png ::::::::: [7, 1, 13, 5, 3]
IM-000000011379481-AP1.png ::::::::: [-12, 4, 28, 4, 4, 2, 7, 15]
IM-000000011386898-AP1.png ::::::::: [-2, -5, 16, 5, 7]
IM-000000011387483-AP1.png ::::::::: [-1, -5, 16, 3, 1, 4, 5, 6, 3, 3, 3, 3, 4, 4, 4, 5, 5, 4, 4, 5]
IM-000000011379799-AP1.png ::::::::: [-6, 0, -3, 3, 19, 9, 59, 6, 34, 9, 59, 1, -3, 3, 197]
IM-000000011127054-AP1.png ::::::::: [-1, 14, 15, 14, 14, 13, 86, 4, 365]
IM-000000011459575-AP5.png ::::::::: [-3, -2, -3, -5, 4, 3, 8, 5, 14, 3, 3, 14, 3, 7, -49, -54, 1, 2, 13, 3, 8, 3, 15, 3, 1, 15]
IM-000000010473802-AP1.png ::::::::: [4, 4, 4, 7]
IM-000000010865976-AP1.png ::::::::: [-10, 12, 3, 1, 3, 2, 3]
IM-000000011387035-AP2.png ::::::::: [1, -11, 3, 18, 4, 19, 3, 17, -11, 4, 19, 4, 3, 30, 5, 32, -10, 3]
IM-000000011379916-AP1.png ::::::::: [13, 5, 4, 5, 5, 357, -10]
IM-000000011387188-AP1.png ::::::::: [7, 9, 8, 7, 8, 24, 25, 20]
IM-000000011379818-AP2.png ::::::::: [-11, -1, 2, 19, 7, 60, 3, 0, 31, 9, 58, 7, 34, 10, 58, 8, 32, 20]
IM-000000010288286-AP1.png ::::::::: [-2, -3, 12]
IM-000000010831843-AP5.png ::::::::: [11, 7, 7, 8, 8, 8, 8, 8, 9, 8, 8, 8, 8, 9, 9, 9, 8, 8, 8, 8, 8, 9, 8, 8]
IM-000000011379353-AP1.png ::::::::: [1, 14, 14]
IM-000000010652236-AP1.png ::::::::: [-1, -2, 4, 6, 7, 7, 5]
IM-000000010831546-AP1.png ::::::::: [-9, 11, 0, 2, 2]
IM-000000010579474-AP2.png ::::::::: [0, 32, 32, 40, 6, 4, 4, 15, 5, 4, 3, 17, 1, 3]
IM-000000011386731-AP1.png ::::::::: [15, 9, 11, 11, 9, 11, 10, 13, 10, 10, 11, 9, -8, 11, 10, 11, 11, 11, 10, 11, 9, 10, 11]
IM-000000011101917-AP1.png ::::::::: [9, 9, 2, 4, 3, 13, 3, 4, 18]
IM-000000011513089-AP1.png ::::::::: [10, 4, 4, 4, 4, 4, 4, 5, 5]
IM-000000010708248-AP1.png ::::::::: [8, 7, 3, 5, 13, 3, 5]
IM-000000009428244-AP1.png ::::::::: [14, 11, 27]
IM-000000011386927-AP1.png ::::::::: [-5, 0, 9, 11, 2, 14, 3, 12, 3, 11, -11, 3, 12, -10, 2, 12, 2, 5, 14, 1, 5, 14, -10, 1, 13, 2, 13, -10, 3, 3, 13, 2]
IM-000000010741418-AP1.png ::::::::: [4, 3, 1, 2, 4, 3, 1, 1, 4, 2, 2, 2, 7, 3, 2, 3]
IM-000000011322047-AP1.png ::::::::: [7, 8, 3, 4, 5, 14, 5, 3, 4, 4]
IM-000000009793863-AP1.png ::::::::: [4, 19, 18, 5, 4, 4, 8, 3, 4]
IM-000000009930263-AP2.png ::::::::: [8, 2, 2, 1, 4, 3, 3, 3, 3, 2, 1, 2, 3, 3, 2, 3, 4, 4]
IM-000000010881232-AP1.png ::::::::: [4, 2, 2, 12, 2, 2]
IM-000000010901645-AP1.png ::::::::: [-4, -4, -3, 8, 2, 3, 4, 4, 15, 16, 14, 2, 0, 4, 3, 3, 2, 0, -7, 196, 2, -1, 0, 2, 1]
IM-000000011186378-AP1.png ::::::::: [14, 5, 4, 3, 4]
IM-000000011378608-AP1.png ::::::::: [7, -1, -1, -3, -4]
IM-000000010731885-AP1.png ::::::::: [5, 2, 2]
IM-000000011387035-AP1.png ::::::::: [3, 5, 3, 16, 4, 18, 3, 4, 15, -10, 3, 16, -10, 4, 19, 5, 3, 31, 5]
IM-000000011379424-AP2.png ::::::::: [2, 23, 4]
IM-000000011387644-AP1.png ::::::::: [-4, -4, 23, 11]
IM-000000010733588-AP1.png ::::::::: [-10, 21, 3, 1, 2, 14, 4, 6, 2, 13, 4, 6, 2]
IM-000000009457732-AP1.png ::::::::: [23, 5, 25, 6, 25, 5, 25, 5, 26, 6]
IM-000000011386760-AP1.png ::::::::: [38, -3, -3, 34, 37]
IM-000000011269479-AP1.png ::::::::: [4, 13, 6, 12, 14, 13, 13, 12, 11, 13, 14, 14, 12, 13, 13, 12, 13, 5, 14]
IM-000000011386720-AP1.png ::::::::: [19, 7, 4]
IM-000000011379278-AP2.png ::::::::: [8, 12, 6, 4, 5, 5, 4, 5, 7, 6, 12, 4, 4, 4, 6, 5, 6, 8, 12, 6, 5, 4, 5, 5, 5, 6, 9, 12, 6, 5, 5, 4, 6, 4, 6, 9, 12, 5, 4, 5, 3, 5, 6]
IM-000000011379715-AP2.png ::::::::: [13, 3, 8, 10, 6]
IM-000000011387123-AP1.png ::::::::: [4, 8, -9, 24, 25]
IM-000000010663061-AP1.png ::::::::: [6, 3, 1, 13, 1, 1]
IM-000000011378649-AP2.png ::::::::: [-2, -3, -1, -3]
IM-000000011379623-AP1.png ::::::::: [15, 8, 6, 7]
IM-000000011379554-AP1.png ::::::::: [8, 6, 9, 17, 5, 8, 16, 7, 6, 6]
IM-000000011387345-AP1.png ::::::::: [0, 0, 21, 3]
IM-000000011386693-AP1.png ::::::::: [-3, 10, 5, -4, -2, 5]
IM-000000011379198-AP1.png ::::::::: [5]
IM-000000011379016-AP1.png ::::::::: [14, 4, 5]
IM-000000011500982-AP1.png ::::::::: [3, 5, 4, 5, 7, 5, 5, 7]
IM-000000010865953-AP1.png ::::::::: [12, 4, 3, 4, 4]
IM-000000011379668-AP1.png ::::::::: [9]
IM-000000010952151-AP2.png ::::::::: [9, 8, 4, 2, 3, 14, -1, 1, 4, 3, 4, 17, 45, 9, 3, 4, 2, 14, 4, 3, 4, 1, 3, 16]
IM-000000010756064-AP1.png ::::::::: [11, 8, 6, 7]
IM-000000011667222-AP1.png ::::::::: [4, 1, 9, 2, 450]
IM-000000011379382-AP3.png ::::::::: [2, 0, -6, 18, 13, -5, 3, 9, 14, -5, 2, 8, 12, -4, 5, 9, 13, -4, 4, 8, -10]
IM-000000011386959-AP1.png ::::::::: [2, 4, 1, 18, 2, 3, 30, 2, 18, 5, 19, 5, 21, 3, 18, 6]
IM-000000011459575-AP4.png ::::::::: [-5, -3, -3, -5, 3, 3, 7, 4, 15, 3, 2, 14, 3, 6, 4, -45, -45, 2, 15, 3, 6, 4, 14, 4, 4]
IM-000000011379381-AP1.png ::::::::: [3, 1, 23, -6, 4, 7, -9]
IM-000000011387374-AP1.png ::::::::: [21, -8, 102, 8]
IM-000000011387413-AP1.png ::::::::: [10, 3, 16, 20, 22, 1, 8, 21, 2, 8, -7, 3, 10, -7, 4, 15, 2, 16, 4]
IM-000000009411510-AP3.png ::::::::: [5, 7, 6, 6, 6, 4, 4]
IM-000000011387362-AP1.png ::::::::: [12]
IM-000000011333685-AP1.png ::::::::: [10, 7, 8, 8, 7, 6, 8, 8, 5]
IM-000000009423673-AP1.png ::::::::: [3, 2, 14, 3]
IM-000000011386960-AP1.png ::::::::: [10, 3, 16, 21, 2, 9, 1, 9, -7, 4, 15, 3, 16, 1]
IM-000000011379109-AP1.png ::::::::: [15, 8, 7, 9, 7, 8, 10]
IM-000000011387606-AP1.png ::::::::: [5, 15, 4, 4, 4, 4]
IM-000000011379814-AP2.png ::::::::: [-6, -1, -4, 4, 17, 33, 10, 60, 6, 33, 9, 60, 7, 172]
IM-000000011435888-AP1.png ::::::::: [1, 548]
IM-000000011379589-AP1.png ::::::::: [12, 17, 3, 1, 1, 3]
IM-000000010652233-AP1.png ::::::::: [-3, -2, 4, 5, -10, 6]
IM-000000010963995-AP1.png ::::::::: [12, 5, 6, 5]
IM-000000009411514-AP2.png ::::::::: [4]
IM-000000011369019-AP27.png ::::::::: [13, 4, 4, 5]
IM-000000011378710-AP1.png ::::::::: [-10, 20, 12, 12]
IM-000000011387240-AP1.png ::::::::: [11, 3, 8, 2, 8, 2, 15, -7, 23, 21, 0, 9, 20, 2, 9, -7, 3, 10]
IM-000000011379561-AP1.png ::::::::: [12, 14, 61, 7, 31, 9, 8]
IM-000000010663071-AP1.png ::::::::: [5, 0]
IM-000000011548113-AP1.png ::::::::: [-2, -4, 25, 24, 23, 23, 23, 23, 22, 22, 24]
IM-000000011378644-AP1.png ::::::::: [-3, -2, -1, -4, 8, 7, 5, 17, 8, 8, 19, 5, 21, -8, 6]
IM-000000010756067-AP1.png ::::::::: [10, 8, 7, 7, 8, 8]
IM-000000011378579-AP2.png ::::::::: [6, -3, -2, -2, -2]
IM-000000011379952-AP1.png ::::::::: [13, 5, 4, 4, 5, 4, 5, 5, 5, 4, 4, 3, 5, 4, 4, 4, 19]
IM-000000011386921-AP1.png ::::::::: [14, 6]
IM-000000011343859-AP1.png ::::::::: [7, 1, -1]
IM-000000011249351-AP1.png ::::::::: [9, 7, 7]
IM-000000011857053-AP1.png ::::::::: [7, 10, 11, 10, -7, 10, 9, 10, 8, 10]
IM-000000011379522-AP1.png ::::::::: [12, 4]
IM-000000009564047-AP1.png ::::::::: [1, 4, 32, 4, 4]
IM-000000011387473-AP1.png ::::::::: [-3, 10, 5, -5, -3, 5, 3, 4, 4, 2, -3, -2, 5, 2, 5, 5]
IM-000000011378804-AP15.png ::::::::: [-3, -2, -3, -6, -7, 4, 3, 7, 2, 16, 3, 4, 4, 4, 16, 2, 6, 1, 15, 6, 5, 5, 1, 15, 2, 6, 3, 13]
IM-000000010733569-AP1.png ::::::::: [21, 3, 5, 4, 13, 3, 16, 4, 15, 3, 5, 2, 3, 16, 5, 5, 5]
IM-000000011387376-AP1.png ::::::::: [3, 4, 5, 5, 2, 6, 5, 6]
IM-000000011186395-AP1.png ::::::::: [13, 5, 5, 4, 4]
IM-000000010756065-AP1.png ::::::::: [10, 9, 8, 8]
IM-000000011387161-AP1.png ::::::::: [9, 3]
IM-000000011143054-AP1.png ::::::::: [6, 2, 3, 10, 7, 6, 6, 11]
IM-000000011200858-AP1.png ::::::::: [10, 14, 13, 13]
IM-000000011379256-AP1.png ::::::::: [4, 3, 3, 3, 5, 3, 4, 3, 4, 2]
IM-000000011386972-AP1.png ::::::::: [10, 3, 14, 22, 21, 2, 9, 20, 3, 10, 3, 10, 2, 9, 2, 11, -7, 4, 15, 3, 16]
IM-000000011379650-AP2.png ::::::::: [1, 5, 7, 4, 4, 4, 6, 4, 3, 4, 5, 4, 4, 4, 5, 5, 4, 3, 5, 6, 4, 5, 5, 6, 5, 4, 4, 5, 5, 5, 6, 6, 5, 5, 4, 6, 4, 4, 5, 6, 6, 4, 4, 4, 4, 5, 4, 5, 4, 6, 5, 4, 6]
IM-000000011379909-AP1.png ::::::::: [13, 4, 4, 4, 5, 5, 4, 3, 316, -11]
IM-000000009457731-AP1.png ::::::::: [24, 4]
IM-000000011379196-AP1.png ::::::::: [3]
IM-000000011143056-AP2.png ::::::::: [5, 4, 4, 10, 6, 5, 5, 2, 4, 11, 19, 6, 8, 6, 7, 4, 7, 10, 19, 5, 7, 8, 7, 7, 13, 18, 7, 6, 8, 7, 7, 12]
IM-000000011379574-AP1.png ::::::::: [9, 11, 5, 8, 9, 10, 6]
IM-000000011188933-AP1.png ::::::::: [9, 10, 11]
IM-000000010759568-AP1.png ::::::::: [23, -12, 7]
IM-000000011802745-AP1.png ::::::::: [10, 6, 8, 7]
IM-000000010652231-AP1.png ::::::::: [-1, -1, 4, 6, 7, 5, -7, 5, 6, 6]
IM-000000011191756-AP1.png ::::::::: [4, 14, 6, 12, 12, 11, 12, 5, 13, 11, 4]
IM-000000010557088-AP1.png ::::::::: [7, 7, 7, 6, 8, 8, 7, 6, 9, 8]
IM-000000011387111-AP1.png ::::::::: [3, -13, -13]
IM-000000010733583-AP1.png ::::::::: [21, 3, 2, 3, 15, 4, 15, 2, 14, 4, 6]
IM-000000011387418-AP1.png ::::::::: [-12, 12, 2, 3, -3, 12, 13, 5, 3, -6, 5, 10, 13, 3, 3, -6, 7, 13, 13, 4, 4, -5, 6, 12]
IM-000000010617010-AP1.png ::::::::: [-5, -6, 17, 4, 4, 4]
IM-000000011186404-AP1.png ::::::::: [13, 4, 4, 3]
IM-000000010579474-AP1.png ::::::::: [-1, 32, 8, 6, 6, 6, 7, 7, 8, 6, 8, 8, 7, 6, 7, 8, 7, 6, 7, 7, 7, 5, 7, 7, 7, 17]
IM-000000011188934-AP1.png ::::::::: [9]
IM-000000011343294-AP2.png ::::::::: [-5, -4, 4, -3, -4, 5, -4, -4, 4, -3, -3, 4, -3, -4, 4, 2, 2, 5, -4, -4]
IM-000000010529633-AP1.png ::::::::: [12, 7, 5, 6, 6, 6, 5, 6, 5, 5, 6, 5, 5, 5]
IM-000000010892936-AP1.png ::::::::: [10, 2, 3, 3, 1, 4, 3, 4, 2, 0, 17, 2, 2, 2, 2, 52, -11, 6, -10, 9, 13, 2, 3, 2, 2, 52, -10, 6, -10, 9, 14, 3, 3, 2, 55, -10, 7, -9, 10, 32]
IM-000000011378661-AP1.png ::::::::: [7, -2, 0, -2, -2]
IM-000000011379461-AP16.png ::::::::: [1, 1, 23, -5, 4, 8]
IM-000000010865955-AP1.png ::::::::: [11, 4, 4, 5, 4]
IM-000000011387673-AP1.png ::::::::: [-8, -3, -3, 12, 279]
IM-000000011378814-AP2.png ::::::::: [-3, -4, 4, -2, -4, 5, 1, -1, 4, -2, -6, 5, -4, -4, 5, -2, -3]
IM-000000011310368-AP1.png ::::::::: [8, 8, 3, 4, 3, 16, 4, 5]
IM-000000011379366-AP1.png ::::::::: [3, 2, 3, 6, 6, 0, -13, -11, 6, 6]
IM-000000011379642-AP1.png ::::::::: [13, 3, 8]
IM-000000011459351-AP1.png ::::::::: [16, 4, 4, 14, -1, 4]
IM-000000011379891-AP1.png ::::::::: [14, 5, 6, 3, 5, 358]
IM-000000011286382-AP1.png ::::::::: [-11, 14, 5, 4, 4]
IM-000000011379818-AP3.png ::::::::: [-5, 0, -5, 4, 22, 60, 9, 33, 8, 59, 8, 34, 10, 61, 8, 34, 9, 26]
IM-000000011379754-AP1.png ::::::::: [3]
IM-000000011378600-AP1.png ::::::::: [8, -2, -3, -2, -3, 8, 4, 6, 16, 8, 8, 19, 4, 24, 6, 22, 6, 22, 4, 23, 3, 22, 3, 22, 5, 22, 5, 21, 5, 33]
IM-000000011379222-AP1.png ::::::::: [7, 5]
IM-000000011379823-AP1.png ::::::::: [10, -4, -5, 7, 11, -5, -4, 8]
IM-000000011379445-AP6.png ::::::::: [3, -12, 6, 24, 3, 6]
IM-000000011379510-AP1.png ::::::::: [6, 19, 4, 5, 5, 4, 5, 5, 6, 6, 6, 6]
IM-000000011550130-AP2.png ::::::::: [-2, -3]
IM-000000011387464-AP2.png ::::::::: [-3, 9, 4, -3, -2, 5, 5, 6, 5, 4, -3, -2, 4, 4, 5, 5, 3, -3, -2, 4, 3, 5, 5, 3, -3, -2, 5, 5, 5, 4]
IM-000000011379500-AP1.png ::::::::: [13, 2]
IM-000000011102001-AP1.png ::::::::: [6, 18, 3, 21, 4, 17, 4]
IM-000000011386948-AP2.png ::::::::: [-6, 1, 12, 3, 17, 3, 17, 3, 15, 4, 15, 4, 16, 4, 17, 3, 17, 3, 17, 4, 18, 3, 17, 3]
IM-000000010881208-AP1.png ::::::::: [4, 0, 2]
IM-000000011386730-AP1.png ::::::::: [16, 10, 10, 11, 10, 10, 11, 12, 13, 10, 10, 10, 11, 11, 11, 12, 12, 8, 11, 7, -8, 10, 9]
IM-000000011379780-AP1.png ::::::::: [5]
IM-000000010529107-AP1.png ::::::::: [-5, -5, 8, 15]
IM-000000010904574-AP1.png ::::::::: [8, 7, 4, 3, 3, 15, 4, 3, 5, 5, 4, 5, 4, 4, 4, 4, 4, 5, 3, 19]
IM-000000010733602-AP1.png ::::::::: [19, -11, 4, 13, -12, 4, 5, 16, 3, 1, -12, 1]
IM-000000010733573-AP1.png ::::::::: [-10, 20, 3, 15, 3, 4, 1, 11, 2, 6, 13, 6, 6, 5]
IM-000000011379973-AP1.png ::::::::: [4, 3, -10, 5, 5, 3, -10, -10, 5]
IM-000000010965479-AP3.png ::::::::: []
IM-000000011378779-AP1.png ::::::::: [8, 3]
IM-000000011379401-AP2.png ::::::::: [3, 0, -7, 23, -4, 3, 5, -10, 13, -6, 5, 9]
IM-000000011386905-AP1.png ::::::::: [-3, -10, -4, 17, 5, 6]
IM-000000011511178-AP1.png ::::::::: [6, 2, 0, 12, 2, 0]
IM-000000010890124-AP1.png ::::::::: [-5, -5, -3, 7, 2, 16, 16, 15, 2, 2, 4, 4, 3, 2, -10, 241, 1, 2, 1, 2, 0]
IM-000000011143060-AP1.png ::::::::: [5, 4, 3, 10, 7, 5, 7, 5, 10]
IM-000000011379333-AP2.png ::::::::: [13, 15, 14, 12]
IM-000000011370742-AP1.png ::::::::: [8, 7, 4, 4, 2, 13, 3, 4]
IM-000000011387105-AP1.png ::::::::: [3, -13]
IM-000000011378803-AP1.png ::::::::: [1, -5, 127]
IM-000000010865989-AP1.png ::::::::: [-8, 7, -9, -3, -1, -2, 0]
IM-000000011386934-AP2.png ::::::::: [1, 8, 2, 12, -12, 1, 11, -13, -11, 3, 13, 2, 13, 3]
IM-000000011386944-AP1.png ::::::::: [2, 28, 3, 5, 36, 17]
IM-000000011378586-AP1.png ::::::::: [8, -2, -2, -3, -3, 8, 4, 6, 17, 8, 8, 19, 4, 6, 6, 6, 22, 5, 5, 6, 5, 23, 5, 6, 6, 5, 23, 5, 6, 6, 7, 23, 3, 5, 6, 5, 23]
IM-000000010638076-AP1.png ::::::::: [11]
IM-000000010655224-AP1.png ::::::::: [8, 9, 2, 5, 4, 13, 1, 5, 19]
IM-000000011378913-AP1.png ::::::::: [13, 3, 216]
IM-000000010819088-AP6.png ::::::::: [6, 5, 5, 6, 17, 5, 1, 5, 4, 4, 14, 6, 3, 5, 17, 6, 5, 2, 4, 4, 4, 14, -10, 7, 4, 6, 17, 4, 6]
IM-000000011378631-AP1.png ::::::::: [8, -2, -1, -2, -3]
IM-000000011379338-AP1.png ::::::::: [5, 21, 8, 7, 6]
IM-000000011387010-AP1.png ::::::::: [4, 4, 5, 2, 1, -11, 4, 3, 6, 33, 5, 63, 6, 6, 7, 6]
IM-000000011379382-AP2.png ::::::::: [3, 0, -7, 24, -4, 3, 9, 14, -5, 4, 10, 15, -4, 4, 9, 14, -4, 5, 8, 11, -4, 4, 6, 13, -4, 4, 9, 13, -4, 5, 8, 12, -4, 5, 7, -10, -8, 14, 2]
IM-000000010071904-AP1.png ::::::::: [5, 17, 10, 5, 6]
IM-000000010814247-AP1.png ::::::::: [9, -11, 8, 14, 12, 8, 12, 14, 8, 13]
IM-000000011379588-AP1.png ::::::::: [-7, 19, 3, 4, 2, 0]
IM-000000011379361-AP1.png ::::::::: [9, 3, 5, 5, 4, 4, 4, 2, 3, 3, 5, 4, 4, 3, 5, 4, 6]
IM-000000011379412-AP1.png ::::::::: [14, -7, 6, 6, 11, 8, 9, 14, 7, 9]
IM-000000011249368-AP1.png ::::::::: [-8, 24, 7, 6, 7, 7, 6, 8, 7]
IM-000000011387565-AP1.png ::::::::: [5, 7, 14, -3]
IM-000000009466516-AP1.png ::::::::: [5, 2, 13, 5]
IM-000000011378898-AP1.png ::::::::: [0, 0, 10, 2]
IM-000000010662990-AP1.png ::::::::: [5, 6, -5, 5, 8]
IM-000000011378615-AP2.png ::::::::: [8, -1, -1, -2, -3, 7, 23, 4, 4, 34]
IM-000000011387521-AP2.png ::::::::: [18, -3, -3]
IM-000000011378648-AP2.png ::::::::: [6, -4, -3, -2, -2]
IM-000000011343858-AP1.png ::::::::: [6, 1, 0, 8, 1, 2]
IM-000000011379801-AP1.png ::::::::: [-7, 0, -3, 2, 21, 8, 58, 7, 120, 5, 5, 4, 4, 180]
IM-000000011379101-AP2.png ::::::::: [5, 12, 21, 5, 5, 7, 5, 23, 4, 5, 8, 23, 22, 7, 5, 7, 22, 6, 5, 6, 144]
IM-000000011253951-AP2.png ::::::::: [16, 2, 4, -3, -4, 1, 3, 29, 3, 5, -3, -2, 2, 3]
IM-000000011386923-AP1.png ::::::::: [14, 5]
IM-000000011387230-AP2.png ::::::::: [2, 64]
IM-000000010854737-AP1.png ::::::::: [7, 7, 4, 3, 2, 15, 4, 3, 5]
IM-000000010731884-AP1.png ::::::::: [6, 3, 1, 1, 0]
IM-000000011386879-AP3.png ::::::::: [-1, -4, 16, 4, 7, 4, 8]
IM-000000011387630-AP1.png ::::::::: [15, 2, 4, 9, 3, 0, 9, 1, 5, 8, 3, 2, 10, 2, 4]
IM-000000011387385-AP1.png ::::::::: [12, 3, 4, 2, 12, 12]
IM-000000011387485-AP1.png ::::::::: [-1, -4, 16, 4, 2, 4, 4, 5, 2, 2, 4, 4, 5, 4, 6, 5, 4, 4, 8]
IM-000000011254336-AP1.png ::::::::: [-3, -5, 18, 4]
IM-000000011127055-AP1.png ::::::::: [-3, 14, 174, 5]
IM-000000010859297-AP1.png ::::::::: [11, 7, 7, 6, 6, 7]
IM-000000009677502-AP1.png ::::::::: [-7, 0, 10, 10, 2, 3, 66, 7]
IM-000000011379058-AP1.png ::::::::: [13, 4, 6]
IM-000000011379262-AP2.png ::::::::: [-3, -8, -2, 31, 8, 8, 8, 9, 6, 8]
IM-000000011379334-AP1.png ::::::::: [10, -6, 6, -6, 20, -6, 6, -7, 5, 18, 5, 3, 259, 17, 4, 3]
IM-000000010854739-AP1.png ::::::::: [-11, 7, 8, 3, 2, 3, 14, 3, 3, 5]
IM-000000011379430-AP2.png ::::::::: [12, 6]
IM-000000011186418-AP1.png ::::::::: [-10, 14, 4, 4, 4, 4]
IM-000000011379369-AP1.png ::::::::: [6, 9, 6, 3, 6, 4, 6, 4]
IM-000000011284773-AP1.png ::::::::: [6, 19, 2, 4, 6, 9, 4, 5]
IM-000000010733581-AP1.png ::::::::: [-9, 19, 3, 1, 3, 15, 3, 3, 4, 15, 4, 2, -12, 1, 4, 14, -12, 4, 2, 5, 13, 4, 1, 1]
IM-000000011379595-AP1.png ::::::::: [19, 3, 3, 1, 1]
IM-000000011678625-AP1.png ::::::::: [12, 3, 4, 34, 23, 5, 7, 6, 55, 7, 8, 8, 9, 22, -11, 21, 6, 6, 7, 20, 6]
IM-000000010840195-AP1.png ::::::::: [7, 11, 10, 11, 11, 11, 10, 11, 10]
IM-000000010733591-AP1.png ::::::::: [21, 2, 2, 3, 3, 13, 4, 3, 4, 13, -11, 4, 3, 2, 13, 3, 2, -12, 1]
IM-000000011376572-AP1.png ::::::::: [10, 8, 8, 8]
IM-000000011009945-AP1.png ::::::::: [4, 5, 3, 5, 4, 3, 5, 4, 5, 4, 5, 5, 4, 5, 4, 6, 5, 6, 4, 6]
IM-000000011386858-AP1.png ::::::::: [11, 3, 16, 21, 19, 2]
IM-000000011387365-AP1.png ::::::::: [12, 5, 3, -2, 13, 17, 11, -7, 11, 14, 2, 2, 6, 4, -4, -2, 4, 11, 11, 20]
IM-000000011378588-AP2.png ::::::::: [7, -1, -2, -3, -3]
IM-000000009606437-AP5.png ::::::::: [5, 5, 7, 4, 4, 5, 37]
IM-000000009421314-AP1.png ::::::::: [5, 3, 5, 6, 6, 6, 6]
IM-000000010485223-AP1.png ::::::::: [6, 18]
IM-000000011186421-AP1.png ::::::::: [13, 5, 5, 5, 5]
IM-000000011378712-AP1.png ::::::::: [-10, 21, 13, 13, 12, 14]
IM-000000011828276-AP1.png ::::::::: [15, 6]
IM-000000011386733-AP1.png ::::::::: [16, 11, 11, 9, 9, 11, 12, 11, 13, 9, 10, 12, 11, 11, 11, 12, 11, 9, 10, 10, 11, 11]
IM-000000010666197-AP1.png ::::::::: [-4, -2, -5, 24, 3, 9]
IM-000000011254325-AP1.png ::::::::: [-1, -2, 19, 5]
IM-000000011379192-AP1.png ::::::::: [3]
IM-000000010652225-AP1.png ::::::::: [-2, -2, 5, 6, 7, 8, 6, 8]
IM-000000011386904-AP1.png ::::::::: [-3, -10, -4, 17, 4, 9, 4, 10, 3, 9, 5, 9, 4, 8, 5, 9, 4, 10, 5, 9, 5, 6]
IM-000000011333681-AP1.png ::::::::: [12, 7, 8, 8, 8, 8]
IM-000000010652238-AP1.png ::::::::: [-1, -2, 5, 7, 6, 5, -7, 8, 6, -7, 6, -10, 5, -9]
IM-000000011254323-AP1.png ::::::::: [-3, -9, -3, 19, 5]
IM-000000011101955-AP1.png ::::::::: [-4, -5, -4, -5, 8, 3, 4, 2, 5, 4, 16, 16, 14, 2, 3, 4, 5, 3, 1, -10, 193, 1, 2, 1, 3, -1]
IM-000000011686659-AP11.png ::::::::: [-3, -2, -4, -5, 5, 2, 14, 4, 7, 7, 5, 14, 2, 3, 2, 15, 5, 7, 7, 6, 15, 3, 3, 3, 4, 1, 1]
IM-000000011379333-AP1.png ::::::::: [10, 15, 14, 13, 12, 16, 14, 13, 11, -9, 14, 11]
IM-000000011379443-AP6.png ::::::::: [4, 6, 26, 3, 6, 6, -11, 5, 7, 9, 3, 5, 8, 3, 6]
IM-000000011101911-AP1.png ::::::::: [11, 7, 9, 6, -9, 9, 8]
IM-000000011523182-AP1.png ::::::::: [-3, -2, -4, -6, 4, 4, 6, 5, 27, 3, 3, 4, 4]
IM-000000011741699-AP1.png ::::::::: [5, 4, 2, 2]
IM-000000011378984-AP1.png ::::::::: [10, 3, 16, 20, 21, -8, 23, 2, 9, -7, 3, 8, 3, 9, 1, 9, -7, 3, 10, 2, 9, -8, 3, 11, -7, 5, 12]
IM-000000011379440-AP5.png ::::::::: [10, 8, 7, 7, 5, 8, 9]
IM-000000011379373-AP1.png ::::::::: [-9, 2, -1, -8, 25, -5, 4, 10, 13, -4, 5, 10, 13, -6, 4, 9, 12, -5, 3, 9, 15, -4, 4, 8, 14, 5, 8]
IM-000000011285439-AP1.png ::::::::: [10, 0]
IM-000000011143059-AP1.png ::::::::: [6, 4, 5, 10, 6, 7, 12]
IM-000000011583836-AP1.png ::::::::: [5, 1, 11, 2, 1, 10, 0, 10, 0, 10, 2, 10, -1, -11]
IM-000000011685260-AP1.png ::::::::: [6, 6, 16, 4, -11, 3]
IM-000000011386904-AP2.png ::::::::: [-3]
IM-000000010731886-AP1.png ::::::::: [5, 1, 1, 1, 9, 0, 1, 2, 1, 11, 0, 0, 1, 1]
IM-000000009479483-AP2.png ::::::::: [2, 1, 6, 5]
IM-000000011143058-AP1.png ::::::::: [6, 4, 4, 9, 5, 4, 6, 7, 6, 10]
IM-000000010301545-AP2.png ::::::::: [2, 5, 4, 24, 5, 14, 5, 4, 16, 4]
IM-000000010534569-AP1.png ::::::::: [-7, -4, -7, 8, 7]
IM-000000010881253-AP1.png ::::::::: [-1, 0, 9, 1]
IM-000000011379343-AP1.png ::::::::: [9, -6, 388, 15, 6, 4]
IM-000000011249371-AP1.png ::::::::: [-9, 21, 8, 6, 9]
IM-000000011186251-AP1.png ::::::::: [8, 8, 4, 5, 3, 16, 4, 4, 18, 8, 4, 4, 3, 14, 0, 2]
IM-000000010638217-AP1.png ::::::::: [8, 10]
IM-000000010865965-AP1.png ::::::::: [12, 3, 3, 4, 4]
IM-000000011380030-AP1.png ::::::::: [3, -1, 16, 3, 4, 2]
IM-000000011249374-AP1.png ::::::::: [4]
IM-000000011386943-AP1.png ::::::::: [2, 27, 3, 36]
IM-000000011387354-AP1.png ::::::::: [12]
IM-000000011378884-AP1.png ::::::::: [3, -2, 19, 2, 5, 2]
IM-000000011378956-AP1.png ::::::::: [3, 6, 5, 5, 6, 3, 4, 4, 4, 5, 5, 4, 1, 5, 5, 5, 5, 5, 5, 5, 5, 5]
IM-000000011322085-AP1.png ::::::::: [7, 1, 3, 8, 1, 1, 7, 1, 3]
IM-000000010865961-AP1.png ::::::::: [13, 4, 3, 3]
IM-000000010712583-AP1.png ::::::::: [13, -5]
IM-000000011379837-AP1.png ::::::::: [4, 3, 3, 1, 14, 3]
IM-000000011344106-AP1.png ::::::::: [-10, 11, 7, 8, 8, 6, 7, 7, 7, 7, 7, 7, 7, 7, 8, 7, 6, 6, 7, 6, 6, 7]
IM-000000010768804-AP1.png ::::::::: [17, 8, 6]
IM-000000010865958-AP1.png ::::::::: [12, -8, 3, 3, 3, 4]
IM-000000011379805-AP3.png ::::::::: [5, -9, 0, 3, 62, 4, 5, 3, 4, 374]
IM-000000010881247-AP1.png ::::::::: [3, 11]
IM-000000011378606-AP3.png ::::::::: [7, -2, -3, -3, -3]
IM-000000011367584-AP1.png ::::::::: [8, 10, -8, 11, 10, 10, 11, 11, 10, 11]
IM-000000011387369-AP1.png ::::::::: [5, 16]
IM-000000009411514-AP1.png ::::::::: [5, 3, 6, 5, 7, 7, 6]
IM-000000011379836-AP1.png ::::::::: [4, 4, 1, 11, 3, 3, 3, 13, 3, 13, 4, 14, 3, 13, 4, 15, 4]
IM-000000010676246-AP1.png ::::::::: [11, -8, 1, 2, 1, 0]
IM-000000011386966-AP1.png ::::::::: [11, 3, 15, -8, 23, 21, 1]
IM-000000011379453-AP2.png ::::::::: [-14, 2, 27, 9, 11]
IM-000000010965479-AP2.png ::::::::: [8, 7, 4, 3, 4, 4, 14, 0, 3, 2, 5, 4, 4, 4, 18, 48, 8, 3, 1, 4, 5, 13, 1, 1, 3, 6, 5, 4, 5, 19]
IM-000000010772103-AP1.png ::::::::: [8, 9, 4, 3, 14, 4, 5]
IM-000000011190599-AP1.png ::::::::: [-3, -6, 11, 7, 7, -8, 6, 9, 8, -3, -4]
IM-000000011379419-AP2.png ::::::::: [-5, 0, -4, 2, 62, 5, 4, 4, 4, -11, 372]
IM-000000011387282-AP1.png ::::::::: [10, 4, 15, 21, 2, 10, 4]
IM-000000011379443-AP9.png ::::::::: [5, 6, 24, 3, 7, 5, 7, 5, 7, 9, 4, 7, 8, 3, 7]
IM-000000009480622-AP1.png ::::::::: [10, 3, 17, 4]
IM-000000011387445-AP1.png ::::::::: [-4, 9, 4, -3, 17, -3, -2, 6, 5]
IM-000000009433102-AP1.png ::::::::: [7, 7, 4, 6]
IM-000000011379657-AP1.png ::::::::: [16, 5, 2, 6, 5, 5, 4, 4, -10, 5, 4, 20]
IM-000000011378804-AP20.png ::::::::: [-3, -2, -3, -5, 16, 5, 6, 4, 3, 18, 3, 6, 4, 16, 5, 4, 4, 4, 16, 4, 7, 3, 15, 5, 5, 3, 3]
IM-000000011379470-AP1.png ::::::::: [-4, -6, -3, 9, -12, 7, 7, 7, 7, 8, 8, 6, 7, 8, -10, -28, -9]
IM-000000011378667-AP1.png ::::::::: [3, 0]
IM-000000011254332-AP1.png ::::::::: [-1, -3, 19, 4]
IM-000000010865975-AP1.png ::::::::: [12, -9, 2, 2, 2]
IM-000000009418599-AP1.png ::::::::: [6, 3, 4, 6, 4, 7, 6]
IM-000000010712587-AP1.png ::::::::: [14, -5]
IM-000000011386871-AP1.png ::::::::: [-2, -5, 17, 5, 7]
IM-000000011098840-AP2.png ::::::::: [2, 14, 3, 2, 5, 4, 4, 3, 4, 4, 4, 4, 3, 4, 4, 3, 3, 3, 4, 3, 3, 3]
IM-000000010929702-AP1.png ::::::::: [-4, -3, -3, -5, 8, 3, 4, 2, 4, 2, 3, -1, 3, 15, 17, 13, 2, 2, 4, 4, 4, 171, 1, 1, 0, 1, 1]
IM-000000011369972-AP1.png ::::::::: [16, 5]
IM-000000010843146-AP1.png ::::::::: [8, 8, 3, 3, 3, 14, 3, 2, 3, 3, 4, 5, 4, 19]
IM-000000011186271-AP1.png ::::::::: [15, 6, 7, 5, 14, 2]
IM-000000011386922-AP1.png ::::::::: [14, 4]
IM-000000011387163-AP1.png ::::::::: [10, 3, 14, 22, 20, -7, 3, 11]
IM-000000011387384-AP2.png ::::::::: [21]
IM-000000010585549-AP1.png ::::::::: [9, 8, 7, 7, 7, 7, 8, 8, 7, 6]
IM-000000011379120-AP1.png ::::::::: [0, 0, 10, 2]
IM-000000010772396-AP1.png ::::::::: [-6, -6, 10, 7, 8, -8, 6, 6]
IM-000000010662988-AP1.png ::::::::: [5, 6, 4, 8]
IM-000000011378804-AP22.png ::::::::: [-3, -2, -3, 5, 3, 5, 4, 5, 16, 3, 7, 4, 15, -63, -62, 4, 5, 17, 3, 6, 4, 15, 6, 5, 3, 5]
IM-000000011386948-AP1.png ::::::::: [3, 26, 3, 16, 4, 16, 3, 17, 4, 16, -3, 4, 16, 5, 17, 4, 4, 16, 3, 17, 4, 4, 15, 4]
IM-000000011379149-AP1.png ::::::::: [10, 4, 2, 0, 13, 3, 4]
IM-000000011186251-AP2.png ::::::::: []
IM-000000011143056-AP1.png ::::::::: [5, 5, 5, 9, 4, -12, 6, 6, 7, 10, 20, 7, 6, 8, 8, 13]
IM-000000009436489-AP1.png ::::::::: [14, 9, 26, 55, 26]
IM-000000010772567-AP1.png ::::::::: [5, 7, 4, 5, 2, 2, 12, 4, 4, 18]
IM-000000011378639-AP1.png ::::::::: [8, -1, -2, -2, -3, 8, 3, 6, 7, 18, 8, 7, 19, 2, 19, -9, 6, 22, 4, 20, 3, 22, 6, 23, 3]
IM-000000010755800-AP2.png ::::::::: [7, -1, -2, -2, -3, 8, 17, 5]
IM-000000011369019-AP39.png ::::::::: [13, 4, 4, 4, 4]
IM-000000011249355-AP1.png ::::::::: [8, 7, 5, 17, 2, 3]
IM-000000011379276-AP2.png ::::::::: [5, -5, 0, -3, 3, 62, 3, 3, 4, 4, 374]
IM-000000010663073-AP1.png ::::::::: [6, 3, 1, 13, 1, 1]
IM-000000011677806-AP1.png ::::::::: [19, 7, 12, 7, 14, 6, 14, 7]
IM-000000011379530-AP1.png ::::::::: [3, 5, 3]
IM-000000011379972-AP1.png ::::::::: [4, 5]
IM-000000010676276-AP1.png ::::::::: [10, 0, 1, 1]
IM-000000011101899-AP1.png ::::::::: [9, 8, 2, 3, 4, 13, 3, 5]
IM-000000010733603-AP1.png ::::::::: [20, 3, 3, 3, 5, 15, 3, 15, 3, 5, 2, 11, 2, 5, 14, 2, 1, 1]
IM-000000011369019-AP2.png ::::::::: [13, 4, 4, 4, 4]
IM-000000011386671-AP2.png ::::::::: [6, 0, -1, -10, -7, -5, -4, -5, -7, -4, -3, -1, 6, 3, 15, 6, 7, 14, 4, 5, 15, 4, 7, 15, 4, 6, 15, 4, 3, -6, 15, 5, 4, 16, 6, 5, 16, 6, 6]
IM-000000011459575-AP11.png ::::::::: [-3, -4, -5, -4, 5, 3, 13, 2, 12, 3, 6, 4, 15, 2, 14, 4]
IM-000000011387583-AP1.png ::::::::: [-8, 10, 3]
IM-000000011367517-AP1.png ::::::::: [9, 6]
IM-000000011378874-AP1.png ::::::::: [11, 21, -7, 21]
IM-000000011686659-AP12.png ::::::::: [-4, -2, -4, -5, 3, 13, -9, 5, 9, 5, 5, 14, 3, 3, -125, -69, 3, 3, 15, 4, 8, 7, 4, 15, 0, 2, 3]
IM-000000010865935-AP1.png ::::::::: [12, 4, 5, 4, 4]
IM-000000011249352-AP1.png ::::::::: [-10, 12, 7, 8]
IM-000000011186273-AP1.png ::::::::: [15, 7, 13, 0]
IM-000000010948372-AP1.png ::::::::: [-4, -3, -3, -2, 6, -9, 3, 4, 15, 15, 15, 3, 0, 4, 4, 4, 2, 1, 5, 4, 4, 2, 4, 159, 2, 1, 0, 3, 2]
IM-000000011379204-AP1.png ::::::::: [11, 3, 9, 3, 16, 20, 2, 9, -7, 3, 8, -8, 3, 9, 3, 12, 3]
IM-000000011386879-AP1.png ::::::::: [-4, -9, -3, 17, 5, 9, 5, 8, 4, 9, 3, 9, 5, 9, 6, 9, 4, 10, 4, 7, 3, 9, 5, 6, 4, 8, 5]
IM-000000010965551-AP1.png ::::::::: [-7, 3, -8, -7, -2, 0, -1]
IM-000000010652229-AP1.png ::::::::: [-1, -1, 5, -7, 8, 7, 6, -7, 7, -6, 6, 7]
IM-000000011378804-AP17.png ::::::::: [-3, -2, -3, -6, 5, 4, 6, 5, 16, 4, 5, 4, 5, 17, 5, 7, 4, 15, 4, -109, -81, 2, 13, -9, 4, 8, 3, 15]
IM-000000010952149-AP1.png ::::::::: [8, 9, 3, 16, 2, 4, 20, 8, 18, 3, 5]
IM-000000011378619-AP1.png ::::::::: [6, -3, -2, -3, -3, 7, 6, 6, 17, 8, 7, 19, 3, 5, 24, 4, 5, 23, 4, 5, 22, 4, 5, 22, 3, 6, 21, 3, 7, 20, 4, 5, 22, 5]
IM-000000011286384-AP1.png ::::::::: [13, 5, 4, 5, 4]
IM-000000011379456-AP4.png ::::::::: [4, 5, 5, 3]
IM-000000011796877-AP1.png ::::::::: [1, -9, 548]
IM-000000011379263-AP1.png ::::::::: [-3, -4, 17, 4, 8]
IM-000000011378611-AP4.png ::::::::: [-3, -3, -3, -3, 8, 5, 23, 4, 5, 6, 6, 24, 4, 4, 6, 5, 23, 4, -6, 6, 7, 5, 22, 3, 3, 4, 6, 23, 4, 4, 6, 5, 35]
IM-000000010842434-AP1.png ::::::::: [13]
IM-000000011102079-AP1.png ::::::::: [12, 7, 8, 8, 7, 6, 7, 7, 7]
IM-000000011794225-AP1.png ::::::::: [8, -2, -2, -2, -3]
IM-000000011378593-AP1.png ::::::::: [7, -1, -2, -4, -4, 8, 6, 6, 5, 18, 8, 9, 19, 4]
IM-000000011310221-AP1.png ::::::::: [0, 15, 14, 15, 12, 110, 4, 366]
IM-000000011386715-AP1.png ::::::::: [13, -1, -5, 12, -4, -3, 11, -5, -2, 12, -2]
IM-000000011387232-AP1.png ::::::::: [-2, -4, 15, 3, 4, 10, 3, 3]
IM-000000010832526-AP1.png ::::::::: [10, 7, 9, 8, 8, 7, 7]
IM-000000011386881-AP2.png ::::::::: [-3, -10, -4, 17, 4, 7, 4, 8, 4, 8, 4, 9, 4, 9, 3, 9, 5, 10, 5, 8, 5, 6]
IM-000000010679224-AP1.png ::::::::: [4, 2, 1, 2]
IM-000000011379508-AP1.png ::::::::: [13, 5, 6]
IM-000000011387155-AP1.png ::::::::: [11, 3, 9, -7, 4, 10, 1, 9, 3, 8, -8, 4, 11, 3, 12, 3, 12, 3]
IM-000000011386728-AP1.png ::::::::: [11, 3, 11, 3, 15, 21, -7, 23, 3]
IM-000000011386739-AP1.png ::::::::: [16, 7, 11, 13, 8, 10, 12, 12, 11, 10, 12, 12, 11, 11, 13, 12, 12, 9, 11, 9, -7, 9, 10]
IM-000000011064237-AP1.png ::::::::: [-4, -2, -5, 22, 5, 8, -9, 16, -10, 3, 7, -11, -8, 5, 8, 17, 15, 4, 10, 4, 9, 3, 10, 14, -10, 14]
IM-000000011102691-AP1.png ::::::::: [-12, 8, 8, 17, 3, 3, 5, 4, 4, 5, 4, 4, 4, 4]
IM-000000011379685-AP1.png ::::::::: [7]
IM-000000011379440-AP7.png ::::::::: [9, 8, 7, 8, 7, 9, 8]
IM-000000011379440-AP2.png ::::::::: [9, 7, -11, 8, 6, 10, 6, 10, 4, 11, 9]
IM-000000011310474-AP18.png ::::::::: [19, 5, 6, 5, 5, 4, 5, 6, 5, 6, 6, 6, 6, 5, 6, 6, 5, 7, 7]
IM-000000011387317-AP1.png ::::::::: [18, 4, 6, 6, 5]
IM-000000010809068-AP4.png ::::::::: [10, -7, 1, 0, 0, 1]
IM-000000011379309-AP1.png ::::::::: [10, 3, 16, 21, 22, -7, 3, 12]
IM-000000011186432-AP1.png ::::::::: [13, 4, 5, 3]
IM-000000011378578-AP1.png ::::::::: [7, -3, -2, -2, -2]
IM-000000010842922-AP1.png ::::::::: [-4, -4, -3, 7, -9, 4, 3, 4, 4, 15, 16, 14, 2, 0, 4, 5, 4, 1, -11, 205, 2, -1, 0, 2, 1]
IM-000000011143055-AP1.png ::::::::: [6, 5, 4, 8, 6, 8, 11]
IM-000000011598501-AP1.png ::::::::: [-5, -1, 3, 4, 2, 352]
IM-000000011387279-AP1.png ::::::::: [11, -9, -1, 0, 3, 1, 1]
IM-000000011386696-AP2.png ::::::::: [-3, 10, 5, -3, -2, 5, 5, 6, 5, 4, -3, -2, 4, 5, 5, 5]
IM-000000011201057-AP1.png ::::::::: [2, 15, 2, 4, 3, 3, 3, 3, 4, 3, 4, 3, 4]
IM-000000011378635-AP2.png ::::::::: [7, -3, -1, -2, -3]
IM-000000011387399-AP1.png ::::::::: [7, 1, 13, 5, 3]
IM-000000011379481-AP1.png ::::::::: [-12, 4, 28, 4, 4, 2, 7, 15]
IM-000000011386898-AP1.png ::::::::: [-2, -5, 16, 5, 7]
IM-000000011387483-AP1.png ::::::::: [-1, -5, 16, 3, 1, 4, 5, 6, 3, 3, 3, 3, 4, 4, 4, 5, 5, 4, 4, 5]
IM-000000011379799-AP1.png ::::::::: [-6, 0, -3, 3, 19, 9, 59, 6, 34, 9, 59, 1, -3, 3, 197]
IM-000000011127054-AP1.png ::::::::: [-1, 14, 15, 14, 14, 13, 86, 4, 365]
IM-000000011459575-AP5.png ::::::::: [-3, -2, -3, -5, 4, 3, 8, 5, 14, 3, 3, 14, 3, 7, -49, -54, 1, 2, 13, 3, 8, 3, 15, 3, 1, 15]
IM-000000010473802-AP1.png ::::::::: [4, 4, 4, 7]
IM-000000010865976-AP1.png ::::::::: [-10, 12, 3, 1, 3, 2, 3]
IM-000000011387035-AP2.png ::::::::: [1, -11, 3, 18, 4, 19, 3, 17, -11, 4, 19, 4, 3, 30, 5, 32, -10, 3]
IM-000000011379916-AP1.png ::::::::: [13, 5, 4, 5, 5, 357, -10]
IM-000000011387188-AP1.png ::::::::: [7, 9, 8, 7, 8, 24, 25, 20]
IM-000000011379818-AP2.png ::::::::: [-11, -1, 2, 19, 7, 60, 3, 0, 31, 9, 58, 7, 34, 10, 58, 8, 32, 20]
IM-000000010288286-AP1.png ::::::::: [-2, -3, 12]
IM-000000010831843-AP5.png ::::::::: [11, 7, 7, 8, 8, 8, 8, 8, 9, 8, 8, 8, 8, 9, 9, 9, 8, 8, 8, 8, 8, 9, 8, 8]
IM-000000011379353-AP1.png ::::::::: [1, 14, 14]
IM-000000010652236-AP1.png ::::::::: [-1, -2, 4, 6, 7, 7, 5]
IM-000000010831546-AP1.png ::::::::: [-9, 11, 0, 2, 2]
IM-000000010579474-AP2.png ::::::::: [0, 32, 32, 40, 6, 4, 4, 15, 5, 4, 3, 17, 1, 3]
IM-000000011386731-AP1.png ::::::::: [15, 9, 11, 11, 9, 11, 10, 13, 10, 10, 11, 9, -8, 11, 10, 11, 11, 11, 10, 11, 9, 10, 11]
IM-000000011101917-AP1.png ::::::::: [9, 9, 2, 4, 3, 13, 3, 4, 18]
IM-000000011513089-AP1.png ::::::::: [10, 4, 4, 4, 4, 4, 4, 5, 5]
IM-000000010708248-AP1.png ::::::::: [8, 7, 3, 5, 13, 3, 5]
IM-000000009428244-AP1.png ::::::::: [14, 11, 27]
IM-000000011386927-AP1.png ::::::::: [-5, 0, 9, 11, 2, 14, 3, 12, 3, 11, -11, 3, 12, -10, 2, 12, 2, 5, 14, 1, 5, 14, -10, 1, 13, 2, 13, -10, 3, 3, 13, 2]
IM-000000010741418-AP1.png ::::::::: [4, 3, 1, 2, 4, 3, 1, 1, 4, 2, 2, 2, 7, 3, 2, 3]
IM-000000011322047-AP1.png ::::::::: [7, 8, 3, 4, 5, 14, 5, 3, 4, 4]
IM-000000009793863-AP1.png ::::::::: [4, 19, 18, 5, 4, 4, 8, 3, 4]
IM-000000009930263-AP2.png ::::::::: [8, 2, 2, 1, 4, 3, 3, 3, 3, 2, 1, 2, 3, 3, 2, 3, 4, 4]
IM-000000010881232-AP1.png ::::::::: [4, 2, 2, 12, 2, 2]
IM-000000010901645-AP1.png ::::::::: [-4, -4, -3, 8, 2, 3, 4, 4, 15, 16, 14, 2, 0, 4, 3, 3, 2, 0, -7, 196, 2, -1, 0, 2, 1]
IM-000000011186378-AP1.png ::::::::: [14, 5, 4, 3, 4]
IM-000000011378608-AP1.png ::::::::: [7, -1, -1, -3, -4]
IM-000000010731885-AP1.png ::::::::: [5, 2, 2]
IM-000000011387035-AP1.png ::::::::: [3, 5, 3, 16, 4, 18, 3, 4, 15, -10, 3, 16, -10, 4, 19, 5, 3, 31, 5]
IM-000000011379424-AP2.png ::::::::: [2, 23, 4]
IM-000000011387644-AP1.png ::::::::: [-4, -4, 23, 11]
IM-000000010733588-AP1.png ::::::::: [-10, 21, 3, 1, 2, 14, 4, 6, 2, 13, 4, 6, 2]
IM-000000009457732-AP1.png ::::::::: [23, 5, 25, 6, 25, 5, 25, 5, 26, 6]
IM-000000011386760-AP1.png ::::::::: [38, -3, -3, 34, 37]
IM-000000011269479-AP1.png ::::::::: [4, 13, 6, 12, 14, 13, 13, 12, 11, 13, 14, 14, 12, 13, 13, 12, 13, 5, 14]
IM-000000011386720-AP1.png ::::::::: [19, 7, 4]
IM-000000011379278-AP2.png ::::::::: [8, 12, 6, 4, 5, 5, 4, 5, 7, 6, 12, 4, 4, 4, 6, 5, 6, 8, 12, 6, 5, 4, 5, 5, 5, 6, 9, 12, 6, 5, 5, 4, 6, 4, 6, 9, 12, 5, 4, 5, 3, 5, 6]
IM-000000011379715-AP2.png ::::::::: [13, 3, 8, 10, 6]
IM-000000011387123-AP1.png ::::::::: [4, 8, -9, 24, 25]
IM-000000010663061-AP1.png ::::::::: [6, 3, 1, 13, 1, 1]
IM-000000011378649-AP2.png ::::::::: [-2, -3, -1, -3]
IM-000000011379623-AP1.png ::::::::: [15, 8, 6, 7]
IM-000000011379554-AP1.png ::::::::: [8, 6, 9, 17, 5, 8, 16, 7, 6, 6]
IM-000000011387345-AP1.png ::::::::: [0, 0, 21, 3]
IM-000000011386693-AP1.png ::::::::: [-3, 10, 5, -4, -2, 5]
IM-000000011379198-AP1.png ::::::::: [5]
IM-000000011379016-AP1.png ::::::::: [14, 4, 5]
IM-000000011500982-AP1.png ::::::::: [3, 5, 4, 5, 7, 5, 5, 7]
IM-000000010865953-AP1.png ::::::::: [12, 4, 3, 4, 4]
IM-000000011379668-AP1.png ::::::::: [9]
IM-000000010952151-AP2.png ::::::::: [9, 8, 4, 2, 3, 14, -1, 1, 4, 3, 4, 17, 45, 9, 3, 4, 2, 14, 4, 3, 4, 1, 3, 16]
IM-000000010756064-AP1.png ::::::::: [11, 8, 6, 7]
IM-000000011667222-AP1.png ::::::::: [4, 1, 9, 2, 450]
IM-000000011379382-AP3.png ::::::::: [2, 0, -6, 18, 13, -5, 3, 9, 14, -5, 2, 8, 12, -4, 5, 9, 13, -4, 4, 8, -10]
IM-000000011386959-AP1.png ::::::::: [2, 4, 1, 18, 2, 3, 30, 2, 18, 5, 19, 5, 21, 3, 18, 6]
IM-000000011459575-AP4.png ::::::::: [-5, -3, -3, -5, 3, 3, 7, 4, 15, 3, 2, 14, 3, 6, 4, -45, -45, 2, 15, 3, 6, 4, 14, 4, 4]
IM-000000011379381-AP1.png ::::::::: [3, 1, 23, -6, 4, 7, -9]
IM-000000011387374-AP1.png ::::::::: [21, -8, 102, 8]
IM-000000011387413-AP1.png ::::::::: [10, 3, 16, 20, 22, 1, 8, 21, 2, 8, -7, 3, 10, -7, 4, 15, 2, 16, 4]
IM-000000009411510-AP3.png ::::::::: [5, 7, 6, 6, 6, 4, 4]
IM-000000011387362-AP1.png ::::::::: [12]
IM-000000011333685-AP1.png ::::::::: [10, 7, 8, 8, 7, 6, 8, 8, 5]
IM-000000009423673-AP1.png ::::::::: [3, 2, 14, 3]
IM-000000011386960-AP1.png ::::::::: [10, 3, 16, 21, 2, 9, 1, 9, -7, 4, 15, 3, 16, 1]
IM-000000011379109-AP1.png ::::::::: [15, 8, 7, 9, 7, 8, 10]
IM-000000011387606-AP1.png ::::::::: [5, 15, 4, 4, 4, 4]
IM-000000011379814-AP2.png ::::::::: [-6, -1, -4, 4, 17, 33, 10, 60, 6, 33, 9, 60, 7, 172]
IM-000000011435888-AP1.png ::::::::: [1, 548]
IM-000000011379589-AP1.png ::::::::: [12, 17, 3, 1, 1, 3]
IM-000000010652233-AP1.png ::::::::: [-3, -2, 4, 5, -10, 6]
IM-000000010963995-AP1.png ::::::::: [12, 5, 6, 5]
IM-000000009411514-AP2.png ::::::::: [4]
IM-000000011369019-AP27.png ::::::::: [13, 4, 4, 5]
IM-000000011378710-AP1.png ::::::::: [-10, 20, 12, 12]
IM-000000011387240-AP1.png ::::::::: [11, 3, 8, 2, 8, 2, 15, -7, 23, 21, 0, 9, 20, 2, 9, -7, 3, 10]
IM-000000011379561-AP1.png ::::::::: [12, 14, 61, 7, 31, 9, 8]
IM-000000010663071-AP1.png ::::::::: [5, 0]
IM-000000011548113-AP1.png ::::::::: [-2, -4, 25, 24, 23, 23, 23, 23, 22, 22, 24]
IM-000000011378644-AP1.png ::::::::: [-3, -2, -1, -4, 8, 7, 5, 17, 8, 8, 19, 5, 21, -8, 6]
IM-000000010756067-AP1.png ::::::::: [10, 8, 7, 7, 8, 8]
IM-000000011378579-AP2.png ::::::::: [6, -3, -2, -2, -2]
IM-000000011379952-AP1.png ::::::::: [13, 5, 4, 4, 5, 4, 5, 5, 5, 4, 4, 3, 5, 4, 4, 4, 19]
IM-000000011386921-AP1.png ::::::::: [14, 6]
IM-000000011343859-AP1.png ::::::::: [7, 1, -1]
IM-000000011249351-AP1.png ::::::::: [9, 7, 7]
IM-000000011857053-AP1.png ::::::::: [7, 10, 11, 10, -7, 10, 9, 10, 8, 10]
IM-000000011379522-AP1.png ::::::::: [12, 4]
IM-000000009564047-AP1.png ::::::::: [1, 4, 32, 4, 4]
IM-000000011387473-AP1.png ::::::::: [-3, 10, 5, -5, -3, 5, 3, 4, 4, 2, -3, -2, 5, 2, 5, 5]
IM-000000011378804-AP15.png ::::::::: [-3, -2, -3, -6, -7, 4, 3, 7, 2, 16, 3, 4, 4, 4, 16, 2, 6, 1, 15, 6, 5, 5, 1, 15, 2, 6, 3, 13]
IM-000000010733569-AP1.png ::::::::: [21, 3, 5, 4, 13, 3, 16, 4, 15, 3, 5, 2, 3, 16, 5, 5, 5]
IM-000000011387376-AP1.png ::::::::: [3, 4, 5, 5, 2, 6, 5, 6]
IM-000000011186395-AP1.png ::::::::: [13, 5, 5, 4, 4]
IM-000000010756065-AP1.png ::::::::: [10, 9, 8, 8]
IM-000000011387161-AP1.png ::::::::: [9, 3]
IM-000000011143054-AP1.png ::::::::: [6, 2, 3, 10, 7, 6, 6, 11]
IM-000000011200858-AP1.png ::::::::: [10, 14, 13, 13]
IM-000000011379256-AP1.png ::::::::: [4, 3, 3, 3, 5, 3, 4, 3, 4, 2]
IM-000000011386972-AP1.png ::::::::: [10, 3, 14, 22, 21, 2, 9, 20, 3, 10, 3, 10, 2, 9, 2, 11, -7, 4, 15, 3, 16]
IM-000000011379650-AP2.png ::::::::: [1, 5, 7, 4, 4, 4, 6, 4, 3, 4, 5, 4, 4, 4, 5, 5, 4, 3, 5, 6, 4, 5, 5, 6, 5, 4, 4, 5, 5, 5, 6, 6, 5, 5, 4, 6, 4, 4, 5, 6, 6, 4, 4, 4, 4, 5, 4, 5, 4, 6, 5, 4, 6]
IM-000000011379909-AP1.png ::::::::: [13, 4, 4, 4, 5, 5, 4, 3, 316, -11]
IM-000000009457731-AP1.png ::::::::: [24, 4]
IM-000000011379196-AP1.png ::::::::: [3]
IM-000000011143056-AP2.png ::::::::: [5, 4, 4, 10, 6, 5, 5, 2, 4, 11, 19, 6, 8, 6, 7, 4, 7, 10, 19, 5, 7, 8, 7, 7, 13, 18, 7, 6, 8, 7, 7, 12]
IM-000000011379574-AP1.png ::::::::: [9, 11, 5, 8, 9, 10, 6]
IM-000000011188933-AP1.png ::::::::: [9, 10, 11]
IM-000000010759568-AP1.png ::::::::: [23, -12, 7]
IM-000000011802745-AP1.png ::::::::: [10, 6, 8, 7]
IM-000000010652231-AP1.png ::::::::: [-1, -1, 4, 6, 7, 5, -7, 5, 6, 6]
IM-000000011191756-AP1.png ::::::::: [4, 14, 6, 12, 12, 11, 12, 5, 13, 11, 4]
IM-000000010557088-AP1.png ::::::::: [7, 7, 7, 6, 8, 8, 7, 6, 9, 8]
IM-000000011387111-AP1.png ::::::::: [3, -13, -13]
IM-000000010733583-AP1.png ::::::::: [21, 3, 2, 3, 15, 4, 15, 2, 14, 4, 6]
IM-000000011387418-AP1.png ::::::::: [-12, 12, 2, 3, -3, 12, 13, 5, 3, -6, 5, 10, 13, 3, 3, -6, 7, 13, 13, 4, 4, -5, 6, 12]
IM-000000010617010-AP1.png ::::::::: [-5, -6, 17, 4, 4, 4]
IM-000000011186404-AP1.png ::::::::: [13, 4, 4, 3]
IM-000000010579474-AP1.png ::::::::: [-1, 32, 8, 6, 6, 6, 7, 7, 8, 6, 8, 8, 7, 6, 7, 8, 7, 6, 7, 7, 7, 5, 7, 7, 7, 17]
IM-000000011188934-AP1.png ::::::::: [9]
IM-000000011343294-AP2.png ::::::::: [-5, -4, 4, -3, -4, 5, -4, -4, 4, -3, -3, 4, -3, -4, 4, 2, 2, 5, -4, -4]
IM-000000010529633-AP1.png ::::::::: [12, 7, 5, 6, 6, 6, 5, 6, 5, 5, 6, 5, 5, 5]
IM-000000010892936-AP1.png ::::::::: [10, 2, 3, 3, 1, 4, 3, 4, 2, 0, 17, 2, 2, 2, 2, 52, -11, 6, -10, 9, 13, 2, 3, 2, 2, 52, -10, 6, -10, 9, 14, 3, 3, 2, 55, -10, 7, -9, 10, 32]
IM-000000011378661-AP1.png ::::::::: [7, -2, 0, -2, -2]
IM-000000011379461-AP16.png ::::::::: [1, 1, 23, -5, 4, 8]
IM-000000010865955-AP1.png ::::::::: [11, 4, 4, 5, 4]
IM-000000011387673-AP1.png ::::::::: [-8, -3, -3, 12, 279]
IM-000000011378814-AP2.png ::::::::: [-3, -4, 4, -2, -4, 5, 1, -1, 4, -2, -6, 5, -4, -4, 5, -2, -3]
IM-000000011310368-AP1.png ::::::::: [8, 8, 3, 4, 3, 16, 4, 5]
IM-000000011379366-AP1.png ::::::::: [3, 2, 3, 6, 6, 0, -13, -11, 6, 6]
IM-000000011379642-AP1.png ::::::::: [13, 3, 8]
IM-000000011459351-AP1.png ::::::::: [16, 4, 4, 14, -1, 4]
IM-000000011379891-AP1.png ::::::::: [14, 5, 6, 3, 5, 358]
IM-000000011286382-AP1.png ::::::::: [-11, 14, 5, 4, 4]
IM-000000011379818-AP3.png ::::::::: [-5, 0, -5, 4, 22, 60, 9, 33, 8, 59, 8, 34, 10, 61, 8, 34, 9, 26]
IM-000000011379754-AP1.png ::::::::: [3]
IM-000000011378600-AP1.png ::::::::: [8, -2, -3, -2, -3, 8, 4, 6, 16, 8, 8, 19, 4, 24, 6, 22, 6, 22, 4, 23, 3, 22, 3, 22, 5, 22, 5, 21, 5, 33]
IM-000000011379222-AP1.png ::::::::: [7, 5]
IM-000000011379823-AP1.png ::::::::: [10, -4, -5, 7, 11, -5, -4, 8]
IM-000000011379445-AP6.png ::::::::: [3, -12, 6, 24, 3, 6]
IM-000000011379510-AP1.png ::::::::: [6, 19, 4, 5, 5, 4, 5, 5, 6, 6, 6, 6]
IM-000000011550130-AP2.png ::::::::: [-2, -3]
IM-000000011387464-AP2.png ::::::::: [-3, 9, 4, -3, -2, 5, 5, 6, 5, 4, -3, -2, 4, 4, 5, 5, 3, -3, -2, 4, 3, 5, 5, 3, -3, -2, 5, 5, 5, 4]
IM-000000011379500-AP1.png ::::::::: [13, 2]
IM-000000011102001-AP1.png ::::::::: [6, 18, 3, 21, 4, 17, 4]
IM-000000011386948-AP2.png ::::::::: [-6, 1, 12, 3, 17, 3, 17, 3, 15, 4, 15, 4, 16, 4, 17, 3, 17, 3, 17, 4, 18, 3, 17, 3]
IM-000000010881208-AP1.png ::::::::: [4, 0, 2]
IM-000000011386730-AP1.png ::::::::: [16, 10, 10, 11, 10, 10, 11, 12, 13, 10, 10, 10, 11, 11, 11, 12, 12, 8, 11, 7, -8, 10, 9]
IM-000000011379780-AP1.png ::::::::: [5]
IM-000000010529107-AP1.png ::::::::: [-5, -5, 8, 15]
IM-000000010904574-AP1.png ::::::::: [8, 7, 4, 3, 3, 15, 4, 3, 5, 5, 4, 5, 4, 4, 4, 4, 4, 5, 3, 19]
IM-000000010733602-AP1.png ::::::::: [19, -11, 4, 13, -12, 4, 5, 16, 3, 1, -12, 1]
IM-000000010733573-AP1.png ::::::::: [-10, 20, 3, 15, 3, 4, 1, 11, 2, 6, 13, 6, 6, 5]
IM-000000011379973-AP1.png ::::::::: [4, 3, -10, 5, 5, 3, -10, -10, 5]
IM-000000010965479-AP3.png ::::::::: []
IM-000000011378779-AP1.png ::::::::: [8, 3]
IM-000000011379401-AP2.png ::::::::: [3, 0, -7, 23, -4, 3, 5, -10, 13, -6, 5, 9]
IM-000000011386905-AP1.png ::::::::: [-3, -10, -4, 17, 5, 6]
IM-000000011511178-AP1.png ::::::::: [6, 2, 0, 12, 2, 0]
IM-000000010890124-AP1.png ::::::::: [-5, -5, -3, 7, 2, 16, 16, 15, 2, 2, 4, 4, 3, 2, -10, 241, 1, 2, 1, 2, 0]
IM-000000011143060-AP1.png ::::::::: [5, 4, 3, 10, 7, 5, 7, 5, 10]
IM-000000011379333-AP2.png ::::::::: [13, 15, 14, 12]
IM-000000011370742-AP1.png ::::::::: [8, 7, 4, 4, 2, 13, 3, 4]
IM-000000011387105-AP1.png ::::::::: [3, -13]
IM-000000011378803-AP1.png ::::::::: [1, -5, 127]
IM-000000010865989-AP1.png ::::::::: [-8, 7, -9, -3, -1, -2, 0]
IM-000000011386934-AP2.png ::::::::: [1, 8, 2, 12, -12, 1, 11, -13, -11, 3, 13, 2, 13, 3]
IM-000000011386944-AP1.png ::::::::: [2, 28, 3, 5, 36, 17]
IM-000000011378586-AP1.png ::::::::: [8, -2, -2, -3, -3, 8, 4, 6, 17, 8, 8, 19, 4, 6, 6, 6, 22, 5, 5, 6, 5, 23, 5, 6, 6, 5, 23, 5, 6, 6, 7, 23, 3, 5, 6, 5, 23]
IM-000000010638076-AP1.png ::::::::: [11]
IM-000000010655224-AP1.png ::::::::: [8, 9, 2, 5, 4, 13, 1, 5, 19]
IM-000000011378913-AP1.png ::::::::: [13, 3, 216]
IM-000000010819088-AP6.png ::::::::: [6, 5, 5, 6, 17, 5, 1, 5, 4, 4, 14, 6, 3, 5, 17, 6, 5, 2, 4, 4, 4, 14, -10, 7, 4, 6, 17, 4, 6]
IM-000000011378631-AP1.png ::::::::: [8, -2, -1, -2, -3]
IM-000000011379338-AP1.png ::::::::: [5, 21, 8, 7, 6]
IM-000000011387010-AP1.png ::::::::: [4, 4, 5, 2, 1, -11, 4, 3, 6, 33, 5, 63, 6, 6, 7, 6]
IM-000000011379382-AP2.png ::::::::: [3, 0, -7, 24, -4, 3, 9, 14, -5, 4, 10, 15, -4, 4, 9, 14, -4, 5, 8, 11, -4, 4, 6, 13, -4, 4, 9, 13, -4, 5, 8, 12, -4, 5, 7, -10, -8, 14, 2]
IM-000000010071904-AP1.png ::::::::: [5, 17, 10, 5, 6]
IM-000000010814247-AP1.png ::::::::: [9, -11, 8, 14, 12, 8, 12, 14, 8, 13]
IM-000000011379588-AP1.png ::::::::: [-7, 19, 3, 4, 2, 0]
IM-000000011379361-AP1.png ::::::::: [9, 3, 5, 5, 4, 4, 4, 2, 3, 3, 5, 4, 4, 3, 5, 4, 6]
IM-000000011379412-AP1.png ::::::::: [14, -7, 6, 6, 11, 8, 9, 14, 7, 9]
IM-000000011249368-AP1.png ::::::::: [-8, 24, 7, 6, 7, 7, 6, 8, 7]
IM-000000011387565-AP1.png ::::::::: [5, 7, 14, -3]
IM-000000009466516-AP1.png ::::::::: [5, 2, 13, 5]
IM-000000011378898-AP1.png ::::::::: [0, 0, 10, 2]
IM-000000010662990-AP1.png ::::::::: [5, 6, -5, 5, 8]
IM-000000011378615-AP2.png ::::::::: [8, -1, -1, -2, -3, 7, 23, 4, 4, 34]
IM-000000011387521-AP2.png ::::::::: [18, -3, -3]
IM-000000011378648-AP2.png ::::::::: [6, -4, -3, -2, -2]
IM-000000011343858-AP1.png ::::::::: [6, 1, 0, 8, 1, 2]
IM-000000011379801-AP1.png ::::::::: [-7, 0, -3, 2, 21, 8, 58, 7, 120, 5, 5, 4, 4, 180]
IM-000000011379101-AP2.png ::::::::: [5, 12, 21, 5, 5, 7, 5, 23, 4, 5, 8, 23, 22, 7, 5, 7, 22, 6, 5, 6, 144]
IM-000000011253951-AP2.png ::::::::: [16, 2, 4, -3, -4, 1, 3, 29, 3, 5, -3, -2, 2, 3]
IM-000000011386923-AP1.png ::::::::: [14, 5]
IM-000000011387230-AP2.png ::::::::: [2, 64]
IM-000000010854737-AP1.png ::::::::: [7, 7, 4, 3, 2, 15, 4, 3, 5]
IM-000000010731884-AP1.png ::::::::: [6, 3, 1, 1, 0]
IM-000000011386879-AP3.png ::::::::: [-1, -4, 16, 4, 7, 4, 8]
IM-000000011387630-AP1.png ::::::::: [15, 2, 4, 9, 3, 0, 9, 1, 5, 8, 3, 2, 10, 2, 4]
IM-000000011387385-AP1.png ::::::::: [12, 3, 4, 2, 12, 12]
IM-000000011387485-AP1.png ::::::::: [-1, -4, 16, 4, 2, 4, 4, 5, 2, 2, 4, 4, 5, 4, 6, 5, 4, 4, 8]
IM-000000011254336-AP1.png ::::::::: [-3, -5, 18, 4]
IM-000000011127055-AP1.png ::::::::: [-3, 14, 174, 5]
IM-000000010859297-AP1.png ::::::::: [11, 7, 7, 6, 6, 7]
IM-000000009677502-AP1.png ::::::::: [-7, 0, 10, 10, 2, 3, 66, 7]
IM-000000011379058-AP1.png ::::::::: [13, 4, 6]
IM-000000011379262-AP2.png ::::::::: [-3, -8, -2, 31, 8, 8, 8, 9, 6, 8]
IM-000000011379334-AP1.png ::::::::: [10, -6, 6, -6, 20, -6, 6, -7, 5, 18, 5, 3, 259, 17, 4, 3]
IM-000000010854739-AP1.png ::::::::: [-11, 7, 8, 3, 2, 3, 14, 3, 3, 5]
IM-000000011379430-AP2.png ::::::::: [12, 6]
IM-000000011186418-AP1.png ::::::::: [-10, 14, 4, 4, 4, 4]
IM-000000011379369-AP1.png ::::::::: [6, 9, 6, 3, 6, 4, 6, 4]
IM-000000011284773-AP1.png ::::::::: [6, 19, 2, 4, 6, 9, 4, 5]
IM-000000010733581-AP1.png ::::::::: [-9, 19, 3, 1, 3, 15, 3, 3, 4, 15, 4, 2, -12, 1, 4, 14, -12, 4, 2, 5, 13, 4, 1, 1]
IM-000000011379595-AP1.png ::::::::: [19, 3, 3, 1, 1]
IM-000000011678625-AP1.png ::::::::: [12, 3, 4, 34, 23, 5, 7, 6, 55, 7, 8, 8, 9, 22, -11, 21, 6, 6, 7, 20, 6]
IM-000000010840195-AP1.png ::::::::: [7, 11, 10, 11, 11, 11, 10, 11, 10]
IM-000000010733591-AP1.png ::::::::: [21, 2, 2, 3, 3, 13, 4, 3, 4, 13, -11, 4, 3, 2, 13, 3, 2, -12, 1]
IM-000000011376572-AP1.png ::::::::: [10, 8, 8, 8]
IM-000000011009945-AP1.png ::::::::: [4, 5, 3, 5, 4, 3, 5, 4, 5, 4, 5, 5, 4, 5, 4, 6, 5, 6, 4, 6]
IM-000000011386858-AP1.png ::::::::: [11, 3, 16, 21, 19, 2]
IM-000000011387365-AP1.png ::::::::: [12, 5, 3, -2, 13, 17, 11, -7, 11, 14, 2, 2, 6, 4, -4, -2, 4, 11, 11, 20]
IM-000000011378588-AP2.png ::::::::: [7, -1, -2, -3, -3]
IM-000000009606437-AP5.png ::::::::: [5, 5, 7, 4, 4, 5, 37]
IM-000000009421314-AP1.png ::::::::: [5, 3, 5, 6, 6, 6, 6]
IM-000000010485223-AP1.png ::::::::: [6, 18]
IM-000000011186421-AP1.png ::::::::: [13, 5, 5, 5, 5]
IM-000000011378712-AP1.png ::::::::: [-10, 21, 13, 13, 12, 14]
IM-000000011828276-AP1.png ::::::::: [15, 6]
IM-000000011386733-AP1.png ::::::::: [16, 11, 11, 9, 9, 11, 12, 11, 13, 9, 10, 12, 11, 11, 11, 12, 11, 9, 10, 10, 11, 11]
IM-000000010666197-AP1.png ::::::::: [-4, -2, -5, 24, 3, 9]
IM-000000011254325-AP1.png ::::::::: [-1, -2, 19, 5]
IM-000000011379192-AP1.png ::::::::: [3]
IM-000000010652225-AP1.png ::::::::: [-2, -2, 5, 6, 7, 8, 6, 8]
IM-000000011386904-AP1.png ::::::::: [-3, -10, -4, 17, 4, 9, 4, 10, 3, 9, 5, 9, 4, 8, 5, 9, 4, 10, 5, 9, 5, 6]
IM-000000011333681-AP1.png ::::::::: [12, 7, 8, 8, 8, 8]
IM-000000010652238-AP1.png ::::::::: [-1, -2, 5, 7, 6, 5, -7, 8, 6, -7, 6, -10, 5, -9]
IM-000000011254323-AP1.png ::::::::: [-3, -9, -3, 19, 5]
IM-000000011101955-AP1.png ::::::::: [-4, -5, -4, -5, 8, 3, 4, 2, 5, 4, 16, 16, 14, 2, 3, 4, 5, 3, 1, -10, 193, 1, 2, 1, 3, -1]
IM-000000011686659-AP11.png ::::::::: [-3, -2, -4, -5, 5, 2, 14, 4, 7, 7, 5, 14, 2, 3, 2, 15, 5, 7, 7, 6, 15, 3, 3, 3, 4, 1, 1]
IM-000000011379333-AP1.png ::::::::: [10, 15, 14, 13, 12, 16, 14, 13, 11, -9, 14, 11]
IM-000000011379443-AP6.png ::::::::: [4, 6, 26, 3, 6, 6, -11, 5, 7, 9, 3, 5, 8, 3, 6]
IM-000000011101911-AP1.png ::::::::: [11, 7, 9, 6, -9, 9, 8]
IM-000000011523182-AP1.png ::::::::: [-3, -2, -4, -6, 4, 4, 6, 5, 27, 3, 3, 4, 4]
IM-000000011741699-AP1.png ::::::::: [5, 4, 2, 2]
IM-000000011378984-AP1.png ::::::::: [10, 3, 16, 20, 21, -8, 23, 2, 9, -7, 3, 8, 3, 9, 1, 9, -7, 3, 10, 2, 9, -8, 3, 11, -7, 5, 12]
IM-000000011379440-AP5.png ::::::::: [10, 8, 7, 7, 5, 8, 9]
IM-000000011379373-AP1.png ::::::::: [-9, 2, -1, -8, 25, -5, 4, 10, 13, -4, 5, 10, 13, -6, 4, 9, 12, -5, 3, 9, 15, -4, 4, 8, 14, 5, 8]
IM-000000011285439-AP1.png ::::::::: [10, 0]
IM-000000011143059-AP1.png ::::::::: [6, 4, 5, 10, 6, 7, 12]
IM-000000011583836-AP1.png ::::::::: [5, 1, 11, 2, 1, 10, 0, 10, 0, 10, 2, 10, -1, -11]
IM-000000011685260-AP1.png ::::::::: [6, 6, 16, 4, -11, 3]
IM-000000011386904-AP2.png ::::::::: [-3]
IM-000000010731886-AP1.png ::::::::: [5, 1, 1, 1, 9, 0, 1, 2, 1, 11, 0, 0, 1, 1]
IM-000000009479483-AP2.png ::::::::: [2, 1, 6, 5]
IM-000000011143058-AP1.png ::::::::: [6, 4, 4, 9, 5, 4, 6, 7, 6, 10]
IM-000000010301545-AP2.png ::::::::: [2, 5, 4, 24, 5, 14, 5, 4, 16, 4]
IM-000000010534569-AP1.png ::::::::: [-7, -4, -7, 8, 7]
IM-000000010881253-AP1.png ::::::::: [-1, 0, 9, 1]
IM-000000011379343-AP1.png ::::::::: [9, -6, 388, 15, 6, 4]
IM-000000011249371-AP1.png ::::::::: [-9, 21, 8, 6, 9]
IM-000000011186251-AP1.png ::::::::: [8, 8, 4, 5, 3, 16, 4, 4, 18, 8, 4, 4, 3, 14, 0, 2]
IM-000000010638217-AP1.png ::::::::: [8, 10]
IM-000000010865965-AP1.png ::::::::: [12, 3, 3, 4, 4]
IM-000000011380030-AP1.png ::::::::: [3, -1, 16, 3, 4, 2]
IM-000000011249374-AP1.png ::::::::: [4]
IM-000000011386943-AP1.png ::::::::: [2, 27, 3, 36]
IM-000000011387354-AP1.png ::::::::: [12]
IM-000000011378884-AP1.png ::::::::: [3, -2, 19, 2, 5, 2]
IM-000000011378956-AP1.png ::::::::: [3, 6, 5, 5, 6, 3, 4, 4, 4, 5, 5, 4, 1, 5, 5, 5, 5, 5, 5, 5, 5, 5]
IM-000000011322085-AP1.png ::::::::: [7, 1, 3, 8, 1, 1, 7, 1, 3]
IM-000000010865961-AP1.png ::::::::: [13, 4, 3, 3]
IM-000000010712583-AP1.png ::::::::: [13, -5]
IM-000000011379837-AP1.png ::::::::: [4, 3, 3, 1, 14, 3]
IM-000000011344106-AP1.png ::::::::: [-10, 11, 7, 8, 8, 6, 7, 7, 7, 7, 7, 7, 7, 7, 8, 7, 6, 6, 7, 6, 6, 7]
IM-000000010768804-AP1.png ::::::::: [17, 8, 6]
IM-000000010865958-AP1.png ::::::::: [12, -8, 3, 3, 3, 4]
IM-000000011379805-AP3.png ::::::::: [5, -9, 0, 3, 62, 4, 5, 3, 4, 374]
IM-000000010881247-AP1.png ::::::::: [3, 11]
IM-000000011378606-AP3.png ::::::::: [7, -2, -3, -3, -3]
IM-000000011367584-AP1.png ::::::::: [8, 10, -8, 11, 10, 10, 11, 11, 10, 11]
IM-000000011387369-AP1.png ::::::::: [5, 16]
IM-000000009411514-AP1.png ::::::::: [5, 3, 6, 5, 7, 7, 6]
IM-000000011379836-AP1.png ::::::::: [4, 4, 1, 11, 3, 3, 3, 13, 3, 13, 4, 14, 3, 13, 4, 15, 4]
IM-000000010676246-AP1.png ::::::::: [11, -8, 1, 2, 1, 0]
IM-000000011386966-AP1.png ::::::::: [11, 3, 15, -8, 23, 21, 1]
IM-000000011379453-AP2.png ::::::::: [-14, 2, 27, 9, 11]
IM-000000010965479-AP2.png ::::::::: [8, 7, 4, 3, 4, 4, 14, 0, 3, 2, 5, 4, 4, 4, 18, 48, 8, 3, 1, 4, 5, 13, 1, 1, 3, 6, 5, 4, 5, 19]
IM-000000010772103-AP1.png ::::::::: [8, 9, 4, 3, 14, 4, 5]
IM-000000011190599-AP1.png ::::::::: [-3, -6, 11, 7, 7, -8, 6, 9, 8, -3, -4]
IM-000000011379419-AP2.png ::::::::: [-5, 0, -4, 2, 62, 5, 4, 4, 4, -11, 372]
IM-000000011387282-AP1.png ::::::::: [10, 4, 15, 21, 2, 10, 4]
IM-000000011379443-AP9.png ::::::::: [5, 6, 24, 3, 7, 5, 7, 5, 7, 9, 4, 7, 8, 3, 7]
IM-000000009480622-AP1.png ::::::::: [10, 3, 17, 4]
IM-000000011387445-AP1.png ::::::::: [-4, 9, 4, -3, 17, -3, -2, 6, 5]
IM-000000009433102-AP1.png ::::::::: [7, 7, 4, 6]
IM-000000011379657-AP1.png ::::::::: [16, 5, 2, 6, 5, 5, 4, 4, -10, 5, 4, 20]
IM-000000011378804-AP20.png ::::::::: [-3, -2, -3, -5, 16, 5, 6, 4, 3, 18, 3, 6, 4, 16, 5, 4, 4, 4, 16, 4, 7, 3, 15, 5, 5, 3, 3]
IM-000000011379470-AP1.png ::::::::: [-4, -6, -3, 9, -12, 7, 7, 7, 7, 8, 8, 6, 7, 8, -10, -28, -9]
IM-000000011378667-AP1.png ::::::::: [3, 0]
IM-000000011254332-AP1.png ::::::::: [-1, -3, 19, 4]
IM-000000010865975-AP1.png ::::::::: [12, -9, 2, 2, 2]
IM-000000009418599-AP1.png ::::::::: [6, 3, 4, 6, 4, 7, 6]
IM-000000010712587-AP1.png ::::::::: [14, -5]
IM-000000011386871-AP1.png ::::::::: [-2, -5, 17, 5, 7]
IM-000000011098840-AP2.png ::::::::: [2, 14, 3, 2, 5, 4, 4, 3, 4, 4, 4, 4, 3, 4, 4, 3, 3, 3, 4, 3, 3, 3]
IM-000000010929702-AP1.png ::::::::: [-4, -3, -3, -5, 8, 3, 4, 2, 4, 2, 3, -1, 3, 15, 17, 13, 2, 2, 4, 4, 4, 171, 1, 1, 0, 1, 1]
IM-000000011369972-AP1.png ::::::::: [16, 5]
IM-000000010843146-AP1.png ::::::::: [8, 8, 3, 3, 3, 14, 3, 2, 3, 3, 4, 5, 4, 19]
IM-000000011186271-AP1.png ::::::::: [15, 6, 7, 5, 14, 2]
IM-000000011386922-AP1.png ::::::::: [14, 4]
IM-000000011387163-AP1.png ::::::::: [10, 3, 14, 22, 20, -7, 3, 11]
IM-000000011387384-AP2.png ::::::::: [21]
IM-000000010585549-AP1.png ::::::::: [9, 8, 7, 7, 7, 7, 8, 8, 7, 6]
IM-000000011379120-AP1.png ::::::::: [0, 0, 10, 2]
IM-000000010772396-AP1.png ::::::::: [-6, -6, 10, 7, 8, -8, 6, 6]
IM-000000010662988-AP1.png ::::::::: [5, 6, 4, 8]
IM-000000011378804-AP22.png ::::::::: [-3, -2, -3, 5, 3, 5, 4, 5, 16, 3, 7, 4, 15, -63, -62, 4, 5, 17, 3, 6, 4, 15, 6, 5, 3, 5]
IM-000000011386948-AP1.png ::::::::: [3, 26, 3, 16, 4, 16, 3, 17, 4, 16, -3, 4, 16, 5, 17, 4, 4, 16, 3, 17, 4, 4, 15, 4]
IM-000000011379149-AP1.png ::::::::: [10, 4, 2, 0, 13, 3, 4]
IM-000000011186251-AP2.png ::::::::: []
IM-000000011143056-AP1.png ::::::::: [5, 5, 5, 9, 4, -12, 6, 6, 7, 10, 20, 7, 6, 8, 8, 13]
IM-000000009436489-AP1.png ::::::::: [14, 9, 26, 55, 26]
IM-000000010772567-AP1.png ::::::::: [5, 7, 4, 5, 2, 2, 12, 4, 4, 18]
IM-000000011378639-AP1.png ::::::::: [8, -1, -2, -2, -3, 8, 3, 6, 7, 18, 8, 7, 19, 2, 19, -9, 6, 22, 4, 20, 3, 22, 6, 23, 3]
IM-000000010755800-AP2.png ::::::::: [7, -1, -2, -2, -3, 8, 17, 5]
IM-000000011369019-AP39.png ::::::::: [13, 4, 4, 4, 4]
IM-000000011249355-AP1.png ::::::::: [8, 7, 5, 17, 2, 3]
IM-000000011379276-AP2.png ::::::::: [5, -5, 0, -3, 3, 62, 3, 3, 4, 4, 374]
IM-000000010663073-AP1.png ::::::::: [6, 3, 1, 13, 1, 1]
IM-000000011677806-AP1.png ::::::::: [19, 7, 12, 7, 14, 6, 14, 7]
IM-000000011379530-AP1.png ::::::::: [3, 5, 3]
IM-000000011379972-AP1.png ::::::::: [4, 5]
IM-000000010676276-AP1.png ::::::::: [10, 0, 1, 1]
IM-000000011101899-AP1.png ::::::::: [9, 8, 2, 3, 4, 13, 3, 5]
IM-000000010733603-AP1.png ::::::::: [20, 3, 3, 3, 5, 15, 3, 15, 3, 5, 2, 11, 2, 5, 14, 2, 1, 1]
IM-000000011369019-AP2.png ::::::::: [13, 4, 4, 4, 4]
IM-000000011386671-AP2.png ::::::::: [6, 0, -1, -10, -7, -5, -4, -5, -7, -4, -3, -1, 6, 3, 15, 6, 7, 14, 4, 5, 15, 4, 7, 15, 4, 6, 15, 4, 3, -6, 15, 5, 4, 16, 6, 5, 16, 6, 6]
IM-000000011459575-AP11.png ::::::::: [-3, -4, -5, -4, 5, 3, 13, 2, 12, 3, 6, 4, 15, 2, 14, 4]
IM-000000011387583-AP1.png ::::::::: [-8, 10, 3]
IM-000000011367517-AP1.png ::::::::: [9, 6]
IM-000000011378874-AP1.png ::::::::: [11, 21, -7, 21]
IM-000000011686659-AP12.png ::::::::: [-4, -2, -4, -5, 3, 13, -9, 5, 9, 5, 5, 14, 3, 3, -125, -69, 3, 3, 15, 4, 8, 7, 4, 15, 0, 2, 3]
IM-000000010865935-AP1.png ::::::::: [12, 4, 5, 4, 4]
IM-000000011249352-AP1.png ::::::::: [-10, 12, 7, 8]
IM-000000011186273-AP1.png ::::::::: [15, 7, 13, 0]
IM-000000010948372-AP1.png ::::::::: [-4, -3, -3, -2, 6, -9, 3, 4, 15, 15, 15, 3, 0, 4, 4, 4, 2, 1, 5, 4, 4, 2, 4, 159, 2, 1, 0, 3, 2]
IM-000000011379204-AP1.png ::::::::: [11, 3, 9, 3, 16, 20, 2, 9, -7, 3, 8, -8, 3, 9, 3, 12, 3]
IM-000000011386879-AP1.png ::::::::: [-4, -9, -3, 17, 5, 9, 5, 8, 4, 9, 3, 9, 5, 9, 6, 9, 4, 10, 4, 7, 3, 9, 5, 6, 4, 8, 5]
IM-000000010965551-AP1.png ::::::::: [-7, 3, -8, -7, -2, 0, -1]
IM-000000010652229-AP1.png ::::::::: [-1, -1, 5, -7, 8, 7, 6, -7, 7, -6, 6, 7]
IM-000000011378804-AP17.png ::::::::: [-3, -2, -3, -6, 5, 4, 6, 5, 16, 4, 5, 4, 5, 17, 5, 7, 4, 15, 4, -109, -81, 2, 13, -9, 4, 8, 3, 15]
IM-000000010952149-AP1.png ::::::::: [8, 9, 3, 16, 2, 4, 20, 8, 18, 3, 5]
IM-000000011378619-AP1.png ::::::::: [6, -3, -2, -3, -3, 7, 6, 6, 17, 8, 7, 19, 3, 5, 24, 4, 5, 23, 4, 5, 22, 4, 5, 22, 3, 6, 21, 3, 7, 20, 4, 5, 22, 5]
IM-000000011286384-AP1.png ::::::::: [13, 5, 4, 5, 4]
IM-000000011379456-AP4.png ::::::::: [4, 5, 5, 3]
IM-000000011796877-AP1.png ::::::::: [1, -9, 548]
IM-000000011379263-AP1.png ::::::::: [-3, -4, 17, 4, 8]
IM-000000011378611-AP4.png ::::::::: [-3, -3, -3, -3, 8, 5, 23, 4, 5, 6, 6, 24, 4, 4, 6, 5, 23, 4, -6, 6, 7, 5, 22, 3, 3, 4, 6, 23, 4, 4, 6, 5, 35]
IM-000000010842434-AP1.png ::::::::: [13]
IM-000000011102079-AP1.png ::::::::: [12, 7, 8, 8, 7, 6, 7, 7, 7]
IM-000000011794225-AP1.png ::::::::: [8, -2, -2, -2, -3]
IM-000000011378593-AP1.png ::::::::: [7, -1, -2, -4, -4, 8, 6, 6, 5, 18, 8, 9, 19, 4]
IM-000000011310221-AP1.png ::::::::: [0, 15, 14, 15, 12, 110, 4, 366]
IM-000000011386715-AP1.png ::::::::: [13, -1, -5, 12, -4, -3, 11, -5, -2, 12, -2]
IM-000000011387232-AP1.png ::::::::: [-2, -4, 15, 3, 4, 10, 3, 3]
IM-000000010832526-AP1.png ::::::::: [10, 7, 9, 8, 8, 7, 7]
IM-000000011386881-AP2.png ::::::::: [-3, -10, -4, 17, 4, 7, 4, 8, 4, 8, 4, 9, 4, 9, 3, 9, 5, 10, 5, 8, 5, 6]
IM-000000010679224-AP1.png ::::::::: [4, 2, 1, 2]
IM-000000011379508-AP1.png ::::::::: [13, 5, 6]
IM-000000011387155-AP1.png ::::::::: [11, 3, 9, -7, 4, 10, 1, 9, 3, 8, -8, 4, 11, 3, 12, 3, 12, 3]
IM-000000011386728-AP1.png ::::::::: [11, 3, 11, 3, 15, 21, -7, 23, 3]
IM-000000011386739-AP1.png ::::::::: [16, 7, 11, 13, 8, 10, 12, 12, 11, 10, 12, 12, 11, 11, 13, 12, 12, 9, 11, 9, -7, 9, 10]
IM-000000011064237-AP1.png ::::::::: [-4, -2, -5, 22, 5, 8, -9, 16, -10, 3, 7, -11, -8, 5, 8, 17, 15, 4, 10, 4, 9, 3, 10, 14, -10, 14]
IM-000000011102691-AP1.png ::::::::: [-12, 8, 8, 17, 3, 3, 5, 4, 4, 5, 4, 4, 4, 4]
IM-000000011379685-AP1.png ::::::::: [7]
IM-000000011379440-AP7.png ::::::::: [9, 8, 7, 8, 7, 9, 8]
IM-000000011379440-AP2.png ::::::::: [9, 7, -11, 8, 6, 10, 6, 10, 4, 11, 9]
IM-000000011310474-AP18.png ::::::::: [19, 5, 6, 5, 5, 4, 5, 6, 5, 6, 6, 6, 6, 5, 6, 6, 5, 7, 7]
IM-000000011387317-AP1.png ::::::::: [18, 4, 6, 6, 5]
IM-000000010809068-AP4.png ::::::::: [10, -7, 1, 0, 0, 1]
IM-000000011379309-AP1.png ::::::::: [10, 3, 16, 21, 22, -7, 3, 12]
IM-000000011186432-AP1.png ::::::::: [13, 4, 5, 3]
IM-000000011378578-AP1.png ::::::::: [7, -3, -2, -2, -2]
IM-000000010842922-AP1.png ::::::::: [-4, -4, -3, 7, -9, 4, 3, 4, 4, 15, 16, 14, 2, 0, 4, 5, 4, 1, -11, 205, 2, -1, 0, 2, 1]
IM-000000011143055-AP1.png ::::::::: [6, 5, 4, 8, 6, 8, 11]
IM-000000011598501-AP1.png ::::::::: [-5, -1, 3, 4, 2, 352]
IM-000000011387279-AP1.png ::::::::: [11, -9, -1, 0, 3, 1, 1]
IM-000000011386696-AP2.png ::::::::: [-3, 10, 5, -3, -2, 5, 5, 6, 5, 4, -3, -2, 4, 5, 5, 5]
IM-000000011201057-AP1.png ::::::::: [2, 15, 2, 4, 3, 3, 3, 3, 4, 3, 4, 3, 4]
IM-000000011378635-AP2.png ::::::::: [7, -3, -1, -2, -3]
IM-000000011387399-AP1.png ::::::::: [7, 1, 13, 5, 3]
IM-000000011379481-AP1.png ::::::::: [-12, 4, 28, 4, 4, 2, 7, 15]
IM-000000011386898-AP1.png ::::::::: [-2, -5, 16, 5, 7]
IM-000000011387483-AP1.png ::::::::: [-1, -5, 16, 3, 1, 4, 5, 6, 3, 3, 3, 3, 4, 4, 4, 5, 5, 4, 4, 5]
IM-000000011379799-AP1.png ::::::::: [-6, 0, -3, 3, 19, 9, 59, 6, 34, 9, 59, 1, -3, 3, 197]
IM-000000011127054-AP1.png ::::::::: [-1, 14, 15, 14, 14, 13, 86, 4, 365]
IM-000000011459575-AP5.png ::::::::: [-3, -2, -3, -5, 4, 3, 8, 5, 14, 3, 3, 14, 3, 7, -49, -54, 1, 2, 13, 3, 8, 3, 15, 3, 1, 15]
IM-000000010473802-AP1.png ::::::::: [4, 4, 4, 7]
IM-000000010865976-AP1.png ::::::::: [-10, 12, 3, 1, 3, 2, 3]
IM-000000011387035-AP2.png ::::::::: [1, -11, 3, 18, 4, 19, 3, 17, -11, 4, 19, 4, 3, 30, 5, 32, -10, 3]
IM-000000011379916-AP1.png ::::::::: [13, 5, 4, 5, 5, 357, -10]
IM-000000011387188-AP1.png ::::::::: [7, 9, 8, 7, 8, 24, 25, 20]
IM-000000011379818-AP2.png ::::::::: [-11, -1, 2, 19, 7, 60, 3, 0, 31, 9, 58, 7, 34, 10, 58, 8, 32, 20]
IM-000000010288286-AP1.png ::::::::: [-2, -3, 12]
IM-000000010831843-AP5.png ::::::::: [11, 7, 7, 8, 8, 8, 8, 8, 9, 8, 8, 8, 8, 9, 9, 9, 8, 8, 8, 8, 8, 9, 8, 8]
IM-000000011379353-AP1.png ::::::::: [1, 14, 14]
IM-000000010652236-AP1.png ::::::::: [-1, -2, 4, 6, 7, 7, 5]
IM-000000010831546-AP1.png ::::::::: [-9, 11, 0, 2, 2]
IM-000000010579474-AP2.png ::::::::: [0, 32, 32, 40, 6, 4, 4, 15, 5, 4, 3, 17, 1, 3]
IM-000000011386731-AP1.png ::::::::: [15, 9, 11, 11, 9, 11, 10, 13, 10, 10, 11, 9, -8, 11, 10, 11, 11, 11, 10, 11, 9, 10, 11]
IM-000000011101917-AP1.png ::::::::: [9, 9, 2, 4, 3, 13, 3, 4, 18]
IM-000000011513089-AP1.png ::::::::: [10, 4, 4, 4, 4, 4, 4, 5, 5]
IM-000000010708248-AP1.png ::::::::: [8, 7, 3, 5, 13, 3, 5]
IM-000000009428244-AP1.png ::::::::: [14, 11, 27]
IM-000000011386927-AP1.png ::::::::: [-5, 0, 9, 11, 2, 14, 3, 12, 3, 11, -11, 3, 12, -10, 2, 12, 2, 5, 14, 1, 5, 14, -10, 1, 13, 2, 13, -10, 3, 3, 13, 2]
IM-000000010741418-AP1.png ::::::::: [4, 3, 1, 2, 4, 3, 1, 1, 4, 2, 2, 2, 7, 3, 2, 3]
IM-000000011322047-AP1.png ::::::::: [7, 8, 3, 4, 5, 14, 5, 3, 4, 4]
IM-000000009793863-AP1.png ::::::::: [4, 19, 18, 5, 4, 4, 8, 3, 4]
IM-000000009930263-AP2.png ::::::::: [8, 2, 2, 1, 4, 3, 3, 3, 3, 2, 1, 2, 3, 3, 2, 3, 4, 4]
IM-000000010881232-AP1.png ::::::::: [4, 2, 2, 12, 2, 2]
IM-000000010901645-AP1.png ::::::::: [-4, -4, -3, 8, 2, 3, 4, 4, 15, 16, 14, 2, 0, 4, 3, 3, 2, 0, -7, 196, 2, -1, 0, 2, 1]
IM-000000011186378-AP1.png ::::::::: [14, 5, 4, 3, 4]
IM-000000011378608-AP1.png ::::::::: [7, -1, -1, -3, -4]
IM-000000010731885-AP1.png ::::::::: [5, 2, 2]
IM-000000011387035-AP1.png ::::::::: [3, 5, 3, 16, 4, 18, 3, 4, 15, -10, 3, 16, -10, 4, 19, 5, 3, 31, 5]
IM-000000011379424-AP2.png ::::::::: [2, 23, 4]
IM-000000011387644-AP1.png ::::::::: [-4, -4, 23, 11]
IM-000000010733588-AP1.png ::::::::: [-10, 21, 3, 1, 2, 14, 4, 6, 2, 13, 4, 6, 2]
IM-000000009457732-AP1.png ::::::::: [23, 5, 25, 6, 25, 5, 25, 5, 26, 6]
IM-000000011386760-AP1.png ::::::::: [38, -3, -3, 34, 37]
IM-000000011269479-AP1.png ::::::::: [4, 13, 6, 12, 14, 13, 13, 12, 11, 13, 14, 14, 12, 13, 13, 12, 13, 5, 14]
IM-000000011386720-AP1.png ::::::::: [19, 7, 4]
IM-000000011379278-AP2.png ::::::::: [8, 12, 6, 4, 5, 5, 4, 5, 7, 6, 12, 4, 4, 4, 6, 5, 6, 8, 12, 6, 5, 4, 5, 5, 5, 6, 9, 12, 6, 5, 5, 4, 6, 4, 6, 9, 12, 5, 4, 5, 3, 5, 6]
IM-000000011379715-AP2.png ::::::::: [13, 3, 8, 10, 6]
IM-000000011387123-AP1.png ::::::::: [4, 8, -9, 24, 25]
IM-000000010663061-AP1.png ::::::::: [6, 3, 1, 13, 1, 1]
IM-000000011378649-AP2.png ::::::::: [-2, -3, -1, -3]
IM-000000011379623-AP1.png ::::::::: [15, 8, 6, 7]
IM-000000011379554-AP1.png ::::::::: [8, 6, 9, 17, 5, 8, 16, 7, 6, 6]
IM-000000011387345-AP1.png ::::::::: [0, 0, 21, 3]
IM-000000011386693-AP1.png ::::::::: [-3, 10, 5, -4, -2, 5]
IM-000000011379198-AP1.png ::::::::: [5]
IM-000000011379016-AP1.png ::::::::: [14, 4, 5]
IM-000000011500982-AP1.png ::::::::: [3, 5, 4, 5, 7, 5, 5, 7]
IM-000000010865953-AP1.png ::::::::: [12, 4, 3, 4, 4]
IM-000000011379668-AP1.png ::::::::: [9]
IM-000000010952151-AP2.png ::::::::: [9, 8, 4, 2, 3, 14, -1, 1, 4, 3, 4, 17, 45, 9, 3, 4, 2, 14, 4, 3, 4, 1, 3, 16]
IM-000000010756064-AP1.png ::::::::: [11, 8, 6, 7]
IM-000000011667222-AP1.png ::::::::: [4, 1, 9, 2, 450]
IM-000000011379382-AP3.png ::::::::: [2, 0, -6, 18, 13, -5, 3, 9, 14, -5, 2, 8, 12, -4, 5, 9, 13, -4, 4, 8, -10]
IM-000000011386959-AP1.png ::::::::: [2, 4, 1, 18, 2, 3, 30, 2, 18, 5, 19, 5, 21, 3, 18, 6]
IM-000000011459575-AP4.png ::::::::: [-5, -3, -3, -5, 3, 3, 7, 4, 15, 3, 2, 14, 3, 6, 4, -45, -45, 2, 15, 3, 6, 4, 14, 4, 4]
IM-000000011379381-AP1.png ::::::::: [3, 1, 23, -6, 4, 7, -9]
IM-000000011387374-AP1.png ::::::::: [21, -8, 102, 8]
IM-000000011387413-AP1.png ::::::::: [10, 3, 16, 20, 22, 1, 8, 21, 2, 8, -7, 3, 10, -7, 4, 15, 2, 16, 4]
IM-000000009411510-AP3.png ::::::::: [5, 7, 6, 6, 6, 4, 4]
IM-000000011387362-AP1.png ::::::::: [12]
IM-000000011333685-AP1.png ::::::::: [10, 7, 8, 8, 7, 6, 8, 8, 5]
IM-000000009423673-AP1.png ::::::::: [3, 2, 14, 3]
IM-000000011386960-AP1.png ::::::::: [10, 3, 16, 21, 2, 9, 1, 9, -7, 4, 15, 3, 16, 1]
IM-000000011379109-AP1.png ::::::::: [15, 8, 7, 9, 7, 8, 10]
IM-000000011387606-AP1.png ::::::::: [5, 15, 4, 4, 4, 4]
IM-000000011379814-AP2.png ::::::::: [-6, -1, -4, 4, 17, 33, 10, 60, 6, 33, 9, 60, 7, 172]
IM-000000011435888-AP1.png ::::::::: [1, 548]
IM-000000011379589-AP1.png ::::::::: [12, 17, 3, 1, 1, 3]
IM-000000010652233-AP1.png ::::::::: [-3, -2, 4, 5, -10, 6]
IM-000000010963995-AP1.png ::::::::: [12, 5, 6, 5]
IM-000000009411514-AP2.png ::::::::: [4]
IM-000000011369019-AP27.png ::::::::: [13, 4, 4, 5]
IM-000000011378710-AP1.png ::::::::: [-10, 20, 12, 12]
IM-000000011387240-AP1.png ::::::::: [11, 3, 8, 2, 8, 2, 15, -7, 23, 21, 0, 9, 20, 2, 9, -7, 3, 10]
IM-000000011379561-AP1.png ::::::::: [12, 14, 61, 7, 31, 9, 8]
IM-000000010663071-AP1.png ::::::::: [5, 0]
IM-000000011548113-AP1.png ::::::::: [-2, -4, 25, 24, 23, 23, 23, 23, 22, 22, 24]
IM-000000011378644-AP1.png ::::::::: [-3, -2, -1, -4, 8, 7, 5, 17, 8, 8, 19, 5, 21, -8, 6]
IM-000000010756067-AP1.png ::::::::: [10, 8, 7, 7, 8, 8]
IM-000000011378579-AP2.png ::::::::: [6, -3, -2, -2, -2]
IM-000000011379952-AP1.png ::::::::: [13, 5, 4, 4, 5, 4, 5, 5, 5, 4, 4, 3, 5, 4, 4, 4, 19]
IM-000000011386921-AP1.png ::::::::: [14, 6]
IM-000000011343859-AP1.png ::::::::: [7, 1, -1]
IM-000000011249351-AP1.png ::::::::: [9, 7, 7]
IM-000000011857053-AP1.png ::::::::: [7, 10, 11, 10, -7, 10, 9, 10, 8, 10]
IM-000000011379522-AP1.png ::::::::: [12, 4]
IM-000000009564047-AP1.png ::::::::: [1, 4, 32, 4, 4]
IM-000000011387473-AP1.png ::::::::: [-3, 10, 5, -5, -3, 5, 3, 4, 4, 2, -3, -2, 5, 2, 5, 5]
IM-000000011378804-AP15.png ::::::::: [-3, -2, -3, -6, -7, 4, 3, 7, 2, 16, 3, 4, 4, 4, 16, 2, 6, 1, 15, 6, 5, 5, 1, 15, 2, 6, 3, 13]
IM-000000010733569-AP1.png ::::::::: [21, 3, 5, 4, 13, 3, 16, 4, 15, 3, 5, 2, 3, 16, 5, 5, 5]
IM-000000011387376-AP1.png ::::::::: [3, 4, 5, 5, 2, 6, 5, 6]
IM-000000011186395-AP1.png ::::::::: [13, 5, 5, 4, 4]
IM-000000010756065-AP1.png ::::::::: [10, 9, 8, 8]
IM-000000011387161-AP1.png ::::::::: [9, 3]
IM-000000011143054-AP1.png ::::::::: [6, 2, 3, 10, 7, 6, 6, 11]
IM-000000011200858-AP1.png ::::::::: [10, 14, 13, 13]
IM-000000011379256-AP1.png ::::::::: [4, 3, 3, 3, 5, 3, 4, 3, 4, 2]
IM-000000011386972-AP1.png ::::::::: [10, 3, 14, 22, 21, 2, 9, 20, 3, 10, 3, 10, 2, 9, 2, 11, -7, 4, 15, 3, 16]
IM-000000011379650-AP2.png ::::::::: [1, 5, 7, 4, 4, 4, 6, 4, 3, 4, 5, 4, 4, 4, 5, 5, 4, 3, 5, 6, 4, 5, 5, 6, 5, 4, 4, 5, 5, 5, 6, 6, 5, 5, 4, 6, 4, 4, 5, 6, 6, 4, 4, 4, 4, 5, 4, 5, 4, 6, 5, 4, 6]
IM-000000011379909-AP1.png ::::::::: [13, 4, 4, 4, 5, 5, 4, 3, 316, -11]
IM-000000009457731-AP1.png ::::::::: [24, 4]
IM-000000011379196-AP1.png ::::::::: [3]
IM-000000011143056-AP2.png ::::::::: [5, 4, 4, 10, 6, 5, 5, 2, 4, 11, 19, 6, 8, 6, 7, 4, 7, 10, 19, 5, 7, 8, 7, 7, 13, 18, 7, 6, 8, 7, 7, 12]
IM-000000011379574-AP1.png ::::::::: [9, 11, 5, 8, 9, 10, 6]
IM-000000011188933-AP1.png ::::::::: [9, 10, 11]
IM-000000010759568-AP1.png ::::::::: [23, -12, 7]
IM-000000011802745-AP1.png ::::::::: [10, 6, 8, 7]
IM-000000010652231-AP1.png ::::::::: [-1, -1, 4, 6, 7, 5, -7, 5, 6, 6]
IM-000000011191756-AP1.png ::::::::: [4, 14, 6, 12, 12, 11, 12, 5, 13, 11, 4]
IM-000000010557088-AP1.png ::::::::: [7, 7, 7, 6, 8, 8, 7, 6, 9, 8]
IM-000000011387111-AP1.png ::::::::: [3, -13, -13]
IM-000000010733583-AP1.png ::::::::: [21, 3, 2, 3, 15, 4, 15, 2, 14, 4, 6]
IM-000000011387418-AP1.png ::::::::: [-12, 12, 2, 3, -3, 12, 13, 5, 3, -6, 5, 10, 13, 3, 3, -6, 7, 13, 13, 4, 4, -5, 6, 12]
IM-000000010617010-AP1.png ::::::::: [-5, -6, 17, 4, 4, 4]
IM-000000011186404-AP1.png ::::::::: [13, 4, 4, 3]
IM-000000010579474-AP1.png ::::::::: [-1, 32, 8, 6, 6, 6, 7, 7, 8, 6, 8, 8, 7, 6, 7, 8, 7, 6, 7, 7, 7, 5, 7, 7, 7, 17]
IM-000000011188934-AP1.png ::::::::: [9]
IM-000000011343294-AP2.png ::::::::: [-5, -4, 4, -3, -4, 5, -4, -4, 4, -3, -3, 4, -3, -4, 4, 2, 2, 5, -4, -4]
IM-000000010529633-AP1.png ::::::::: [12, 7, 5, 6, 6, 6, 5, 6, 5, 5, 6, 5, 5, 5]
IM-000000010892936-AP1.png ::::::::: [10, 2, 3, 3, 1, 4, 3, 4, 2, 0, 17, 2, 2, 2, 2, 52, -11, 6, -10, 9, 13, 2, 3, 2, 2, 52, -10, 6, -10, 9, 14, 3, 3, 2, 55, -10, 7, -9, 10, 32]
IM-000000011378661-AP1.png ::::::::: [7, -2, 0, -2, -2]
IM-000000011379461-AP16.png ::::::::: [1, 1, 23, -5, 4, 8]
IM-000000010865955-AP1.png ::::::::: [11, 4, 4, 5, 4]
IM-000000011387673-AP1.png ::::::::: [-8, -3, -3, 12, 279]
IM-000000011378814-AP2.png ::::::::: [-3, -4, 4, -2, -4, 5, 1, -1, 4, -2, -6, 5, -4, -4, 5, -2, -3]
IM-000000011310368-AP1.png ::::::::: [8, 8, 3, 4, 3, 16, 4, 5]
IM-000000011379366-AP1.png ::::::::: [3, 2, 3, 6, 6, 0, -13, -11, 6, 6]
IM-000000011379642-AP1.png ::::::::: [13, 3, 8]
IM-000000011459351-AP1.png ::::::::: [16, 4, 4, 14, -1, 4]
IM-000000011379891-AP1.png ::::::::: [14, 5, 6, 3, 5, 358]
IM-000000011286382-AP1.png ::::::::: [-11, 14, 5, 4, 4]
IM-000000011379818-AP3.png ::::::::: [-5, 0, -5, 4, 22, 60, 9, 33, 8, 59, 8, 34, 10, 61, 8, 34, 9, 26]
IM-000000011379754-AP1.png ::::::::: [3]
IM-000000011378600-AP1.png ::::::::: [8, -2, -3, -2, -3, 8, 4, 6, 16, 8, 8, 19, 4, 24, 6, 22, 6, 22, 4, 23, 3, 22, 3, 22, 5, 22, 5, 21, 5, 33]
IM-000000011379222-AP1.png ::::::::: [7, 5]
IM-000000011379823-AP1.png ::::::::: [10, -4, -5, 7, 11, -5, -4, 8]
IM-000000011379445-AP6.png ::::::::: [3, -12, 6, 24, 3, 6]
IM-000000011379510-AP1.png ::::::::: [6, 19, 4, 5, 5, 4, 5, 5, 6, 6, 6, 6]
IM-000000011550130-AP2.png ::::::::: [-2, -3]
IM-000000011387464-AP2.png ::::::::: [-3, 9, 4, -3, -2, 5, 5, 6, 5, 4, -3, -2, 4, 4, 5, 5, 3, -3, -2, 4, 3, 5, 5, 3, -3, -2, 5, 5, 5, 4]
IM-000000011379500-AP1.png ::::::::: [13, 2]
IM-000000011102001-AP1.png ::::::::: [6, 18, 3, 21, 4, 17, 4]
IM-000000011386948-AP2.png ::::::::: [-6, 1, 12, 3, 17, 3, 17, 3, 15, 4, 15, 4, 16, 4, 17, 3, 17, 3, 17, 4, 18, 3, 17, 3]
IM-000000010881208-AP1.png ::::::::: [4, 0, 2]
IM-000000011386730-AP1.png ::::::::: [16, 10, 10, 11, 10, 10, 11, 12, 13, 10, 10, 10, 11, 11, 11, 12, 12, 8, 11, 7, -8, 10, 9]
IM-000000011379780-AP1.png ::::::::: [5]
IM-000000010529107-AP1.png ::::::::: [-5, -5, 8, 15]
IM-000000010904574-AP1.png ::::::::: [8, 7, 4, 3, 3, 15, 4, 3, 5, 5, 4, 5, 4, 4, 4, 4, 4, 5, 3, 19]
IM-000000010733602-AP1.png ::::::::: [19, -11, 4, 13, -12, 4, 5, 16, 3, 1, -12, 1]
IM-000000010733573-AP1.png ::::::::: [-10, 20, 3, 15, 3, 4, 1, 11, 2, 6, 13, 6, 6, 5]
IM-000000011379973-AP1.png ::::::::: [4, 3, -10, 5, 5, 3, -10, -10, 5]
IM-000000010965479-AP3.png ::::::::: []
IM-000000011378779-AP1.png ::::::::: [8, 3]
IM-000000011379401-AP2.png ::::::::: [3, 0, -7, 23, -4, 3, 5, -10, 13, -6, 5, 9]
IM-000000011386905-AP1.png ::::::::: [-3, -10, -4, 17, 5, 6]
IM-000000011511178-AP1.png ::::::::: [6, 2, 0, 12, 2, 0]
IM-000000010890124-AP1.png ::::::::: [-5, -5, -3, 7, 2, 16, 16, 15, 2, 2, 4, 4, 3, 2, -10, 241, 1, 2, 1, 2, 0]
IM-000000011143060-AP1.png ::::::::: [5, 4, 3, 10, 7, 5, 7, 5, 10]
IM-000000011379333-AP2.png ::::::::: [13, 15, 14, 12]
IM-000000011370742-AP1.png ::::::::: [8, 7, 4, 4, 2, 13, 3, 4]
IM-000000011387105-AP1.png ::::::::: [3, -13]
IM-000000011378803-AP1.png ::::::::: [1, -5, 127]
IM-000000010865989-AP1.png ::::::::: [-8, 7, -9, -3, -1, -2, 0]
IM-000000011386934-AP2.png ::::::::: [1, 8, 2, 12, -12, 1, 11, -13, -11, 3, 13, 2, 13, 3]
IM-000000011386944-AP1.png ::::::::: [2, 28, 3, 5, 36, 17]
IM-000000011378586-AP1.png ::::::::: [8, -2, -2, -3, -3, 8, 4, 6, 17, 8, 8, 19, 4, 6, 6, 6, 22, 5, 5, 6, 5, 23, 5, 6, 6, 5, 23, 5, 6, 6, 7, 23, 3, 5, 6, 5, 23]
IM-000000010638076-AP1.png ::::::::: [11]
IM-000000010655224-AP1.png ::::::::: [8, 9, 2, 5, 4, 13, 1, 5, 19]
IM-000000011378913-AP1.png ::::::::: [13, 3, 216]
IM-000000010819088-AP6.png ::::::::: [6, 5, 5, 6, 17, 5, 1, 5, 4, 4, 14, 6, 3, 5, 17, 6, 5, 2, 4, 4, 4, 14, -10, 7, 4, 6, 17, 4, 6]
IM-000000011378631-AP1.png ::::::::: [8, -2, -1, -2, -3]
IM-000000011379338-AP1.png ::::::::: [5, 21, 8, 7, 6]
IM-000000011387010-AP1.png ::::::::: [4, 4, 5, 2, 1, -11, 4, 3, 6, 33, 5, 63, 6, 6, 7, 6]
IM-000000011379382-AP2.png ::::::::: [3, 0, -7, 24, -4, 3, 9, 14, -5, 4, 10, 15, -4, 4, 9, 14, -4, 5, 8, 11, -4, 4, 6, 13, -4, 4, 9, 13, -4, 5, 8, 12, -4, 5, 7, -10, -8, 14, 2]
IM-000000010071904-AP1.png ::::::::: [5, 17, 10, 5, 6]
IM-000000010814247-AP1.png ::::::::: [9, -11, 8, 14, 12, 8, 12, 14, 8, 13]
IM-000000011379588-AP1.png ::::::::: [-7, 19, 3, 4, 2, 0]
IM-000000011379361-AP1.png ::::::::: [9, 3, 5, 5, 4, 4, 4, 2, 3, 3, 5, 4, 4, 3, 5, 4, 6]
IM-000000011379412-AP1.png ::::::::: [14, -7, 6, 6, 11, 8, 9, 14, 7, 9]
IM-000000011249368-AP1.png ::::::::: [-8, 24, 7, 6, 7, 7, 6, 8, 7]
IM-000000011387565-AP1.png ::::::::: [5, 7, 14, -3]
IM-000000009466516-AP1.png ::::::::: [5, 2, 13, 5]
IM-000000011378898-AP1.png ::::::::: [0, 0, 10, 2]
IM-000000010662990-AP1.png ::::::::: [5, 6, -5, 5, 8]
IM-000000011378615-AP2.png ::::::::: [8, -1, -1, -2, -3, 7, 23, 4, 4, 34]
IM-000000011387521-AP2.png ::::::::: [18, -3, -3]
IM-000000011378648-AP2.png ::::::::: [6, -4, -3, -2, -2]
IM-000000011343858-AP1.png ::::::::: [6, 1, 0, 8, 1, 2]
IM-000000011379801-AP1.png ::::::::: [-7, 0, -3, 2, 21, 8, 58, 7, 120, 5, 5, 4, 4, 180]
IM-000000011379101-AP2.png ::::::::: [5, 12, 21, 5, 5, 7, 5, 23, 4, 5, 8, 23, 22, 7, 5, 7, 22, 6, 5, 6, 144]
IM-000000011253951-AP2.png ::::::::: [16, 2, 4, -3, -4, 1, 3, 29, 3, 5, -3, -2, 2, 3]
IM-000000011386923-AP1.png ::::::::: [14, 5]
IM-000000011387230-AP2.png ::::::::: [2, 64]
IM-000000010854737-AP1.png ::::::::: [7, 7, 4, 3, 2, 15, 4, 3, 5]
IM-000000010731884-AP1.png ::::::::: [6, 3, 1, 1, 0]
IM-000000011386879-AP3.png ::::::::: [-1, -4, 16, 4, 7, 4, 8]
IM-000000011387630-AP1.png ::::::::: [15, 2, 4, 9, 3, 0, 9, 1, 5, 8, 3, 2, 10, 2, 4]
IM-000000011387385-AP1.png ::::::::: [12, 3, 4, 2, 12, 12]
IM-000000011387485-AP1.png ::::::::: [-1, -4, 16, 4, 2, 4, 4, 5, 2, 2, 4, 4, 5, 4, 6, 5, 4, 4, 8]
IM-000000011254336-AP1.png ::::::::: [-3, -5, 18, 4]
IM-000000011127055-AP1.png ::::::::: [-3, 14, 174, 5]
IM-000000010859297-AP1.png ::::::::: [11, 7, 7, 6, 6, 7]
IM-000000009677502-AP1.png ::::::::: [-7, 0, 10, 10, 2, 3, 66, 7]
IM-000000011379058-AP1.png ::::::::: [13, 4, 6]
IM-000000011379262-AP2.png ::::::::: [-3, -8, -2, 31, 8, 8, 8, 9, 6, 8]
IM-000000011379334-AP1.png ::::::::: [10, -6, 6, -6, 20, -6, 6, -7, 5, 18, 5, 3, 259, 17, 4, 3]
IM-000000010854739-AP1.png ::::::::: [-11, 7, 8, 3, 2, 3, 14, 3, 3, 5]
IM-000000011379430-AP2.png ::::::::: [12, 6]
IM-000000011186418-AP1.png ::::::::: [-10, 14, 4, 4, 4, 4]
IM-000000011379369-AP1.png ::::::::: [6, 9, 6, 3, 6, 4, 6, 4]
IM-000000011284773-AP1.png ::::::::: [6, 19, 2, 4, 6, 9, 4, 5]
IM-000000010733581-AP1.png ::::::::: [-9, 19, 3, 1, 3, 15, 3, 3, 4, 15, 4, 2, -12, 1, 4, 14, -12, 4, 2, 5, 13, 4, 1, 1]
IM-000000011379595-AP1.png ::::::::: [19, 3, 3, 1, 1]
IM-000000011678625-AP1.png ::::::::: [12, 3, 4, 34, 23, 5, 7, 6, 55, 7, 8, 8, 9, 22, -11, 21, 6, 6, 7, 20, 6]
IM-000000010840195-AP1.png ::::::::: [7, 11, 10, 11, 11, 11, 10, 11, 10]
IM-000000010733591-AP1.png ::::::::: [21, 2, 2, 3, 3, 13, 4, 3, 4, 13, -11, 4, 3, 2, 13, 3, 2, -12, 1]
IM-000000011376572-AP1.png ::::::::: [10, 8, 8, 8]
IM-000000011009945-AP1.png ::::::::: [4, 5, 3, 5, 4, 3, 5, 4, 5, 4, 5, 5, 4, 5, 4, 6, 5, 6, 4, 6]
IM-000000011386858-AP1.png ::::::::: [11, 3, 16, 21, 19, 2]
IM-000000011387365-AP1.png ::::::::: [12, 5, 3, -2, 13, 17, 11, -7, 11, 14, 2, 2, 6, 4, -4, -2, 4, 11, 11, 20]
IM-000000011378588-AP2.png ::::::::: [7, -1, -2, -3, -3]
IM-000000009606437-AP5.png ::::::::: [5, 5, 7, 4, 4, 5, 37]
IM-000000009421314-AP1.png ::::::::: [5, 3, 5, 6, 6, 6, 6]
IM-000000010485223-AP1.png ::::::::: [6, 18]
IM-000000011186421-AP1.png ::::::::: [13, 5, 5, 5, 5]
IM-000000011378712-AP1.png ::::::::: [-10, 21, 13, 13, 12, 14]
IM-000000011828276-AP1.png ::::::::: [15, 6]
IM-000000011386733-AP1.png ::::::::: [16, 11, 11, 9, 9, 11, 12, 11, 13, 9, 10, 12, 11, 11, 11, 12, 11, 9, 10, 10, 11, 11]
IM-000000010666197-AP1.png ::::::::: [-4, -2, -5, 24, 3, 9]
IM-000000011254325-AP1.png ::::::::: [-1, -2, 19, 5]
IM-000000011379192-AP1.png ::::::::: [3]
IM-000000010652225-AP1.png ::::::::: [-2, -2, 5, 6, 7, 8, 6, 8]
IM-000000011386904-AP1.png ::::::::: [-3, -10, -4, 17, 4, 9, 4, 10, 3, 9, 5, 9, 4, 8, 5, 9, 4, 10, 5, 9, 5, 6]
IM-000000011333681-AP1.png ::::::::: [12, 7, 8, 8, 8, 8]
IM-000000010652238-AP1.png ::::::::: [-1, -2, 5, 7, 6, 5, -7, 8, 6, -7, 6, -10, 5, -9]
IM-000000011254323-AP1.png ::::::::: [-3, -9, -3, 19, 5]
IM-000000011101955-AP1.png ::::::::: [-4, -5, -4, -5, 8, 3, 4, 2, 5, 4, 16, 16, 14, 2, 3, 4, 5, 3, 1, -10, 193, 1, 2, 1, 3, -1]
IM-000000011686659-AP11.png ::::::::: [-3, -2, -4, -5, 5, 2, 14, 4, 7, 7, 5, 14, 2, 3, 2, 15, 5, 7, 7, 6, 15, 3, 3, 3, 4, 1, 1]
IM-000000011379333-AP1.png ::::::::: [10, 15, 14, 13, 12, 16, 14, 13, 11, -9, 14, 11]
IM-000000011379443-AP6.png ::::::::: [4, 6, 26, 3, 6, 6, -11, 5, 7, 9, 3, 5, 8, 3, 6]
IM-000000011101911-AP1.png ::::::::: [11, 7, 9, 6, -9, 9, 8]
IM-000000011523182-AP1.png ::::::::: [-3, -2, -4, -6, 4, 4, 6, 5, 27, 3, 3, 4, 4]
IM-000000011741699-AP1.png ::::::::: [5, 4, 2, 2]
IM-000000011378984-AP1.png ::::::::: [10, 3, 16, 20, 21, -8, 23, 2, 9, -7, 3, 8, 3, 9, 1, 9, -7, 3, 10, 2, 9, -8, 3, 11, -7, 5, 12]
IM-000000011379440-AP5.png ::::::::: [10, 8, 7, 7, 5, 8, 9]
IM-000000011379373-AP1.png ::::::::: [-9, 2, -1, -8, 25, -5, 4, 10, 13, -4, 5, 10, 13, -6, 4, 9, 12, -5, 3, 9, 15, -4, 4, 8, 14, 5, 8]
IM-000000011285439-AP1.png ::::::::: [10, 0]
IM-000000011143059-AP1.png ::::::::: [6, 4, 5, 10, 6, 7, 12]
IM-000000011583836-AP1.png ::::::::: [5, 1, 11, 2, 1, 10, 0, 10, 0, 10, 2, 10, -1, -11]
IM-000000011685260-AP1.png ::::::::: [6, 6, 16, 4, -11, 3]
IM-000000011386904-AP2.png ::::::::: [-3]
IM-000000010731886-AP1.png ::::::::: [5, 1, 1, 1, 9, 0, 1, 2, 1, 11, 0, 0, 1, 1]
IM-000000009479483-AP2.png ::::::::: [2, 1, 6, 5]
IM-000000011143058-AP1.png ::::::::: [6, 4, 4, 9, 5, 4, 6, 7, 6, 10]
IM-000000010301545-AP2.png ::::::::: [2, 5, 4, 24, 5, 14, 5, 4, 16, 4]
IM-000000010534569-AP1.png ::::::::: [-7, -4, -7, 8, 7]
IM-000000010881253-AP1.png ::::::::: [-1, 0, 9, 1]
IM-000000011379343-AP1.png ::::::::: [9, -6, 388, 15, 6, 4]
IM-000000011249371-AP1.png ::::::::: [-9, 21, 8, 6, 9]
IM-000000011186251-AP1.png ::::::::: [8, 8, 4, 5, 3, 16, 4, 4, 18, 8, 4, 4, 3, 14, 0, 2]
IM-000000010638217-AP1.png ::::::::: [8, 10]
IM-000000010865965-AP1.png ::::::::: [12, 3, 3, 4, 4]
IM-000000011380030-AP1.png ::::::::: [3, -1, 16, 3, 4, 2]
IM-000000011249374-AP1.png ::::::::: [4]
IM-000000011386943-AP1.png ::::::::: [2, 27, 3, 36]
IM-000000011387354-AP1.png ::::::::: [12]
IM-000000011378884-AP1.png ::::::::: [3, -2, 19, 2, 5, 2]
IM-000000011378956-AP1.png ::::::::: [3, 6, 5, 5, 6, 3, 4, 4, 4, 5, 5, 4, 1, 5, 5, 5, 5, 5, 5, 5, 5, 5]
IM-000000011322085-AP1.png ::::::::: [7, 1, 3, 8, 1, 1, 7, 1, 3]
IM-000000010865961-AP1.png ::::::::: [13, 4, 3, 3]
IM-000000010712583-AP1.png ::::::::: [13, -5]
IM-000000011379837-AP1.png ::::::::: [4, 3, 3, 1, 14, 3]
IM-000000011344106-AP1.png ::::::::: [-10, 11, 7, 8, 8, 6, 7, 7, 7, 7, 7, 7, 7, 7, 8, 7, 6, 6, 7, 6, 6, 7]
IM-000000010768804-AP1.png ::::::::: [17, 8, 6]
IM-000000010865958-AP1.png ::::::::: [12, -8, 3, 3, 3, 4]
IM-000000011379805-AP3.png ::::::::: [5, -9, 0, 3, 62, 4, 5, 3, 4, 374]
IM-000000010881247-AP1.png ::::::::: [3, 11]
IM-000000011378606-AP3.png ::::::::: [7, -2, -3, -3, -3]
IM-000000011367584-AP1.png ::::::::: [8, 10, -8, 11, 10, 10, 11, 11, 10, 11]
IM-000000011387369-AP1.png ::::::::: [5, 16]
IM-000000009411514-AP1.png ::::::::: [5, 3, 6, 5, 7, 7, 6]
IM-000000011379836-AP1.png ::::::::: [4, 4, 1, 11, 3, 3, 3, 13, 3, 13, 4, 14, 3, 13, 4, 15, 4]
IM-000000010676246-AP1.png ::::::::: [11, -8, 1, 2, 1, 0]
IM-000000011386966-AP1.png ::::::::: [11, 3, 15, -8, 23, 21, 1]
IM-000000011379453-AP2.png ::::::::: [-14, 2, 27, 9, 11]
IM-000000010965479-AP2.png ::::::::: [8, 7, 4, 3, 4, 4, 14, 0, 3, 2, 5, 4, 4, 4, 18, 48, 8, 3, 1, 4, 5, 13, 1, 1, 3, 6, 5, 4, 5, 19]
IM-000000010772103-AP1.png ::::::::: [8, 9, 4, 3, 14, 4, 5]
IM-000000011190599-AP1.png ::::::::: [-3, -6, 11, 7, 7, -8, 6, 9, 8, -3, -4]
IM-000000011379419-AP2.png ::::::::: [-5, 0, -4, 2, 62, 5, 4, 4, 4, -11, 372]
IM-000000011387282-AP1.png ::::::::: [10, 4, 15, 21, 2, 10, 4]
IM-000000011379443-AP9.png ::::::::: [5, 6, 24, 3, 7, 5, 7, 5, 7, 9, 4, 7, 8, 3, 7]
IM-000000009480622-AP1.png ::::::::: [10, 3, 17, 4]
IM-000000011387445-AP1.png ::::::::: [-4, 9, 4, -3, 17, -3, -2, 6, 5]
IM-000000009433102-AP1.png ::::::::: [7, 7, 4, 6]
IM-000000011379657-AP1.png ::::::::: [16, 5, 2, 6, 5, 5, 4, 4, -10, 5, 4, 20]
IM-000000011378804-AP20.png ::::::::: [-3, -2, -3, -5, 16, 5, 6, 4, 3, 18, 3, 6, 4, 16, 5, 4, 4, 4, 16, 4, 7, 3, 15, 5, 5, 3, 3]
IM-000000011379470-AP1.png ::::::::: [-4, -6, -3, 9, -12, 7, 7, 7, 7, 8, 8, 6, 7, 8, -10, -28, -9]
IM-000000011378667-AP1.png ::::::::: [3, 0]
IM-000000011254332-AP1.png ::::::::: [-1, -3, 19, 4]
IM-000000010865975-AP1.png ::::::::: [12, -9, 2, 2, 2]
IM-000000009418599-AP1.png ::::::::: [6, 3, 4, 6, 4, 7, 6]
IM-000000010712587-AP1.png ::::::::: [14, -5]
IM-000000011386871-AP1.png ::::::::: [-2, -5, 17, 5, 7]
IM-000000011098840-AP2.png ::::::::: [2, 14, 3, 2, 5, 4, 4, 3, 4, 4, 4, 4, 3, 4, 4, 3, 3, 3, 4, 3, 3, 3]
IM-000000010929702-AP1.png ::::::::: [-4, -3, -3, -5, 8, 3, 4, 2, 4, 2, 3, -1, 3, 15, 17, 13, 2, 2, 4, 4, 4, 171, 1, 1, 0, 1, 1]
IM-000000011369972-AP1.png ::::::::: [16, 5]
IM-000000010843146-AP1.png ::::::::: [8, 8, 3, 3, 3, 14, 3, 2, 3, 3, 4, 5, 4, 19]
IM-000000011186271-AP1.png ::::::::: [15, 6, 7, 5, 14, 2]
IM-000000011386922-AP1.png ::::::::: [14, 4]
IM-000000011387163-AP1.png ::::::::: [10, 3, 14, 22, 20, -7, 3, 11]
IM-000000011387384-AP2.png ::::::::: [21]
IM-000000010585549-AP1.png ::::::::: [9, 8, 7, 7, 7, 7, 8, 8, 7, 6]
IM-000000011379120-AP1.png ::::::::: [0, 0, 10, 2]
IM-000000010772396-AP1.png ::::::::: [-6, -6, 10, 7, 8, -8, 6, 6]
IM-000000010662988-AP1.png ::::::::: [5, 6, 4, 8]
IM-000000011378804-AP22.png ::::::::: [-3, -2, -3, 5, 3, 5, 4, 5, 16, 3, 7, 4, 15, -63, -62, 4, 5, 17, 3, 6, 4, 15, 6, 5, 3, 5]
IM-000000011386948-AP1.png ::::::::: [3, 26, 3, 16, 4, 16, 3, 17, 4, 16, -3, 4, 16, 5, 17, 4, 4, 16, 3, 17, 4, 4, 15, 4]
IM-000000011379149-AP1.png ::::::::: [10, 4, 2, 0, 13, 3, 4]
IM-000000011186251-AP2.png ::::::::: []
IM-000000011143056-AP1.png ::::::::: [5, 5, 5, 9, 4, -12, 6, 6, 7, 10, 20, 7, 6, 8, 8, 13]
IM-000000009436489-AP1.png ::::::::: [14, 9, 26, 55, 26]
IM-000000010772567-AP1.png ::::::::: [5, 7, 4, 5, 2, 2, 12, 4, 4, 18]
IM-000000011378639-AP1.png ::::::::: [8, -1, -2, -2, -3, 8, 3, 6, 7, 18, 8, 7, 19, 2, 19, -9, 6, 22, 4, 20, 3, 22, 6, 23, 3]
IM-000000010755800-AP2.png ::::::::: [7, -1, -2, -2, -3, 8, 17, 5]
IM-000000011369019-AP39.png ::::::::: [13, 4, 4, 4, 4]
IM-000000011249355-AP1.png ::::::::: [8, 7, 5, 17, 2, 3]
IM-000000011379276-AP2.png ::::::::: [5, -5, 0, -3, 3, 62, 3, 3, 4, 4, 374]
IM-000000010663073-AP1.png ::::::::: [6, 3, 1, 13, 1, 1]
IM-000000011677806-AP1.png ::::::::: [19, 7, 12, 7, 14, 6, 14, 7]
IM-000000011379530-AP1.png ::::::::: [3, 5, 3]
IM-000000011379972-AP1.png ::::::::: [4, 5]
IM-000000010676276-AP1.png ::::::::: [10, 0, 1, 1]
IM-000000011101899-AP1.png ::::::::: [9, 8, 2, 3, 4, 13, 3, 5]
IM-000000010733603-AP1.png ::::::::: [20, 3, 3, 3, 5, 15, 3, 15, 3, 5, 2, 11, 2, 5, 14, 2, 1, 1]
IM-000000011369019-AP2.png ::::::::: [13, 4, 4, 4, 4]
IM-000000011386671-AP2.png ::::::::: [6, 0, -1, -10, -7, -5, -4, -5, -7, -4, -3, -1, 6, 3, 15, 6, 7, 14, 4, 5, 15, 4, 7, 15, 4, 6, 15, 4, 3, -6, 15, 5, 4, 16, 6, 5, 16, 6, 6]
IM-000000011459575-AP11.png ::::::::: [-3, -4, -5, -4, 5, 3, 13, 2, 12, 3, 6, 4, 15, 2, 14, 4]
IM-000000011387583-AP1.png ::::::::: [-8, 10, 3]
IM-000000011367517-AP1.png ::::::::: [9, 6]
IM-000000011378874-AP1.png ::::::::: [11, 21, -7, 21]
IM-000000011686659-AP12.png ::::::::: [-4, -2, -4, -5, 3, 13, -9, 5, 9, 5, 5, 14, 3, 3, -125, -69, 3, 3, 15, 4, 8, 7, 4, 15, 0, 2, 3]
IM-000000010865935-AP1.png ::::::::: [12, 4, 5, 4, 4]
IM-000000011249352-AP1.png ::::::::: [-10, 12, 7, 8]
IM-000000011186273-AP1.png ::::::::: [15, 7, 13, 0]
IM-000000010948372-AP1.png ::::::::: [-4, -3, -3, -2, 6, -9, 3, 4, 15, 15, 15, 3, 0, 4, 4, 4, 2, 1, 5, 4, 4, 2, 4, 159, 2, 1, 0, 3, 2]
IM-000000011379204-AP1.png ::::::::: [11, 3, 9, 3, 16, 20, 2, 9, -7, 3, 8, -8, 3, 9, 3, 12, 3]
IM-000000011386879-AP1.png ::::::::: [-4, -9, -3, 17, 5, 9, 5, 8, 4, 9, 3, 9, 5, 9, 6, 9, 4, 10, 4, 7, 3, 9, 5, 6, 4, 8, 5]
IM-000000010965551-AP1.png ::::::::: [-7, 3, -8, -7, -2, 0, -1]
IM-000000010652229-AP1.png ::::::::: [-1, -1, 5, -7, 8, 7, 6, -7, 7, -6, 6, 7]
IM-000000011378804-AP17.png ::::::::: [-3, -2, -3, -6, 5, 4, 6, 5, 16, 4, 5, 4, 5, 17, 5, 7, 4, 15, 4, -109, -81, 2, 13, -9, 4, 8, 3, 15]
IM-000000010952149-AP1.png ::::::::: [8, 9, 3, 16, 2, 4, 20, 8, 18, 3, 5]
IM-000000011378619-AP1.png ::::::::: [6, -3, -2, -3, -3, 7, 6, 6, 17, 8, 7, 19, 3, 5, 24, 4, 5, 23, 4, 5, 22, 4, 5, 22, 3, 6, 21, 3, 7, 20, 4, 5, 22, 5]
IM-000000011286384-AP1.png ::::::::: [13, 5, 4, 5, 4]
IM-000000011379456-AP4.png ::::::::: [4, 5, 5, 3]
IM-000000011796877-AP1.png ::::::::: [1, -9, 548]
IM-000000011379263-AP1.png ::::::::: [-3, -4, 17, 4, 8]
IM-000000011378611-AP4.png ::::::::: [-3, -3, -3, -3, 8, 5, 23, 4, 5, 6, 6, 24, 4, 4, 6, 5, 23, 4, -6, 6, 7, 5, 22, 3, 3, 4, 6, 23, 4, 4, 6, 5, 35]
IM-000000010842434-AP1.png ::::::::: [13]
IM-000000011102079-AP1.png ::::::::: [12, 7, 8, 8, 7, 6, 7, 7, 7]
IM-000000011794225-AP1.png ::::::::: [8, -2, -2, -2, -3]
IM-000000011378593-AP1.png ::::::::: [7, -1, -2, -4, -4, 8, 6, 6, 5, 18, 8, 9, 19, 4]
IM-000000011310221-AP1.png ::::::::: [0, 15, 14, 15, 12, 110, 4, 366]
IM-000000011386715-AP1.png ::::::::: [13, -1, -5, 12, -4, -3, 11, -5, -2, 12, -2]
IM-000000011387232-AP1.png ::::::::: [-2, -4, 15, 3, 4, 10, 3, 3]
IM-000000010832526-AP1.png ::::::::: [10, 7, 9, 8, 8, 7, 7]
IM-000000011386881-AP2.png ::::::::: [-3, -10, -4, 17, 4, 7, 4, 8, 4, 8, 4, 9, 4, 9, 3, 9, 5, 10, 5, 8, 5, 6]
IM-000000010679224-AP1.png ::::::::: [4, 2, 1, 2]
IM-000000011379508-AP1.png ::::::::: [13, 5, 6]
IM-000000011387155-AP1.png ::::::::: [11, 3, 9, -7, 4, 10, 1, 9, 3, 8, -8, 4, 11, 3, 12, 3, 12, 3]
IM-000000011386728-AP1.png ::::::::: [11, 3, 11, 3, 15, 21, -7, 23, 3]
IM-000000011386739-AP1.png ::::::::: [16, 7, 11, 13, 8, 10, 12, 12, 11, 10, 12, 12, 11, 11, 13, 12, 12, 9, 11, 9, -7, 9, 10]
IM-000000011064237-AP1.png ::::::::: [-4, -2, -5, 22, 5, 8, -9, 16, -10, 3, 7, -11, -8, 5, 8, 17, 15, 4, 10, 4, 9, 3, 10, 14, -10, 14]
IM-000000011102691-AP1.png ::::::::: [-12, 8, 8, 17, 3, 3, 5, 4, 4, 5, 4, 4, 4, 4]
IM-000000011379685-AP1.png ::::::::: [7]
IM-000000011379440-AP7.png ::::::::: [9, 8, 7, 8, 7, 9, 8]
IM-000000011379440-AP2.png ::::::::: [9, 7, -11, 8, 6, 10, 6, 10, 4, 11, 9]
IM-000000011310474-AP18.png ::::::::: [19, 5, 6, 5, 5, 4, 5, 6, 5, 6, 6, 6, 6, 5, 6, 6, 5, 7, 7]
IM-000000011387317-AP1.png ::::::::: [18, 4, 6, 6, 5]
IM-000000010809068-AP4.png ::::::::: [10, -7, 1, 0, 0, 1]
IM-000000011379309-AP1.png ::::::::: [10, 3, 16, 21, 22, -7, 3, 12]
IM-000000011186432-AP1.png ::::::::: [13, 4, 5, 3]
IM-000000011378578-AP1.png ::::::::: [7, -3, -2, -2, -2]
IM-000000010842922-AP1.png ::::::::: [-4, -4, -3, 7, -9, 4, 3, 4, 4, 15, 16, 14, 2, 0, 4, 5, 4, 1, -11, 205, 2, -1, 0, 2, 1]
IM-000000011143055-AP1.png ::::::::: [6, 5, 4, 8, 6, 8, 11]
IM-000000011598501-AP1.png ::::::::: [-5, -1, 3, 4, 2, 352]
IM-000000011387279-AP1.png ::::::::: [11, -9, -1, 0, 3, 1, 1]
IM-000000011386696-AP2.png ::::::::: [-3, 10, 5, -3, -2, 5, 5, 6, 5, 4, -3, -2, 4, 5, 5, 5]
IM-000000011201057-AP1.png ::::::::: [2, 15, 2, 4, 3, 3, 3, 3, 4, 3, 4, 3, 4]
IM-000000011378635-AP2.png ::::::::: [7, -3, -1, -2, -3]
IM-000000011387399-AP1.png ::::::::: [7, 1, 13, 5, 3]
IM-000000011379481-AP1.png ::::::::: [-12, 4, 28, 4, 4, 2, 7, 15]
IM-000000011386898-AP1.png ::::::::: [-2, -5, 16, 5, 7]
IM-000000011387483-AP1.png ::::::::: [-1, -5, 16, 3, 1, 4, 5, 6, 3, 3, 3, 3, 4, 4, 4, 5, 5, 4, 4, 5]
IM-000000011379799-AP1.png ::::::::: [-6, 0, -3, 3, 19, 9, 59, 6, 34, 9, 59, 1, -3, 3, 197]
IM-000000011127054-AP1.png ::::::::: [-1, 14, 15, 14, 14, 13, 86, 4, 365]
IM-000000011459575-AP5.png ::::::::: [-3, -2, -3, -5, 4, 3, 8, 5, 14, 3, 3, 14, 3, 7, -49, -54, 1, 2, 13, 3, 8, 3, 15, 3, 1, 15]
IM-000000010473802-AP1.png ::::::::: [4, 4, 4, 7]
IM-000000010865976-AP1.png ::::::::: [-10, 12, 3, 1, 3, 2, 3]
IM-000000011387035-AP2.png ::::::::: [1, -11, 3, 18, 4, 19, 3, 17, -11, 4, 19, 4, 3, 30, 5, 32, -10, 3]
IM-000000011379916-AP1.png ::::::::: [13, 5, 4, 5, 5, 357, -10]
IM-000000011387188-AP1.png ::::::::: [7, 9, 8, 7, 8, 24, 25, 20]
IM-000000011379818-AP2.png ::::::::: [-11, -1, 2, 19, 7, 60, 3, 0, 31, 9, 58, 7, 34, 10, 58, 8, 32, 20]
IM-000000010288286-AP1.png ::::::::: [-2, -3, 12]
IM-000000010831843-AP5.png ::::::::: [11, 7, 7, 8, 8, 8, 8, 8, 9, 8, 8, 8, 8, 9, 9, 9, 8, 8, 8, 8, 8, 9, 8, 8]
IM-000000011379353-AP1.png ::::::::: [1, 14, 14]
IM-000000010652236-AP1.png ::::::::: [-1, -2, 4, 6, 7, 7, 5]
IM-000000010831546-AP1.png ::::::::: [-9, 11, 0, 2, 2]
IM-000000010579474-AP2.png ::::::::: [0, 32, 32, 40, 6, 4, 4, 15, 5, 4, 3, 17, 1, 3]
IM-000000011386731-AP1.png ::::::::: [15, 9, 11, 11, 9, 11, 10, 13, 10, 10, 11, 9, -8, 11, 10, 11, 11, 11, 10, 11, 9, 10, 11]
IM-000000011101917-AP1.png ::::::::: [9, 9, 2, 4, 3, 13, 3, 4, 18]
IM-000000011513089-AP1.png ::::::::: [10, 4, 4, 4, 4, 4, 4, 5, 5]
IM-000000010708248-AP1.png ::::::::: [8, 7, 3, 5, 13, 3, 5]
IM-000000009428244-AP1.png ::::::::: [14, 11, 27]
IM-000000011386927-AP1.png ::::::::: [-5, 0, 9, 11, 2, 14, 3, 12, 3, 11, -11, 3, 12, -10, 2, 12, 2, 5, 14, 1, 5, 14, -10, 1, 13, 2, 13, -10, 3, 3, 13, 2]
IM-000000010741418-AP1.png ::::::::: [4, 3, 1, 2, 4, 3, 1, 1, 4, 2, 2, 2, 7, 3, 2, 3]
IM-000000011322047-AP1.png ::::::::: [7, 8, 3, 4, 5, 14, 5, 3, 4, 4]
IM-000000009793863-AP1.png ::::::::: [4, 19, 18, 5, 4, 4, 8, 3, 4]
IM-000000009930263-AP2.png ::::::::: [8, 2, 2, 1, 4, 3, 3, 3, 3, 2, 1, 2, 3, 3, 2, 3, 4, 4]
IM-000000010881232-AP1.png ::::::::: [4, 2, 2, 12, 2, 2]
IM-000000010901645-AP1.png ::::::::: [-4, -4, -3, 8, 2, 3, 4, 4, 15, 16, 14, 2, 0, 4, 3, 3, 2, 0, -7, 196, 2, -1, 0, 2, 1]
IM-000000011186378-AP1.png ::::::::: [14, 5, 4, 3, 4]
IM-000000011378608-AP1.png ::::::::: [7, -1, -1, -3, -4]
IM-000000010731885-AP1.png ::::::::: [5, 2, 2]
IM-000000011387035-AP1.png ::::::::: [3, 5, 3, 16, 4, 18, 3, 4, 15, -10, 3, 16, -10, 4, 19, 5, 3, 31, 5]
IM-000000011379424-AP2.png ::::::::: [2, 23, 4]
IM-000000011387644-AP1.png ::::::::: [-4, -4, 23, 11]
IM-000000010733588-AP1.png ::::::::: [-10, 21, 3, 1, 2, 14, 4, 6, 2, 13, 4, 6, 2]
IM-000000009457732-AP1.png ::::::::: [23, 5, 25, 6, 25, 5, 25, 5, 26, 6]
IM-000000011386760-AP1.png ::::::::: [38, -3, -3, 34, 37]
IM-000000011269479-AP1.png ::::::::: [4, 13, 6, 12, 14, 13, 13, 12, 11, 13, 14, 14, 12, 13, 13, 12, 13, 5, 14]
IM-000000011386720-AP1.png ::::::::: [19, 7, 4]
IM-000000011379278-AP2.png ::::::::: [8, 12, 6, 4, 5, 5, 4, 5, 7, 6, 12, 4, 4, 4, 6, 5, 6, 8, 12, 6, 5, 4, 5, 5, 5, 6, 9, 12, 6, 5, 5, 4, 6, 4, 6, 9, 12, 5, 4, 5, 3, 5, 6]
IM-000000011379715-AP2.png ::::::::: [13, 3, 8, 10, 6]
IM-000000011387123-AP1.png ::::::::: [4, 8, -9, 24, 25]
IM-000000010663061-AP1.png ::::::::: [6, 3, 1, 13, 1, 1]
IM-000000011378649-AP2.png ::::::::: [-2, -3, -1, -3]
IM-000000011379623-AP1.png ::::::::: [15, 8, 6, 7]
IM-000000011379554-AP1.png ::::::::: [8, 6, 9, 17, 5, 8, 16, 7, 6, 6]
IM-000000011387345-AP1.png ::::::::: [0, 0, 21, 3]
IM-000000011386693-AP1.png ::::::::: [-3, 10, 5, -4, -2, 5]
IM-000000011379198-AP1.png ::::::::: [5]
IM-000000011379016-AP1.png ::::::::: [14, 4, 5]
IM-000000011500982-AP1.png ::::::::: [3, 5, 4, 5, 7, 5, 5, 7]
IM-000000010865953-AP1.png ::::::::: [12, 4, 3, 4, 4]
IM-000000011379668-AP1.png ::::::::: [9]
IM-000000010952151-AP2.png ::::::::: [9, 8, 4, 2, 3, 14, -1, 1, 4, 3, 4, 17, 45, 9, 3, 4, 2, 14, 4, 3, 4, 1, 3, 16]
IM-000000010756064-AP1.png ::::::::: [11, 8, 6, 7]
IM-000000011667222-AP1.png ::::::::: [4, 1, 9, 2, 450]
IM-000000011379382-AP3.png ::::::::: [2, 0, -6, 18, 13, -5, 3, 9, 14, -5, 2, 8, 12, -4, 5, 9, 13, -4, 4, 8, -10]
IM-000000011386959-AP1.png ::::::::: [2, 4, 1, 18, 2, 3, 30, 2, 18, 5, 19, 5, 21, 3, 18, 6]
IM-000000011459575-AP4.png ::::::::: [-5, -3, -3, -5, 3, 3, 7, 4, 15, 3, 2, 14, 3, 6, 4, -45, -45, 2, 15, 3, 6, 4, 14, 4, 4]
IM-000000011379381-AP1.png ::::::::: [3, 1, 23, -6, 4, 7, -9]
IM-000000011387374-AP1.png ::::::::: [21, -8, 102, 8]
IM-000000011387413-AP1.png ::::::::: [10, 3, 16, 20, 22, 1, 8, 21, 2, 8, -7, 3, 10, -7, 4, 15, 2, 16, 4]
IM-000000009411510-AP3.png ::::::::: [5, 7, 6, 6, 6, 4, 4]
IM-000000011387362-AP1.png ::::::::: [12]
IM-000000011333685-AP1.png ::::::::: [10, 7, 8, 8, 7, 6, 8, 8, 5]
IM-000000009423673-AP1.png ::::::::: [3, 2, 14, 3]
IM-000000011386960-AP1.png ::::::::: [10, 3, 16, 21, 2, 9, 1, 9, -7, 4, 15, 3, 16, 1]
IM-000000011379109-AP1.png ::::::::: [15, 8, 7, 9, 7, 8, 10]
IM-000000011387606-AP1.png ::::::::: [5, 15, 4, 4, 4, 4]
IM-000000011379814-AP2.png ::::::::: [-6, -1, -4, 4, 17, 33, 10, 60, 6, 33, 9, 60, 7, 172]
IM-000000011435888-AP1.png ::::::::: [1, 548]
IM-000000011379589-AP1.png ::::::::: [12, 17, 3, 1, 1, 3]
IM-000000010652233-AP1.png ::::::::: [-3, -2, 4, 5, -10, 6]
IM-000000010963995-AP1.png ::::::::: [12, 5, 6, 5]
IM-000000009411514-AP2.png ::::::::: [4]
IM-000000011369019-AP27.png ::::::::: [13, 4, 4, 5]
IM-000000011378710-AP1.png ::::::::: [-10, 20, 12, 12]
IM-000000011387240-AP1.png ::::::::: [11, 3, 8, 2, 8, 2, 15, -7, 23, 21, 0, 9, 20, 2, 9, -7, 3, 10]
IM-000000011379561-AP1.png ::::::::: [12, 14, 61, 7, 31, 9, 8]
IM-000000010663071-AP1.png ::::::::: [5, 0]
IM-000000011548113-AP1.png ::::::::: [-2, -4, 25, 24, 23, 23, 23, 23, 22, 22, 24]
IM-000000011378644-AP1.png ::::::::: [-3, -2, -1, -4, 8, 7, 5, 17, 8, 8, 19, 5, 21, -8, 6]
IM-000000010756067-AP1.png ::::::::: [10, 8, 7, 7, 8, 8]
IM-000000011378579-AP2.png ::::::::: [6, -3, -2, -2, -2]
IM-000000011379952-AP1.png ::::::::: [13, 5, 4, 4, 5, 4, 5, 5, 5, 4, 4, 3, 5, 4, 4, 4, 19]
IM-000000011386921-AP1.png ::::::::: [14, 6]
IM-000000011343859-AP1.png ::::::::: [7, 1, -1]
IM-000000011249351-AP1.png ::::::::: [9, 7, 7]
IM-000000011857053-AP1.png ::::::::: [7, 10, 11, 10, -7, 10, 9, 10, 8, 10]
IM-000000011379522-AP1.png ::::::::: [12, 4]
IM-000000009564047-AP1.png ::::::::: [1, 4, 32, 4, 4]
IM-000000011387473-AP1.png ::::::::: [-3, 10, 5, -5, -3, 5, 3, 4, 4, 2, -3, -2, 5, 2, 5, 5]
IM-000000011378804-AP15.png ::::::::: [-3, -2, -3, -6, -7, 4, 3, 7, 2, 16, 3, 4, 4, 4, 16, 2, 6, 1, 15, 6, 5, 5, 1, 15, 2, 6, 3, 13]
IM-000000010733569-AP1.png ::::::::: [21, 3, 5, 4, 13, 3, 16, 4, 15, 3, 5, 2, 3, 16, 5, 5, 5]
IM-000000011387376-AP1.png ::::::::: [3, 4, 5, 5, 2, 6, 5, 6]
IM-000000011186395-AP1.png ::::::::: [13, 5, 5, 4, 4]
IM-000000010756065-AP1.png ::::::::: [10, 9, 8, 8]
IM-000000011387161-AP1.png ::::::::: [9, 3]
IM-000000011143054-AP1.png ::::::::: [6, 2, 3, 10, 7, 6, 6, 11]
IM-000000011200858-AP1.png ::::::::: [10, 14, 13, 13]
IM-000000011379256-AP1.png ::::::::: [4, 3, 3, 3, 5, 3, 4, 3, 4, 2]
IM-000000011386972-AP1.png ::::::::: [10, 3, 14, 22, 21, 2, 9, 20, 3, 10, 3, 10, 2, 9, 2, 11, -7, 4, 15, 3, 16]
IM-000000011379650-AP2.png ::::::::: [1, 5, 7, 4, 4, 4, 6, 4, 3, 4, 5, 4, 4, 4, 5, 5, 4, 3, 5, 6, 4, 5, 5, 6, 5, 4, 4, 5, 5, 5, 6, 6, 5, 5, 4, 6, 4, 4, 5, 6, 6, 4, 4, 4, 4, 5, 4, 5, 4, 6, 5, 4, 6]
IM-000000011379909-AP1.png ::::::::: [13, 4, 4, 4, 5, 5, 4, 3, 316, -11]
IM-000000009457731-AP1.png ::::::::: [24, 4]
IM-000000011379196-AP1.png ::::::::: [3]
IM-000000011143056-AP2.png ::::::::: [5, 4, 4, 10, 6, 5, 5, 2, 4, 11, 19, 6, 8, 6, 7, 4, 7, 10, 19, 5, 7, 8, 7, 7, 13, 18, 7, 6, 8, 7, 7, 12]
IM-000000011379574-AP1.png ::::::::: [9, 11, 5, 8, 9, 10, 6]
IM-000000011188933-AP1.png ::::::::: [9, 10, 11]
IM-000000010759568-AP1.png ::::::::: [23, -12, 7]
IM-000000011802745-AP1.png ::::::::: [10, 6, 8, 7]
IM-000000010652231-AP1.png ::::::::: [-1, -1, 4, 6, 7, 5, -7, 5, 6, 6]
IM-000000011191756-AP1.png ::::::::: [4, 14, 6, 12, 12, 11, 12, 5, 13, 11, 4]
IM-000000010557088-AP1.png ::::::::: [7, 7, 7, 6, 8, 8, 7, 6, 9, 8]
IM-000000011387111-AP1.png ::::::::: [3, -13, -13]
IM-000000010733583-AP1.png ::::::::: [21, 3, 2, 3, 15, 4, 15, 2, 14, 4, 6]
IM-000000011387418-AP1.png ::::::::: [-12, 12, 2, 3, -3, 12, 13, 5, 3, -6, 5, 10, 13, 3, 3, -6, 7, 13, 13, 4, 4, -5, 6, 12]
IM-000000010617010-AP1.png ::::::::: [-5, -6, 17, 4, 4, 4]
IM-000000011186404-AP1.png ::::::::: [13, 4, 4, 3]
IM-000000010579474-AP1.png ::::::::: [-1, 32, 8, 6, 6, 6, 7, 7, 8, 6, 8, 8, 7, 6, 7, 8, 7, 6, 7, 7, 7, 5, 7, 7, 7, 17]
IM-000000011188934-AP1.png ::::::::: [9]
IM-000000011343294-AP2.png ::::::::: [-5, -4, 4, -3, -4, 5, -4, -4, 4, -3, -3, 4, -3, -4, 4, 2, 2, 5, -4, -4]
IM-000000010529633-AP1.png ::::::::: [12, 7, 5, 6, 6, 6, 5, 6, 5, 5, 6, 5, 5, 5]
IM-000000010892936-AP1.png ::::::::: [10, 2, 3, 3, 1, 4, 3, 4, 2, 0, 17, 2, 2, 2, 2, 52, -11, 6, -10, 9, 13, 2, 3, 2, 2, 52, -10, 6, -10, 9, 14, 3, 3, 2, 55, -10, 7, -9, 10, 32]
IM-000000011378661-AP1.png ::::::::: [7, -2, 0, -2, -2]
IM-000000011379461-AP16.png ::::::::: [1, 1, 23, -5, 4, 8]
IM-000000010865955-AP1.png ::::::::: [11, 4, 4, 5, 4]
IM-000000011387673-AP1.png ::::::::: [-8, -3, -3, 12, 279]
IM-000000011378814-AP2.png ::::::::: [-3, -4, 4, -2, -4, 5, 1, -1, 4, -2, -6, 5, -4, -4, 5, -2, -3]
IM-000000011310368-AP1.png ::::::::: [8, 8, 3, 4, 3, 16, 4, 5]
IM-000000011379366-AP1.png ::::::::: [3, 2, 3, 6, 6, 0, -13, -11, 6, 6]
IM-000000011379642-AP1.png ::::::::: [13, 3, 8]
IM-000000011459351-AP1.png ::::::::: [16, 4, 4, 14, -1, 4]
IM-000000011379891-AP1.png ::::::::: [14, 5, 6, 3, 5, 358]
IM-000000011286382-AP1.png ::::::::: [-11, 14, 5, 4, 4]
IM-000000011379818-AP3.png ::::::::: [-5, 0, -5, 4, 22, 60, 9, 33, 8, 59, 8, 34, 10, 61, 8, 34, 9, 26]
IM-000000011379754-AP1.png ::::::::: [3]
IM-000000011378600-AP1.png ::::::::: [8, -2, -3, -2, -3, 8, 4, 6, 16, 8, 8, 19, 4, 24, 6, 22, 6, 22, 4, 23, 3, 22, 3, 22, 5, 22, 5, 21, 5, 33]
IM-000000011379222-AP1.png ::::::::: [7, 5]
IM-000000011379823-AP1.png ::::::::: [10, -4, -5, 7, 11, -5, -4, 8]
IM-000000011379445-AP6.png ::::::::: [3, -12, 6, 24, 3, 6]
IM-000000011379510-AP1.png ::::::::: [6, 19, 4, 5, 5, 4, 5, 5, 6, 6, 6, 6]
IM-000000011550130-AP2.png ::::::::: [-2, -3]
IM-000000011387464-AP2.png ::::::::: [-3, 9, 4, -3, -2, 5, 5, 6, 5, 4, -3, -2, 4, 4, 5, 5, 3, -3, -2, 4, 3, 5, 5, 3, -3, -2, 5, 5, 5, 4]
IM-000000011379500-AP1.png ::::::::: [13, 2]
IM-000000011102001-AP1.png ::::::::: [6, 18, 3, 21, 4, 17, 4]
IM-000000011386948-AP2.png ::::::::: [-6, 1, 12, 3, 17, 3, 17, 3, 15, 4, 15, 4, 16, 4, 17, 3, 17, 3, 17, 4, 18, 3, 17, 3]
IM-000000010881208-AP1.png ::::::::: [4, 0, 2]
IM-000000011386730-AP1.png ::::::::: [16, 10, 10, 11, 10, 10, 11, 12, 13, 10, 10, 10, 11, 11, 11, 12, 12, 8, 11, 7, -8, 10, 9]
IM-000000011379780-AP1.png ::::::::: [5]
IM-000000010529107-AP1.png ::::::::: [-5, -5, 8, 15]
IM-000000010904574-AP1.png ::::::::: [8, 7, 4, 3, 3, 15, 4, 3, 5, 5, 4, 5, 4, 4, 4, 4, 4, 5, 3, 19]
IM-000000010733602-AP1.png ::::::::: [19, -11, 4, 13, -12, 4, 5, 16, 3, 1, -12, 1]
IM-000000010733573-AP1.png ::::::::: [-10, 20, 3, 15, 3, 4, 1, 11, 2, 6, 13, 6, 6, 5]
IM-000000011379973-AP1.png ::::::::: [4, 3, -10, 5, 5, 3, -10, -10, 5]
IM-000000010965479-AP3.png ::::::::: []
IM-000000011378779-AP1.png ::::::::: [8, 3]
IM-000000011379401-AP2.png ::::::::: [3, 0, -7, 23, -4, 3, 5, -10, 13, -6, 5, 9]
IM-000000011386905-AP1.png ::::::::: [-3, -10, -4, 17, 5, 6]
IM-000000011511178-AP1.png ::::::::: [6, 2, 0, 12, 2, 0]
IM-000000010890124-AP1.png ::::::::: [-5, -5, -3, 7, 2, 16, 16, 15, 2, 2, 4, 4, 3, 2, -10, 241, 1, 2, 1, 2, 0]
IM-000000011143060-AP1.png ::::::::: [5, 4, 3, 10, 7, 5, 7, 5, 10]
IM-000000011379333-AP2.png ::::::::: [13, 15, 14, 12]
IM-000000011370742-AP1.png ::::::::: [8, 7, 4, 4, 2, 13, 3, 4]
IM-000000011387105-AP1.png ::::::::: [3, -13]
IM-000000011378803-AP1.png ::::::::: [1, -5, 127]
IM-000000010865989-AP1.png ::::::::: [-8, 7, -9, -3, -1, -2, 0]
IM-000000011386934-AP2.png ::::::::: [1, 8, 2, 12, -12, 1, 11, -13, -11, 3, 13, 2, 13, 3]
IM-000000011386944-AP1.png ::::::::: [2, 28, 3, 5, 36, 17]
IM-000000011378586-AP1.png ::::::::: [8, -2, -2, -3, -3, 8, 4, 6, 17, 8, 8, 19, 4, 6, 6, 6, 22, 5, 5, 6, 5, 23, 5, 6, 6, 5, 23, 5, 6, 6, 7, 23, 3, 5, 6, 5, 23]
IM-000000010638076-AP1.png ::::::::: [11]
IM-000000010655224-AP1.png ::::::::: [8, 9, 2, 5, 4, 13, 1, 5, 19]
IM-000000011378913-AP1.png ::::::::: [13, 3, 216]
IM-000000010819088-AP6.png ::::::::: [6, 5, 5, 6, 17, 5, 1, 5, 4, 4, 14, 6, 3, 5, 17, 6, 5, 2, 4, 4, 4, 14, -10, 7, 4, 6, 17, 4, 6]
IM-000000011378631-AP1.png ::::::::: [8, -2, -1, -2, -3]
IM-000000011379338-AP1.png ::::::::: [5, 21, 8, 7, 6]
IM-000000011387010-AP1.png ::::::::: [4, 4, 5, 2, 1, -11, 4, 3, 6, 33, 5, 63, 6, 6, 7, 6]
IM-000000011379382-AP2.png ::::::::: [3, 0, -7, 24, -4, 3, 9, 14, -5, 4, 10, 15, -4, 4, 9, 14, -4, 5, 8, 11, -4, 4, 6, 13, -4, 4, 9, 13, -4, 5, 8, 12, -4, 5, 7, -10, -8, 14, 2]
IM-000000010071904-AP1.png ::::::::: [5, 17, 10, 5, 6]
IM-000000010814247-AP1.png ::::::::: [9, -11, 8, 14, 12, 8, 12, 14, 8, 13]
IM-000000011379588-AP1.png ::::::::: [-7, 19, 3, 4, 2, 0]
IM-000000011379361-AP1.png ::::::::: [9, 3, 5, 5, 4, 4, 4, 2, 3, 3, 5, 4, 4, 3, 5, 4, 6]
IM-000000011379412-AP1.png ::::::::: [14, -7, 6, 6, 11, 8, 9, 14, 7, 9]
IM-000000011249368-AP1.png ::::::::: [-8, 24, 7, 6, 7, 7, 6, 8, 7]
IM-000000011387565-AP1.png ::::::::: [5, 7, 14, -3]
IM-000000009466516-AP1.png ::::::::: [5, 2, 13, 5]
IM-000000011378898-AP1.png ::::::::: [0, 0, 10, 2]
IM-000000010662990-AP1.png ::::::::: [5, 6, -5, 5, 8]
IM-000000011378615-AP2.png ::::::::: [8, -1, -1, -2, -3, 7, 23, 4, 4, 34]
IM-000000011387521-AP2.png ::::::::: [18, -3, -3]
IM-000000011378648-AP2.png ::::::::: [6, -4, -3, -2, -2]
IM-000000011343858-AP1.png ::::::::: [6, 1, 0, 8, 1, 2]
IM-000000011379801-AP1.png ::::::::: [-7, 0, -3, 2, 21, 8, 58, 7, 120, 5, 5, 4, 4, 180]
IM-000000011379101-AP2.png ::::::::: [5, 12, 21, 5, 5, 7, 5, 23, 4, 5, 8, 23, 22, 7, 5, 7, 22, 6, 5, 6, 144]
IM-000000011253951-AP2.png ::::::::: [16, 2, 4, -3, -4, 1, 3, 29, 3, 5, -3, -2, 2, 3]
IM-000000011386923-AP1.png ::::::::: [14, 5]
IM-000000011387230-AP2.png ::::::::: [2, 64]
IM-000000010854737-AP1.png ::::::::: [7, 7, 4, 3, 2, 15, 4, 3, 5]
IM-000000010731884-AP1.png ::::::::: [6, 3, 1, 1, 0]
IM-000000011386879-AP3.png ::::::::: [-1, -4, 16, 4, 7, 4, 8]
IM-000000011387630-AP1.png ::::::::: [15, 2, 4, 9, 3, 0, 9, 1, 5, 8, 3, 2, 10, 2, 4]
IM-000000011387385-AP1.png ::::::::: [12, 3, 4, 2, 12, 12]
IM-000000011387485-AP1.png ::::::::: [-1, -4, 16, 4, 2, 4, 4, 5, 2, 2, 4, 4, 5, 4, 6, 5, 4, 4, 8]
IM-000000011254336-AP1.png ::::::::: [-3, -5, 18, 4]
IM-000000011127055-AP1.png ::::::::: [-3, 14, 174, 5]
IM-000000010859297-AP1.png ::::::::: [11, 7, 7, 6, 6, 7]
IM-000000009677502-AP1.png ::::::::: [-7, 0, 10, 10, 2, 3, 66, 7]
IM-000000011379058-AP1.png ::::::::: [13, 4, 6]
IM-000000011379262-AP2.png ::::::::: [-3, -8, -2, 31, 8, 8, 8, 9, 6, 8]
IM-000000011379334-AP1.png ::::::::: [10, -6, 6, -6, 20, -6, 6, -7, 5, 18, 5, 3, 259, 17, 4, 3]
IM-000000010854739-AP1.png ::::::::: [-11, 7, 8, 3, 2, 3, 14, 3, 3, 5]
IM-000000011379430-AP2.png ::::::::: [12, 6]
IM-000000011186418-AP1.png ::::::::: [-10, 14, 4, 4, 4, 4]
IM-000000011379369-AP1.png ::::::::: [6, 9, 6, 3, 6, 4, 6, 4]
IM-000000011284773-AP1.png ::::::::: [6, 19, 2, 4, 6, 9, 4, 5]
IM-000000010733581-AP1.png ::::::::: [-9, 19, 3, 1, 3, 15, 3, 3, 4, 15, 4, 2, -12, 1, 4, 14, -12, 4, 2, 5, 13, 4, 1, 1]
IM-000000011379595-AP1.png ::::::::: [19, 3, 3, 1, 1]
IM-000000011678625-AP1.png ::::::::: [12, 3, 4, 34, 23, 5, 7, 6, 55, 7, 8, 8, 9, 22, -11, 21, 6, 6, 7, 20, 6]
IM-000000010840195-AP1.png ::::::::: [7, 11, 10, 11, 11, 11, 10, 11, 10]
IM-000000010733591-AP1.png ::::::::: [21, 2, 2, 3, 3, 13, 4, 3, 4, 13, -11, 4, 3, 2, 13, 3, 2, -12, 1]
IM-000000011376572-AP1.png ::::::::: [10, 8, 8, 8]
IM-000000011009945-AP1.png ::::::::: [4, 5, 3, 5, 4, 3, 5, 4, 5, 4, 5, 5, 4, 5, 4, 6, 5, 6, 4, 6]
IM-000000011386858-AP1.png ::::::::: [11, 3, 16, 21, 19, 2]
IM-000000011387365-AP1.png ::::::::: [12, 5, 3, -2, 13, 17, 11, -7, 11, 14, 2, 2, 6, 4, -4, -2, 4, 11, 11, 20]
IM-000000011378588-AP2.png ::::::::: [7, -1, -2, -3, -3]
IM-000000009606437-AP5.png ::::::::: [5, 5, 7, 4, 4, 5, 37]
IM-000000009421314-AP1.png ::::::::: [5, 3, 5, 6, 6, 6, 6]
IM-000000010485223-AP1.png ::::::::: [6, 18]
IM-000000011186421-AP1.png ::::::::: [13, 5, 5, 5, 5]
IM-000000011378712-AP1.png ::::::::: [-10, 21, 13, 13, 12, 14]
IM-000000011828276-AP1.png ::::::::: [15, 6]
IM-000000011386733-AP1.png ::::::::: [16, 11, 11, 9, 9, 11, 12, 11, 13, 9, 10, 12, 11, 11, 11, 12, 11, 9, 10, 10, 11, 11]
IM-000000010666197-AP1.png ::::::::: [-4, -2, -5, 24, 3, 9]
IM-000000011254325-AP1.png ::::::::: [-1, -2, 19, 5]
IM-000000011379192-AP1.png ::::::::: [3]
IM-000000010652225-AP1.png ::::::::: [-2, -2, 5, 6, 7, 8, 6, 8]
IM-000000011386904-AP1.png ::::::::: [-3, -10, -4, 17, 4, 9, 4, 10, 3, 9, 5, 9, 4, 8, 5, 9, 4, 10, 5, 9, 5, 6]
IM-000000011333681-AP1.png ::::::::: [12, 7, 8, 8, 8, 8]
IM-000000010652238-AP1.png ::::::::: [-1, -2, 5, 7, 6, 5, -7, 8, 6, -7, 6, -10, 5, -9]
IM-000000011254323-AP1.png ::::::::: [-3, -9, -3, 19, 5]
IM-000000011101955-AP1.png ::::::::: [-4, -5, -4, -5, 8, 3, 4, 2, 5, 4, 16, 16, 14, 2, 3, 4, 5, 3, 1, -10, 193, 1, 2, 1, 3, -1]
IM-000000011686659-AP11.png ::::::::: [-3, -2, -4, -5, 5, 2, 14, 4, 7, 7, 5, 14, 2, 3, 2, 15, 5, 7, 7, 6, 15, 3, 3, 3, 4, 1, 1]
IM-000000011379333-AP1.png ::::::::: [10, 15, 14, 13, 12, 16, 14, 13, 11, -9, 14, 11]
IM-000000011379443-AP6.png ::::::::: [4, 6, 26, 3, 6, 6, -11, 5, 7, 9, 3, 5, 8, 3, 6]
IM-000000011101911-AP1.png ::::::::: [11, 7, 9, 6, -9, 9, 8]
IM-000000011523182-AP1.png ::::::::: [-3, -2, -4, -6, 4, 4, 6, 5, 27, 3, 3, 4, 4]
IM-000000011741699-AP1.png ::::::::: [5, 4, 2, 2]
IM-000000011378984-AP1.png ::::::::: [10, 3, 16, 20, 21, -8, 23, 2, 9, -7, 3, 8, 3, 9, 1, 9, -7, 3, 10, 2, 9, -8, 3, 11, -7, 5, 12]
IM-000000011379440-AP5.png ::::::::: [10, 8, 7, 7, 5, 8, 9]
IM-000000011379373-AP1.png ::::::::: [-9, 2, -1, -8, 25, -5, 4, 10, 13, -4, 5, 10, 13, -6, 4, 9, 12, -5, 3, 9, 15, -4, 4, 8, 14, 5, 8]
IM-000000011285439-AP1.png ::::::::: [10, 0]
IM-000000011143059-AP1.png ::::::::: [6, 4, 5, 10, 6, 7, 12]
IM-000000011583836-AP1.png ::::::::: [5, 1, 11, 2, 1, 10, 0, 10, 0, 10, 2, 10, -1, -11]
IM-000000011685260-AP1.png ::::::::: [6, 6, 16, 4, -11, 3]
IM-000000011386904-AP2.png ::::::::: [-3]
IM-000000010731886-AP1.png ::::::::: [5, 1, 1, 1, 9, 0, 1, 2, 1, 11, 0, 0, 1, 1]
IM-000000009479483-AP2.png ::::::::: [2, 1, 6, 5]
IM-000000011143058-AP1.png ::::::::: [6, 4, 4, 9, 5, 4, 6, 7, 6, 10]
IM-000000010301545-AP2.png ::::::::: [2, 5, 4, 24, 5, 14, 5, 4, 16, 4]
IM-000000010534569-AP1.png ::::::::: [-7, -4, -7, 8, 7]
IM-000000010881253-AP1.png ::::::::: [-1, 0, 9, 1]
IM-000000011379343-AP1.png ::::::::: [9, -6, 388, 15, 6, 4]
IM-000000011249371-AP1.png ::::::::: [-9, 21, 8, 6, 9]
IM-000000011186251-AP1.png ::::::::: [8, 8, 4, 5, 3, 16, 4, 4, 18, 8, 4, 4, 3, 14, 0, 2]
IM-000000010638217-AP1.png ::::::::: [8, 10]
IM-000000010865965-AP1.png ::::::::: [12, 3, 3, 4, 4]
IM-000000011380030-AP1.png ::::::::: [3, -1, 16, 3, 4, 2]
IM-000000011249374-AP1.png ::::::::: [4]
IM-000000011386943-AP1.png ::::::::: [2, 27, 3, 36]
IM-000000011387354-AP1.png ::::::::: [12]
IM-000000011378884-AP1.png ::::::::: [3, -2, 19, 2, 5, 2]
IM-000000011378956-AP1.png ::::::::: [3, 6, 5, 5, 6, 3, 4, 4, 4, 5, 5, 4, 1, 5, 5, 5, 5, 5, 5, 5, 5, 5]
IM-000000011322085-AP1.png ::::::::: [7, 1, 3, 8, 1, 1, 7, 1, 3]
IM-000000010865961-AP1.png ::::::::: [13, 4, 3, 3]
IM-000000010712583-AP1.png ::::::::: [13, -5]
IM-000000011379837-AP1.png ::::::::: [4, 3, 3, 1, 14, 3]
IM-000000011344106-AP1.png ::::::::: [-10, 11, 7, 8, 8, 6, 7, 7, 7, 7, 7, 7, 7, 7, 8, 7, 6, 6, 7, 6, 6, 7]
IM-000000010768804-AP1.png ::::::::: [17, 8, 6]
IM-000000010865958-AP1.png ::::::::: [12, -8, 3, 3, 3, 4]
IM-000000011379805-AP3.png ::::::::: [5, -9, 0, 3, 62, 4, 5, 3, 4, 374]
IM-000000010881247-AP1.png ::::::::: [3, 11]
IM-000000011378606-AP3.png ::::::::: [7, -2, -3, -3, -3]
IM-000000011367584-AP1.png ::::::::: [8, 10, -8, 11, 10, 10, 11, 11, 10, 11]
IM-000000011387369-AP1.png ::::::::: [5, 16]
IM-000000009411514-AP1.png ::::::::: [5, 3, 6, 5, 7, 7, 6]
IM-000000011379836-AP1.png ::::::::: [4, 4, 1, 11, 3, 3, 3, 13, 3, 13, 4, 14, 3, 13, 4, 15, 4]
IM-000000010676246-AP1.png ::::::::: [11, -8, 1, 2, 1, 0]
IM-000000011386966-AP1.png ::::::::: [11, 3, 15, -8, 23, 21, 1]
IM-000000011379453-AP2.png ::::::::: [-14, 2, 27, 9, 11]
IM-000000010965479-AP2.png ::::::::: [8, 7, 4, 3, 4, 4, 14, 0, 3, 2, 5, 4, 4, 4, 18, 48, 8, 3, 1, 4, 5, 13, 1, 1, 3, 6, 5, 4, 5, 19]
IM-000000010772103-AP1.png ::::::::: [8, 9, 4, 3, 14, 4, 5]
IM-000000011190599-AP1.png ::::::::: [-3, -6, 11, 7, 7, -8, 6, 9, 8, -3, -4]
IM-000000011379419-AP2.png ::::::::: [-5, 0, -4, 2, 62, 5, 4, 4, 4, -11, 372]
IM-000000011387282-AP1.png ::::::::: [10, 4, 15, 21, 2, 10, 4]
IM-000000011379443-AP9.png ::::::::: [5, 6, 24, 3, 7, 5, 7, 5, 7, 9, 4, 7, 8, 3, 7]
IM-000000009480622-AP1.png ::::::::: [10, 3, 17, 4]
IM-000000011387445-AP1.png ::::::::: [-4, 9, 4, -3, 17, -3, -2, 6, 5]
IM-000000009433102-AP1.png ::::::::: [7, 7, 4, 6]
IM-000000011379657-AP1.png ::::::::: [16, 5, 2, 6, 5, 5, 4, 4, -10, 5, 4, 20]
IM-000000011378804-AP20.png ::::::::: [-3, -2, -3, -5, 16, 5, 6, 4, 3, 18, 3, 6, 4, 16, 5, 4, 4, 4, 16, 4, 7, 3, 15, 5, 5, 3, 3]
IM-000000011379470-AP1.png ::::::::: [-4, -6, -3, 9, -12, 7, 7, 7, 7, 8, 8, 6, 7, 8, -10, -28, -9]
IM-000000011378667-AP1.png ::::::::: [3, 0]
IM-000000011254332-AP1.png ::::::::: [-1, -3, 19, 4]
IM-000000010865975-AP1.png ::::::::: [12, -9, 2, 2, 2]
IM-000000009418599-AP1.png ::::::::: [6, 3, 4, 6, 4, 7, 6]
IM-000000010712587-AP1.png ::::::::: [14, -5]
IM-000000011386871-AP1.png ::::::::: [-2, -5, 17, 5, 7]
IM-000000011098840-AP2.png ::::::::: [2, 14, 3, 2, 5, 4, 4, 3, 4, 4, 4, 4, 3, 4, 4, 3, 3, 3, 4, 3, 3, 3]
IM-000000010929702-AP1.png ::::::::: [-4, -3, -3, -5, 8, 3, 4, 2, 4, 2, 3, -1, 3, 15, 17, 13, 2, 2, 4, 4, 4, 171, 1, 1, 0, 1, 1]
IM-000000011369972-AP1.png ::::::::: [16, 5]
IM-000000010843146-AP1.png ::::::::: [8, 8, 3, 3, 3, 14, 3, 2, 3, 3, 4, 5, 4, 19]
IM-000000011186271-AP1.png ::::::::: [15, 6, 7, 5, 14, 2]
IM-000000011386922-AP1.png ::::::::: [14, 4]
IM-000000011387163-AP1.png ::::::::: [10, 3, 14, 22, 20, -7, 3, 11]
IM-000000011387384-AP2.png ::::::::: [21]
IM-000000010585549-AP1.png ::::::::: [9, 8, 7, 7, 7, 7, 8, 8, 7, 6]
IM-000000011379120-AP1.png ::::::::: [0, 0, 10, 2]
IM-000000010772396-AP1.png ::::::::: [-6, -6, 10, 7, 8, -8, 6, 6]
IM-000000010662988-AP1.png ::::::::: [5, 6, 4, 8]
IM-000000011378804-AP22.png ::::::::: [-3, -2, -3, 5, 3, 5, 4, 5, 16, 3, 7, 4, 15, -63, -62, 4, 5, 17, 3, 6, 4, 15, 6, 5, 3, 5]
IM-000000011386948-AP1.png ::::::::: [3, 26, 3, 16, 4, 16, 3, 17, 4, 16, -3, 4, 16, 5, 17, 4, 4, 16, 3, 17, 4, 4, 15, 4]
IM-000000011379149-AP1.png ::::::::: [10, 4, 2, 0, 13, 3, 4]
IM-000000011186251-AP2.png ::::::::: []
IM-000000011143056-AP1.png ::::::::: [5, 5, 5, 9, 4, -12, 6, 6, 7, 10, 20, 7, 6, 8, 8, 13]
IM-000000009436489-AP1.png ::::::::: [14, 9, 26, 55, 26]
IM-000000010772567-AP1.png ::::::::: [5, 7, 4, 5, 2, 2, 12, 4, 4, 18]
IM-000000011378639-AP1.png ::::::::: [8, -1, -2, -2, -3, 8, 3, 6, 7, 18, 8, 7, 19, 2, 19, -9, 6, 22, 4, 20, 3, 22, 6, 23, 3]
IM-000000010755800-AP2.png ::::::::: [7, -1, -2, -2, -3, 8, 17, 5]
IM-000000011369019-AP39.png ::::::::: [13, 4, 4, 4, 4]
IM-000000011249355-AP1.png ::::::::: [8, 7, 5, 17, 2, 3]
IM-000000011379276-AP2.png ::::::::: [5, -5, 0, -3, 3, 62, 3, 3, 4, 4, 374]
IM-000000010663073-AP1.png ::::::::: [6, 3, 1, 13, 1, 1]
IM-000000011677806-AP1.png ::::::::: [19, 7, 12, 7, 14, 6, 14, 7]
IM-000000011379530-AP1.png ::::::::: [3, 5, 3]
IM-000000011379972-AP1.png ::::::::: [4, 5]
IM-000000010676276-AP1.png ::::::::: [10, 0, 1, 1]
IM-000000011101899-AP1.png ::::::::: [9, 8, 2, 3, 4, 13, 3, 5]
IM-000000010733603-AP1.png ::::::::: [20, 3, 3, 3, 5, 15, 3, 15, 3, 5, 2, 11, 2, 5, 14, 2, 1, 1]
IM-000000011369019-AP2.png ::::::::: [13, 4, 4, 4, 4]
IM-000000011386671-AP2.png ::::::::: [6, 0, -1, -10, -7, -5, -4, -5, -7, -4, -3, -1, 6, 3, 15, 6, 7, 14, 4, 5, 15, 4, 7, 15, 4, 6, 15, 4, 3, -6, 15, 5, 4, 16, 6, 5, 16, 6, 6]
IM-000000011459575-AP11.png ::::::::: [-3, -4, -5, -4, 5, 3, 13, 2, 12, 3, 6, 4, 15, 2, 14, 4]
IM-000000011387583-AP1.png ::::::::: [-8, 10, 3]
IM-000000011367517-AP1.png ::::::::: [9, 6]
IM-000000011378874-AP1.png ::::::::: [11, 21, -7, 21]
IM-000000011686659-AP12.png ::::::::: [-4, -2, -4, -5, 3, 13, -9, 5, 9, 5, 5, 14, 3, 3, -125, -69, 3, 3, 15, 4, 8, 7, 4, 15, 0, 2, 3]
IM-000000010865935-AP1.png ::::::::: [12, 4, 5, 4, 4]
IM-000000011249352-AP1.png ::::::::: [-10, 12, 7, 8]
IM-000000011186273-AP1.png ::::::::: [15, 7, 13, 0]
IM-000000010948372-AP1.png ::::::::: [-4, -3, -3, -2, 6, -9, 3, 4, 15, 15, 15, 3, 0, 4, 4, 4, 2, 1, 5, 4, 4, 2, 4, 159, 2, 1, 0, 3, 2]
IM-000000011379204-AP1.png ::::::::: [11, 3, 9, 3, 16, 20, 2, 9, -7, 3, 8, -8, 3, 9, 3, 12, 3]
IM-000000011386879-AP1.png ::::::::: [-4, -9, -3, 17, 5, 9, 5, 8, 4, 9, 3, 9, 5, 9, 6, 9, 4, 10, 4, 7, 3, 9, 5, 6, 4, 8, 5]
IM-000000010965551-AP1.png ::::::::: [-7, 3, -8, -7, -2, 0, -1]
IM-000000010652229-AP1.png ::::::::: [-1, -1, 5, -7, 8, 7, 6, -7, 7, -6, 6, 7]
IM-000000011378804-AP17.png ::::::::: [-3, -2, -3, -6, 5, 4, 6, 5, 16, 4, 5, 4, 5, 17, 5, 7, 4, 15, 4, -109, -81, 2, 13, -9, 4, 8, 3, 15]
IM-000000010952149-AP1.png ::::::::: [8, 9, 3, 16, 2, 4, 20, 8, 18, 3, 5]
IM-000000011378619-AP1.png ::::::::: [6, -3, -2, -3, -3, 7, 6, 6, 17, 8, 7, 19, 3, 5, 24, 4, 5, 23, 4, 5, 22, 4, 5, 22, 3, 6, 21, 3, 7, 20, 4, 5, 22, 5]
IM-000000011286384-AP1.png ::::::::: [13, 5, 4, 5, 4]
IM-000000011379456-AP4.png ::::::::: [4, 5, 5, 3]
IM-000000011796877-AP1.png ::::::::: [1, -9, 548]
IM-000000011379263-AP1.png ::::::::: [-3, -4, 17, 4, 8]
IM-000000011378611-AP4.png ::::::::: [-3, -3, -3, -3, 8, 5, 23, 4, 5, 6, 6, 24, 4, 4, 6, 5, 23, 4, -6, 6, 7, 5, 22, 3, 3, 4, 6, 23, 4, 4, 6, 5, 35]
IM-000000010842434-AP1.png ::::::::: [13]
IM-000000011102079-AP1.png ::::::::: [12, 7, 8, 8, 7, 6, 7, 7, 7]
IM-000000011794225-AP1.png ::::::::: [8, -2, -2, -2, -3]
IM-000000011378593-AP1.png ::::::::: [7, -1, -2, -4, -4, 8, 6, 6, 5, 18, 8, 9, 19, 4]
IM-000000011310221-AP1.png ::::::::: [0, 15, 14, 15, 12, 110, 4, 366]
IM-000000011386715-AP1.png ::::::::: [13, -1, -5, 12, -4, -3, 11, -5, -2, 12, -2]
IM-000000011387232-AP1.png ::::::::: [-2, -4, 15, 3, 4, 10, 3, 3]
IM-000000010832526-AP1.png ::::::::: [10, 7, 9, 8, 8, 7, 7]
IM-000000011386881-AP2.png ::::::::: [-3, -10, -4, 17, 4, 7, 4, 8, 4, 8, 4, 9, 4, 9, 3, 9, 5, 10, 5, 8, 5, 6]
IM-000000010679224-AP1.png ::::::::: [4, 2, 1, 2]
IM-000000011379508-AP1.png ::::::::: [13, 5, 6]
IM-000000011387155-AP1.png ::::::::: [11, 3, 9, -7, 4, 10, 1, 9, 3, 8, -8, 4, 11, 3, 12, 3, 12, 3]
IM-000000011386728-AP1.png ::::::::: [11, 3, 11, 3, 15, 21, -7, 23, 3]
IM-000000011386739-AP1.png ::::::::: [16, 7, 11, 13, 8, 10, 12, 12, 11, 10, 12, 12, 11, 11, 13, 12, 12, 9, 11, 9, -7, 9, 10]
IM-000000011064237-AP1.png ::::::::: [-4, -2, -5, 22, 5, 8, -9, 16, -10, 3, 7, -11, -8, 5, 8, 17, 15, 4, 10, 4, 9, 3, 10, 14, -10, 14]
IM-000000011102691-AP1.png ::::::::: [-12, 8, 8, 17, 3, 3, 5, 4, 4, 5, 4, 4, 4, 4]
IM-000000011379685-AP1.png ::::::::: [7]
IM-000000011379440-AP7.png ::::::::: [9, 8, 7, 8, 7, 9, 8]
IM-000000011379440-AP2.png ::::::::: [9, 7, -11, 8, 6, 10, 6, 10, 4, 11, 9]
IM-000000011310474-AP18.png ::::::::: [19, 5, 6, 5, 5, 4, 5, 6, 5, 6, 6, 6, 6, 5, 6, 6, 5, 7, 7]
IM-000000011387317-AP1.png ::::::::: [18, 4, 6, 6, 5]
IM-000000010809068-AP4.png ::::::::: [10, -7, 1, 0, 0, 1]
IM-000000011379309-AP1.png ::::::::: [10, 3, 16, 21, 22, -7, 3, 12]
IM-000000011186432-AP1.png ::::::::: [13, 4, 5, 3]
IM-000000011378578-AP1.png ::::::::: [7, -3, -2, -2, -2]
IM-000000010842922-AP1.png ::::::::: [-4, -4, -3, 7, -9, 4, 3, 4, 4, 15, 16, 14, 2, 0, 4, 5, 4, 1, -11, 205, 2, -1, 0, 2, 1]
IM-000000011143055-AP1.png ::::::::: [6, 5, 4, 8, 6, 8, 11]
IM-000000011598501-AP1.png ::::::::: [-5, -1, 3, 4, 2, 352]
IM-000000011387279-AP1.png ::::::::: [11, -9, -1, 0, 3, 1, 1]
IM-000000011386696-AP2.png ::::::::: [-3, 10, 5, -3, -2, 5, 5, 6, 5, 4, -3, -2, 4, 5, 5, 5]
IM-000000011201057-AP1.png ::::::::: [2, 15, 2, 4, 3, 3, 3, 3, 4, 3, 4, 3, 4]
IM-000000011378635-AP2.png ::::::::: [7, -3, -1, -2, -3]
IM-000000011387399-AP1.png ::::::::: [7, 1, 13, 5, 3]
IM-000000011379481-AP1.png ::::::::: [-12, 4, 28, 4, 4, 2, 7, 15]
IM-000000011386898-AP1.png ::::::::: [-2, -5, 16, 5, 7]
IM-000000011387483-AP1.png ::::::::: [-1, -5, 16, 3, 1, 4, 5, 6, 3, 3, 3, 3, 4, 4, 4, 5, 5, 4, 4, 5]
IM-000000011379799-AP1.png ::::::::: [-6, 0, -3, 3, 19, 9, 59, 6, 34, 9, 59, 1, -3, 3, 197]
IM-000000011127054-AP1.png ::::::::: [-1, 14, 15, 14, 14, 13, 86, 4, 365]
IM-000000011459575-AP5.png ::::::::: [-3, -2, -3, -5, 4, 3, 8, 5, 14, 3, 3, 14, 3, 7, -49, -54, 1, 2, 13, 3, 8, 3, 15, 3, 1, 15]
IM-000000010473802-AP1.png ::::::::: [4, 4, 4, 7]
IM-000000010865976-AP1.png ::::::::: [-10, 12, 3, 1, 3, 2, 3]
IM-000000011387035-AP2.png ::::::::: [1, -11, 3, 18, 4, 19, 3, 17, -11, 4, 19, 4, 3, 30, 5, 32, -10, 3]
IM-000000011379916-AP1.png ::::::::: [13, 5, 4, 5, 5, 357, -10]
IM-000000011387188-AP1.png ::::::::: [7, 9, 8, 7, 8, 24, 25, 20]
IM-000000011379818-AP2.png ::::::::: [-11, -1, 2, 19, 7, 60, 3, 0, 31, 9, 58, 7, 34, 10, 58, 8, 32, 20]
IM-000000010288286-AP1.png ::::::::: [-2, -3, 12]
IM-000000010831843-AP5.png ::::::::: [11, 7, 7, 8, 8, 8, 8, 8, 9, 8, 8, 8, 8, 9, 9, 9, 8, 8, 8, 8, 8, 9, 8, 8]
IM-000000011379353-AP1.png ::::::::: [1, 14, 14]
IM-000000010652236-AP1.png ::::::::: [-1, -2, 4, 6, 7, 7, 5]
IM-000000010831546-AP1.png ::::::::: [-9, 11, 0, 2, 2]
IM-000000010579474-AP2.png ::::::::: [0, 32, 32, 40, 6, 4, 4, 15, 5, 4, 3, 17, 1, 3]
IM-000000011386731-AP1.png ::::::::: [15, 9, 11, 11, 9, 11, 10, 13, 10, 10, 11, 9, -8, 11, 10, 11, 11, 11, 10, 11, 9, 10, 11]
IM-000000011101917-AP1.png ::::::::: [9, 9, 2, 4, 3, 13, 3, 4, 18]
IM-000000011513089-AP1.png ::::::::: [10, 4, 4, 4, 4, 4, 4, 5, 5]
IM-000000010708248-AP1.png ::::::::: [8, 7, 3, 5, 13, 3, 5]
IM-000000009428244-AP1.png ::::::::: [14, 11, 27]
IM-000000011386927-AP1.png ::::::::: [-5, 0, 9, 11, 2, 14, 3, 12, 3, 11, -11, 3, 12, -10, 2, 12, 2, 5, 14, 1, 5, 14, -10, 1, 13, 2, 13, -10, 3, 3, 13, 2]
IM-000000010741418-AP1.png ::::::::: [4, 3, 1, 2, 4, 3, 1, 1, 4, 2, 2, 2, 7, 3, 2, 3]
IM-000000011322047-AP1.png ::::::::: [7, 8, 3, 4, 5, 14, 5, 3, 4, 4]
IM-000000009793863-AP1.png ::::::::: [4, 19, 18, 5, 4, 4, 8, 3, 4]
IM-000000009930263-AP2.png ::::::::: [8, 2, 2, 1, 4, 3, 3, 3, 3, 2, 1, 2, 3, 3, 2, 3, 4, 4]
IM-000000010881232-AP1.png ::::::::: [4, 2, 2, 12, 2, 2]
IM-000000010901645-AP1.png ::::::::: [-4, -4, -3, 8, 2, 3, 4, 4, 15, 16, 14, 2, 0, 4, 3, 3, 2, 0, -7, 196, 2, -1, 0, 2, 1]
IM-000000011186378-AP1.png ::::::::: [14, 5, 4, 3, 4]
IM-000000011378608-AP1.png ::::::::: [7, -1, -1, -3, -4]
IM-000000010731885-AP1.png ::::::::: [5, 2, 2]
IM-000000011387035-AP1.png ::::::::: [3, 5, 3, 16, 4, 18, 3, 4, 15, -10, 3, 16, -10, 4, 19, 5, 3, 31, 5]
IM-000000011379424-AP2.png ::::::::: [2, 23, 4]
IM-000000011387644-AP1.png ::::::::: [-4, -4, 23, 11]
IM-000000010733588-AP1.png ::::::::: [-10, 21, 3, 1, 2, 14, 4, 6, 2, 13, 4, 6, 2]
IM-000000009457732-AP1.png ::::::::: [23, 5, 25, 6, 25, 5, 25, 5, 26, 6]
IM-000000011386760-AP1.png ::::::::: [38, -3, -3, 34, 37]
IM-000000011269479-AP1.png ::::::::: [4, 13, 6, 12, 14, 13, 13, 12, 11, 13, 14, 14, 12, 13, 13, 12, 13, 5, 14]
IM-000000011386720-AP1.png ::::::::: [19, 7, 4]
IM-000000011379278-AP2.png ::::::::: [8, 12, 6, 4, 5, 5, 4, 5, 7, 6, 12, 4, 4, 4, 6, 5, 6, 8, 12, 6, 5, 4, 5, 5, 5, 6, 9, 12, 6, 5, 5, 4, 6, 4, 6, 9, 12, 5, 4, 5, 3, 5, 6]
IM-000000011379715-AP2.png ::::::::: [13, 3, 8, 10, 6]
IM-000000011387123-AP1.png ::::::::: [4, 8, -9, 24, 25]
IM-000000010663061-AP1.png ::::::::: [6, 3, 1, 13, 1, 1]
IM-000000011378649-AP2.png ::::::::: [-2, -3, -1, -3]
IM-000000011379623-AP1.png ::::::::: [15, 8, 6, 7]
IM-000000011379554-AP1.png ::::::::: [8, 6, 9, 17, 5, 8, 16, 7, 6, 6]
IM-000000011387345-AP1.png ::::::::: [0, 0, 21, 3]
IM-000000011386693-AP1.png ::::::::: [-3, 10, 5, -4, -2, 5]
IM-000000011379198-AP1.png ::::::::: [5]
IM-000000011379016-AP1.png ::::::::: [14, 4, 5]
IM-000000011500982-AP1.png ::::::::: [3, 5, 4, 5, 7, 5, 5, 7]
IM-000000010865953-AP1.png ::::::::: [12, 4, 3, 4, 4]
IM-000000011379668-AP1.png ::::::::: [9]
IM-000000010952151-AP2.png ::::::::: [9, 8, 4, 2, 3, 14, -1, 1, 4, 3, 4, 17, 45, 9, 3, 4, 2, 14, 4, 3, 4, 1, 3, 16]
IM-000000010756064-AP1.png ::::::::: [11, 8, 6, 7]
IM-000000011667222-AP1.png ::::::::: [4, 1, 9, 2, 450]
IM-000000011379382-AP3.png ::::::::: [2, 0, -6, 18, 13, -5, 3, 9, 14, -5, 2, 8, 12, -4, 5, 9, 13, -4, 4, 8, -10]
IM-000000011386959-AP1.png ::::::::: [2, 4, 1, 18, 2, 3, 30, 2, 18, 5, 19, 5, 21, 3, 18, 6]
IM-000000011459575-AP4.png ::::::::: [-5, -3, -3, -5, 3, 3, 7, 4, 15, 3, 2, 14, 3, 6, 4, -45, -45, 2, 15, 3, 6, 4, 14, 4, 4]
IM-000000011379381-AP1.png ::::::::: [3, 1, 23, -6, 4, 7, -9]
IM-000000011387374-AP1.png ::::::::: [21, -8, 102, 8]
IM-000000011387413-AP1.png ::::::::: [10, 3, 16, 20, 22, 1, 8, 21, 2, 8, -7, 3, 10, -7, 4, 15, 2, 16, 4]
IM-000000009411510-AP3.png ::::::::: [5, 7, 6, 6, 6, 4, 4]
IM-000000011387362-AP1.png ::::::::: [12]
IM-000000011333685-AP1.png ::::::::: [10, 7, 8, 8, 7, 6, 8, 8, 5]
IM-000000009423673-AP1.png ::::::::: [3, 2, 14, 3]
IM-000000011386960-AP1.png ::::::::: [10, 3, 16, 21, 2, 9, 1, 9, -7, 4, 15, 3, 16, 1]
IM-000000011379109-AP1.png ::::::::: [15, 8, 7, 9, 7, 8, 10]
IM-000000011387606-AP1.png ::::::::: [5, 15, 4, 4, 4, 4]
IM-000000011379814-AP2.png ::::::::: [-6, -1, -4, 4, 17, 33, 10, 60, 6, 33, 9, 60, 7, 172]
IM-000000011435888-AP1.png ::::::::: [1, 548]
IM-000000011379589-AP1.png ::::::::: [12, 17, 3, 1, 1, 3]
IM-000000010652233-AP1.png ::::::::: [-3, -2, 4, 5, -10, 6]
IM-000000010963995-AP1.png ::::::::: [12, 5, 6, 5]
IM-000000009411514-AP2.png ::::::::: [4]
IM-000000011369019-AP27.png ::::::::: [13, 4, 4, 5]
IM-000000011378710-AP1.png ::::::::: [-10, 20, 12, 12]
IM-000000011387240-AP1.png ::::::::: [11, 3, 8, 2, 8, 2, 15, -7, 23, 21, 0, 9, 20, 2, 9, -7, 3, 10]
IM-000000011379561-AP1.png ::::::::: [12, 14, 61, 7, 31, 9, 8]
IM-000000010663071-AP1.png ::::::::: [5, 0]
IM-000000011548113-AP1.png ::::::::: [-2, -4, 25, 24, 23, 23, 23, 23, 22, 22, 24]
IM-000000011378644-AP1.png ::::::::: [-3, -2, -1, -4, 8, 7, 5, 17, 8, 8, 19, 5, 21, -8, 6]
IM-000000010756067-AP1.png ::::::::: [10, 8, 7, 7, 8, 8]
IM-000000011378579-AP2.png ::::::::: [6, -3, -2, -2, -2]
IM-000000011379952-AP1.png ::::::::: [13, 5, 4, 4, 5, 4, 5, 5, 5, 4, 4, 3, 5, 4, 4, 4, 19]
IM-000000011386921-AP1.png ::::::::: [14, 6]
IM-000000011343859-AP1.png ::::::::: [7, 1, -1]
IM-000000011249351-AP1.png ::::::::: [9, 7, 7]
IM-000000011857053-AP1.png ::::::::: [7, 10, 11, 10, -7, 10, 9, 10, 8, 10]
IM-000000011379522-AP1.png ::::::::: [12, 4]
IM-000000009564047-AP1.png ::::::::: [1, 4, 32, 4, 4]
IM-000000011387473-AP1.png ::::::::: [-3, 10, 5, -5, -3, 5, 3, 4, 4, 2, -3, -2, 5, 2, 5, 5]
IM-000000011378804-AP15.png ::::::::: [-3, -2, -3, -6, -7, 4, 3, 7, 2, 16, 3, 4, 4, 4, 16, 2, 6, 1, 15, 6, 5, 5, 1, 15, 2, 6, 3, 13]
IM-000000010733569-AP1.png ::::::::: [21, 3, 5, 4, 13, 3, 16, 4, 15, 3, 5, 2, 3, 16, 5, 5, 5]
IM-000000011387376-AP1.png ::::::::: [3, 4, 5, 5, 2, 6, 5, 6]
IM-000000011186395-AP1.png ::::::::: [13, 5, 5, 4, 4]
IM-000000010756065-AP1.png ::::::::: [10, 9, 8, 8]
IM-000000011387161-AP1.png ::::::::: [9, 3]
IM-000000010733569-AP1.png ::::::::: [21, 3, 5, 4, 13, 3, 16, 4, 15, 3, 5, 2, 3, 16, 5, 5, 5]
IM-000000011387376-AP1.png ::::::::: [3, 4, 5, 5, 2, 6, 5, 6]
IM-000000011186395-AP1.png ::::::::: [13, 5, 5, 4, 4]
IM-000000010756065-AP1.png ::::::::: [10, 9, 8, 8]
IM-000000011387161-AP1.png ::::::::: [9, 3]
IM-000000011143054-AP1.png ::::::::: [6, 2, 3, 10, 7, 6, 6, 11]
IM-000000011200858-AP1.png ::::::::: [10, 14, 13, 13]
IM-000000011379256-AP1.png ::::::::: [4, 3, 3, 3, 5, 3, 4, 3, 4, 2]
IM-000000011386972-AP1.png ::::::::: [10, 3, 14, 22, 21, 2, 9, 20, 3, 10, 3, 10, 2, 9, 2, 11, -7, 4, 15, 3, 16]
IM-000000011379650-AP2.png ::::::::: [1, 5, 7, 4, 4, 4, 6, 4, 3, 4, 5, 4, 4, 4, 5, 5, 4, 3, 5, 6, 4, 5, 5, 6, 5, 4, 4, 5, 5, 5, 6, 6, 5, 5, 4, 6, 4, 4, 5, 6, 6, 4, 4, 4, 4, 5, 4, 5, 4, 6, 5, 4, 6]
IM-000000011379909-AP1.png ::::::::: [13, 4, 4, 4, 5, 5, 4, 3, 316, -11]
IM-000000009457731-AP1.png ::::::::: [24, 4]
IM-000000011379196-AP1.png ::::::::: [3]
IM-000000010733569-AP1.png ::::::::: [21, 3, 5, 4, 13, 3, 16, 4, 15, 3, 5, 2, 3, 16, 5, 5, 5]
IM-000000011387376-AP1.png ::::::::: [3, 4, 5, 5, 2, 6, 5, 6]
IM-000000011186395-AP1.png ::::::::: [13, 5, 5, 4, 4]
IM-000000010756065-AP1.png ::::::::: [10, 9, 8, 8]
IM-000000011387161-AP1.png ::::::::: [9, 3]
IM-000000011143054-AP1.png ::::::::: [6, 2, 3, 10, 7, 6, 6, 11]
IM-000000011200858-AP1.png ::::::::: [10, 14, 13, 13]
IM-000000011379256-AP1.png ::::::::: [4, 3, 3, 3, 5, 3, 4, 3, 4, 2]
IM-000000011386972-AP1.png ::::::::: [10, 3, 14, 22, 21, 2, 9, 20, 3, 10, 3, 10, 2, 9, 2, 11, -7, 4, 15, 3, 16]
IM-000000011379650-AP2.png ::::::::: [1, 5, 7, 4, 4, 4, 6, 4, 3, 4, 5, 4, 4, 4, 5, 5, 4, 3, 5, 6, 4, 5, 5, 6, 5, 4, 4, 5, 5, 5, 6, 6, 5, 5, 4, 6, 4, 4, 5, 6, 6, 4, 4, 4, 4, 5, 4, 5, 4, 6, 5, 4, 6]
IM-000000011379909-AP1.png ::::::::: [13, 4, 4, 4, 5, 5, 4, 3, 316, -11]
IM-000000009457731-AP1.png ::::::::: [24, 4]
IM-000000011379196-AP1.png ::::::::: [3]
IM-000000011143056-AP2.png ::::::::: [5, 4, 4, 10, 6, 5, 5, 2, 4, 11, 19, 6, 8, 6, 7, 4, 7, 10, 19, 5, 7, 8, 7, 7, 13, 18, 7, 6, 8, 7, 7, 12]
IM-000000011379574-AP1.png ::::::::: [9, 11, 5, 8, 9, 10, 6]
IM-000000011188933-AP1.png ::::::::: [9, 10, 11]
IM-000000010759568-AP1.png ::::::::: [23, -12, 7]
IM-000000011802745-AP1.png ::::::::: [10, 6, 8, 7]
IM-000000010652231-AP1.png ::::::::: [-1, -1, 4, 6, 7, 5, -7, 5, 6, 6]
IM-000000011191756-AP1.png ::::::::: [4, 14, 6, 12, 12, 11, 12, 5, 13, 11, 4]
IM-000000010557088-AP1.png ::::::::: [7, 7, 7, 6, 8, 8, 7, 6, 9, 8]
IM-000000011387111-AP1.png ::::::::: [3, -13, -13]
IM-000000010733583-AP1.png ::::::::: [21, 3, 2, 3, 15, 4, 15, 2, 14, 4, 6]
IM-000000011387418-AP1.png ::::::::: [-12, 12, 2, 3, -3, 12, 13, 5, 3, -6, 5, 10, 13, 3, 3, -6, 7, 13, 13, 4, 4, -5, 6, 12]
IM-000000010617010-AP1.png ::::::::: [-5, -6, 17, 4, 4, 4]
IM-000000011186404-AP1.png ::::::::: [13, 4, 4, 3]
IM-000000010579474-AP1.png ::::::::: [-1, 32, 8, 6, 6, 6, 7, 7, 8, 6, 8, 8, 7, 6, 7, 8, 7, 6, 7, 7, 7, 5, 7, 7, 7, 17]
IM-000000011188934-AP1.png ::::::::: [9]
IM-000000011343294-AP2.png ::::::::: [-5, -4, 4, -3, -4, 5, -4, -4, 4, -3, -3, 4, -3, -4, 4, 2, 2, 5, -4, -4]
IM-000000010529633-AP1.png ::::::::: [12, 7, 5, 6, 6, 6, 5, 6, 5, 5, 6, 5, 5, 5]
IM-000000010892936-AP1.png ::::::::: [10, 2, 3, 3, 1, 4, 3, 4, 2, 0, 17, 2, 2, 2, 2, 52, -11, 6, -10, 9, 13, 2, 3, 2, 2, 52, -10, 6, -10, 9, 14, 3, 3, 2, 55, -10, 7, -9, 10, 32]
IM-000000011378661-AP1.png ::::::::: [7, -2, 0, -2, -2]
IM-000000011379461-AP16.png ::::::::: [1, 1, 23, -5, 4, 8]
IM-000000010865955-AP1.png ::::::::: [11, 4, 4, 5, 4]
IM-000000011387673-AP1.png ::::::::: [-8, -3, -3, 12, 279]
IM-000000011378814-AP2.png ::::::::: [-3, -4, 4, -2, -4, 5, 1, -1, 4, -2, -6, 5, -4, -4, 5, -2, -3]
IM-000000011310368-AP1.png ::::::::: [8, 8, 3, 4, 3, 16, 4, 5]
IM-000000011379366-AP1.png ::::::::: [3, 2, 3, 6, 6, 0, -13, -11, 6, 6]
IM-000000011379642-AP1.png ::::::::: [13, 3, 8]
IM-000000011459351-AP1.png ::::::::: [16, 4, 4, 14, -1, 4]
IM-000000011379891-AP1.png ::::::::: [14, 5, 6, 3, 5, 358]
IM-000000011286382-AP1.png ::::::::: [-11, 14, 5, 4, 4]
IM-000000011379818-AP3.png ::::::::: [-5, 0, -5, 4, 22, 60, 9, 33, 8, 59, 8, 34, 10, 61, 8, 34, 9, 26]
IM-000000011379754-AP1.png ::::::::: [3]
IM-000000011378600-AP1.png ::::::::: [8, -2, -3, -2, -3, 8, 4, 6, 16, 8, 8, 19, 4, 24, 6, 22, 6, 22, 4, 23, 3, 22, 3, 22, 5, 22, 5, 21, 5, 33]
IM-000000011379222-AP1.png ::::::::: [7, 5]
IM-000000011379823-AP1.png ::::::::: [10, -4, -5, 7, 11, -5, -4, 8]
IM-000000011379445-AP6.png ::::::::: [3, -12, 6, 24, 3, 6]
IM-000000011379510-AP1.png ::::::::: [6, 19, 4, 5, 5, 4, 5, 5, 6, 6, 6, 6]
IM-000000011550130-AP2.png ::::::::: [-2, -3]
IM-000000011387464-AP2.png ::::::::: [-3, 9, 4, -3, -2, 5, 5, 6, 5, 4, -3, -2, 4, 4, 5, 5, 3, -3, -2, 4, 3, 5, 5, 3, -3, -2, 5, 5, 5, 4]
IM-000000011379500-AP1.png ::::::::: [13, 2]
IM-000000011102001-AP1.png ::::::::: [6, 18, 3, 21, 4, 17, 4]
IM-000000011386948-AP2.png ::::::::: [-6, 1, 12, 3, 17, 3, 17, 3, 15, 4, 15, 4, 16, 4, 17, 3, 17, 3, 17, 4, 18, 3, 17, 3]
IM-000000010881208-AP1.png ::::::::: [4, 0, 2]
IM-000000011386730-AP1.png ::::::::: [16, 10, 10, 11, 10, 10, 11, 12, 13, 10, 10, 10, 11, 11, 11, 12, 12, 8, 11, 7, -8, 10, 9]
IM-000000011379780-AP1.png ::::::::: [5]
IM-000000010529107-AP1.png ::::::::: [-5, -5, 8, 15]
IM-000000010904574-AP1.png ::::::::: [8, 7, 4, 3, 3, 15, 4, 3, 5, 5, 4, 5, 4, 4, 4, 4, 4, 5, 3, 19]
IM-000000010733602-AP1.png ::::::::: [19, -11, 4, 13, -12, 4, 5, 16, 3, 1, -12, 1]
IM-000000010733573-AP1.png ::::::::: [-10, 20, 3, 15, 3, 4, 1, 11, 2, 6, 13, 6, 6, 5]
IM-000000011379973-AP1.png ::::::::: [4, 3, -10, 5, 5, 3, -10, -10, 5]
IM-000000010965479-AP3.png ::::::::: []
IM-000000011378779-AP1.png ::::::::: [8, 3]
IM-000000011379401-AP2.png ::::::::: [3, 0, -7, 23, -4, 3, 5, -10, 13, -6, 5, 9]
IM-000000011386905-AP1.png ::::::::: [-3, -10, -4, 17, 5, 6]
IM-000000011511178-AP1.png ::::::::: [6, 2, 0, 12, 2, 0]
IM-000000010890124-AP1.png ::::::::: [-5, -5, -3, 7, 2, 16, 16, 15, 2, 2, 4, 4, 3, 2, -10, 241, 1, 2, 1, 2, 0]
IM-000000011143060-AP1.png ::::::::: [5, 4, 3, 10, 7, 5, 7, 5, 10]
IM-000000011379333-AP2.png ::::::::: [13, 15, 14, 12]
IM-000000011370742-AP1.png ::::::::: [8, 7, 4, 4, 2, 13, 3, 4]
IM-000000011387105-AP1.png ::::::::: [3, -13]
IM-000000011378803-AP1.png ::::::::: [1, -5, 127]
IM-000000010865989-AP1.png ::::::::: [-8, 7, -9, -3, -1, -2, 0]
IM-000000011386934-AP2.png ::::::::: [1, 8, 2, 12, -12, 1, 11, -13, -11, 3, 13, 2, 13, 3]
IM-000000011386944-AP1.png ::::::::: [2, 28, 3, 5, 36, 17]
IM-000000011378586-AP1.png ::::::::: [8, -2, -2, -3, -3, 8, 4, 6, 17, 8, 8, 19, 4, 6, 6, 6, 22, 5, 5, 6, 5, 23, 5, 6, 6, 5, 23, 5, 6, 6, 7, 23, 3, 5, 6, 5, 23]
IM-000000010638076-AP1.png ::::::::: [11]
IM-000000010655224-AP1.png ::::::::: [8, 9, 2, 5, 4, 13, 1, 5, 19]
IM-000000011378913-AP1.png ::::::::: [13, 3, 216]
IM-000000010819088-AP6.png ::::::::: [6, 5, 5, 6, 17, 5, 1, 5, 4, 4, 14, 6, 3, 5, 17, 6, 5, 2, 4, 4, 4, 14, -10, 7, 4, 6, 17, 4, 6]
IM-000000011378631-AP1.png ::::::::: [8, -2, -1, -2, -3]
IM-000000011379338-AP1.png ::::::::: [5, 21, 8, 7, 6]
IM-000000011387010-AP1.png ::::::::: [4, 4, 5, 2, 1, -11, 4, 3, 6, 33, 5, 63, 6, 6, 7, 6]
IM-000000011379382-AP2.png ::::::::: [3, 0, -7, 24, -4, 3, 9, 14, -5, 4, 10, 15, -4, 4, 9, 14, -4, 5, 8, 11, -4, 4, 6, 13, -4, 4, 9, 13, -4, 5, 8, 12, -4, 5, 7, -10, -8, 14, 2]
IM-000000010071904-AP1.png ::::::::: [5, 17, 10, 5, 6]
IM-000000010814247-AP1.png ::::::::: [9, -11, 8, 14, 12, 8, 12, 14, 8, 13]
IM-000000011379588-AP1.png ::::::::: [-7, 19, 3, 4, 2, 0]
IM-000000011379361-AP1.png ::::::::: [9, 3, 5, 5, 4, 4, 4, 2, 3, 3, 5, 4, 4, 3, 5, 4, 6]
IM-000000011379412-AP1.png ::::::::: [14, -7, 6, 6, 11, 8, 9, 14, 7, 9]
IM-000000011249368-AP1.png ::::::::: [-8, 24, 7, 6, 7, 7, 6, 8, 7]
IM-000000011387565-AP1.png ::::::::: [5, 7, 14, -3]
IM-000000009466516-AP1.png ::::::::: [5, 2, 13, 5]
IM-000000011378898-AP1.png ::::::::: [0, 0, 10, 2]
IM-000000010662990-AP1.png ::::::::: [5, 6, -5, 5, 8]
IM-000000011378615-AP2.png ::::::::: [8, -1, -1, -2, -3, 7, 23, 4, 4, 34]
IM-000000011387521-AP2.png ::::::::: [18, -3, -3]
IM-000000011378648-AP2.png ::::::::: [6, -4, -3, -2, -2]
IM-000000011343858-AP1.png ::::::::: [6, 1, 0, 8, 1, 2]
IM-000000011379801-AP1.png ::::::::: [-7, 0, -3, 2, 21, 8, 58, 7, 120, 5, 5, 4, 4, 180]
IM-000000011379101-AP2.png ::::::::: [5, 12, 21, 5, 5, 7, 5, 23, 4, 5, 8, 23, 22, 7, 5, 7, 22, 6, 5, 6, 144]
IM-000000011253951-AP2.png ::::::::: [16, 2, 4, -3, -4, 1, 3, 29, 3, 5, -3, -2, 2, 3]
IM-000000011386923-AP1.png ::::::::: [14, 5]
IM-000000011387230-AP2.png ::::::::: [2, 64]
IM-000000010854737-AP1.png ::::::::: [7, 7, 4, 3, 2, 15, 4, 3, 5]
IM-000000010731884-AP1.png ::::::::: [6, 3, 1, 1, 0]
IM-000000011386879-AP3.png ::::::::: [-1, -4, 16, 4, 7, 4, 8]
IM-000000011387630-AP1.png ::::::::: [15, 2, 4, 9, 3, 0, 9, 1, 5, 8, 3, 2, 10, 2, 4]
IM-000000011387385-AP1.png ::::::::: [12, 3, 4, 2, 12, 12]
IM-000000011387485-AP1.png ::::::::: [-1, -4, 16, 4, 2, 4, 4, 5, 2, 2, 4, 4, 5, 4, 6, 5, 4, 4, 8]
IM-000000011254336-AP1.png ::::::::: [-3, -5, 18, 4]
IM-000000011127055-AP1.png ::::::::: [-3, 14, 174, 5]
IM-000000010859297-AP1.png ::::::::: [11, 7, 7, 6, 6, 7]
IM-000000009677502-AP1.png ::::::::: [-7, 0, 10, 10, 2, 3, 66, 7]
IM-000000011379058-AP1.png ::::::::: [13, 4, 6]
IM-000000011379262-AP2.png ::::::::: [-3, -8, -2, 31, 8, 8, 8, 9, 6, 8]
IM-000000011379334-AP1.png ::::::::: [10, -6, 6, -6, 20, -6, 6, -7, 5, 18, 5, 3, 259, 17, 4, 3]
IM-000000010854739-AP1.png ::::::::: [-11, 7, 8, 3, 2, 3, 14, 3, 3, 5]
IM-000000011379430-AP2.png ::::::::: [12, 6]
IM-000000011186418-AP1.png ::::::::: [-10, 14, 4, 4, 4, 4]
IM-000000011379369-AP1.png ::::::::: [6, 9, 6, 3, 6, 4, 6, 4]
IM-000000011284773-AP1.png ::::::::: [6, 19, 2, 4, 6, 9, 4, 5]
IM-000000010733581-AP1.png ::::::::: [-9, 19, 3, 1, 3, 15, 3, 3, 4, 15, 4, 2, -12, 1, 4, 14, -12, 4, 2, 5, 13, 4, 1, 1]
IM-000000011379595-AP1.png ::::::::: [19, 3, 3, 1, 1]
IM-000000011678625-AP1.png ::::::::: [12, 3, 4, 34, 23, 5, 7, 6, 55, 7, 8, 8, 9, 22, -11, 21, 6, 6, 7, 20, 6]
IM-000000010840195-AP1.png ::::::::: [7, 11, 10, 11, 11, 11, 10, 11, 10]
IM-000000010733591-AP1.png ::::::::: [21, 2, 2, 3, 3, 13, 4, 3, 4, 13, -11, 4, 3, 2, 13, 3, 2, -12, 1]
IM-000000011376572-AP1.png ::::::::: [10, 8, 8, 8]
IM-000000011009945-AP1.png ::::::::: [4, 5, 3, 5, 4, 3, 5, 4, 5, 4, 5, 5, 4, 5, 4, 6, 5, 6, 4, 6]
IM-000000011386858-AP1.png ::::::::: [11, 3, 16, 21, 19, 2]
IM-000000011387365-AP1.png ::::::::: [12, 5, 3, -2, 13, 17, 11, -7, 11, 14, 2, 2, 6, 4, -4, -2, 4, 11, 11, 20]
IM-000000011378588-AP2.png ::::::::: [7, -1, -2, -3, -3]
IM-000000009606437-AP5.png ::::::::: [5, 5, 7, 4, 4, 5, 37]
IM-000000009421314-AP1.png ::::::::: [5, 3, 5, 6, 6, 6, 6]
IM-000000010485223-AP1.png ::::::::: [6, 18]
IM-000000011186421-AP1.png ::::::::: [13, 5, 5, 5, 5]
IM-000000011378712-AP1.png ::::::::: [-10, 21, 13, 13, 12, 14]
IM-000000011828276-AP1.png ::::::::: [15, 6]
IM-000000011386733-AP1.png ::::::::: [16, 11, 11, 9, 9, 11, 12, 11, 13, 9, 10, 12, 11, 11, 11, 12, 11, 9, 10, 10, 11, 11]
IM-000000010666197-AP1.png ::::::::: [-4, -2, -5, 24, 3, 9]
IM-000000011254325-AP1.png ::::::::: [-1, -2, 19, 5]
IM-000000011379192-AP1.png ::::::::: [3]
IM-000000010652225-AP1.png ::::::::: [-2, -2, 5, 6, 7, 8, 6, 8]
IM-000000011386904-AP1.png ::::::::: [-3, -10, -4, 17, 4, 9, 4, 10, 3, 9, 5, 9, 4, 8, 5, 9, 4, 10, 5, 9, 5, 6]
IM-000000011333681-AP1.png ::::::::: [12, 7, 8, 8, 8, 8]
IM-000000010652238-AP1.png ::::::::: [-1, -2, 5, 7, 6, 5, -7, 8, 6, -7, 6, -10, 5, -9]
IM-000000011254323-AP1.png ::::::::: [-3, -9, -3, 19, 5]
IM-000000011101955-AP1.png ::::::::: [-4, -5, -4, -5, 8, 3, 4, 2, 5, 4, 16, 16, 14, 2, 3, 4, 5, 3, 1, -10, 193, 1, 2, 1, 3, -1]
IM-000000011686659-AP11.png ::::::::: [-3, -2, -4, -5, 5, 2, 14, 4, 7, 7, 5, 14, 2, 3, 2, 15, 5, 7, 7, 6, 15, 3, 3, 3, 4, 1, 1]
IM-000000011379333-AP1.png ::::::::: [10, 15, 14, 13, 12, 16, 14, 13, 11, -9, 14, 11]
IM-000000011379443-AP6.png ::::::::: [4, 6, 26, 3, 6, 6, -11, 5, 7, 9, 3, 5, 8, 3, 6]
IM-000000011101911-AP1.png ::::::::: [11, 7, 9, 6, -9, 9, 8]
IM-000000011523182-AP1.png ::::::::: [-3, -2, -4, -6, 4, 4, 6, 5, 27, 3, 3, 4, 4]
IM-000000011741699-AP1.png ::::::::: [5, 4, 2, 2]
IM-000000011378984-AP1.png ::::::::: [10, 3, 16, 20, 21, -8, 23, 2, 9, -7, 3, 8, 3, 9, 1, 9, -7, 3, 10, 2, 9, -8, 3, 11, -7, 5, 12]
IM-000000011379440-AP5.png ::::::::: [10, 8, 7, 7, 5, 8, 9]
IM-000000011379373-AP1.png ::::::::: [-9, 2, -1, -8, 25, -5, 4, 10, 13, -4, 5, 10, 13, -6, 4, 9, 12, -5, 3, 9, 15, -4, 4, 8, 14, 5, 8]
IM-000000011285439-AP1.png ::::::::: [10, 0]
IM-000000011143059-AP1.png ::::::::: [6, 4, 5, 10, 6, 7, 12]
IM-000000011583836-AP1.png ::::::::: [5, 1, 11, 2, 1, 10, 0, 10, 0, 10, 2, 10, -1, -11]
IM-000000011685260-AP1.png ::::::::: [6, 6, 16, 4, -11, 3]
IM-000000011386904-AP2.png ::::::::: [-3]
IM-000000010731886-AP1.png ::::::::: [5, 1, 1, 1, 9, 0, 1, 2, 1, 11, 0, 0, 1, 1]
IM-000000009479483-AP2.png ::::::::: [2, 1, 6, 5]
IM-000000011143058-AP1.png ::::::::: [6, 4, 4, 9, 5, 4, 6, 7, 6, 10]
IM-000000010301545-AP2.png ::::::::: [2, 5, 4, 24, 5, 14, 5, 4, 16, 4]
IM-000000010534569-AP1.png ::::::::: [-7, -4, -7, 8, 7]
IM-000000010881253-AP1.png ::::::::: [-1, 0, 9, 1]
IM-000000011379343-AP1.png ::::::::: [9, -6, 388, 15, 6, 4]
IM-000000011249371-AP1.png ::::::::: [-9, 21, 8, 6, 9]
IM-000000011186251-AP1.png ::::::::: [8, 8, 4, 5, 3, 16, 4, 4, 18, 8, 4, 4, 3, 14, 0, 2]
IM-000000010638217-AP1.png ::::::::: [8, 10]
IM-000000010865965-AP1.png ::::::::: [12, 3, 3, 4, 4]
IM-000000011380030-AP1.png ::::::::: [3, -1, 16, 3, 4, 2]
IM-000000011249374-AP1.png ::::::::: [4]
IM-000000011386943-AP1.png ::::::::: [2, 27, 3, 36]
IM-000000011387354-AP1.png ::::::::: [12]
IM-000000011378884-AP1.png ::::::::: [3, -2, 19, 2, 5, 2]
IM-000000011378956-AP1.png ::::::::: [3, 6, 5, 5, 6, 3, 4, 4, 4, 5, 5, 4, 1, 5, 5, 5, 5, 5, 5, 5, 5, 5]
IM-000000011322085-AP1.png ::::::::: [7, 1, 3, 8, 1, 1, 7, 1, 3]
IM-000000010865961-AP1.png ::::::::: [13, 4, 3, 3]
IM-000000010712583-AP1.png ::::::::: [13, -5]
IM-000000011379837-AP1.png ::::::::: [4, 3, 3, 1, 14, 3]
IM-000000011344106-AP1.png ::::::::: [-10, 11, 7, 8, 8, 6, 7, 7, 7, 7, 7, 7, 7, 7, 8, 7, 6, 6, 7, 6, 6, 7]
IM-000000010768804-AP1.png ::::::::: [17, 8, 6]
IM-000000010865958-AP1.png ::::::::: [12, -8, 3, 3, 3, 4]
IM-000000011379805-AP3.png ::::::::: [5, -9, 0, 3, 62, 4, 5, 3, 4, 374]
IM-000000010881247-AP1.png ::::::::: [3, 11]
IM-000000011378606-AP3.png ::::::::: [7, -2, -3, -3, -3]
IM-000000011367584-AP1.png ::::::::: [8, 10, -8, 11, 10, 10, 11, 11, 10, 11]
IM-000000011387369-AP1.png ::::::::: [5, 16]
IM-000000009411514-AP1.png ::::::::: [5, 3, 6, 5, 7, 7, 6]
IM-000000011379836-AP1.png ::::::::: [4, 4, 1, 11, 3, 3, 3, 13, 3, 13, 4, 14, 3, 13, 4, 15, 4]
IM-000000010676246-AP1.png ::::::::: [11, -8, 1, 2, 1, 0]
IM-000000011386966-AP1.png ::::::::: [11, 3, 15, -8, 23, 21, 1]
IM-000000011379453-AP2.png ::::::::: [-14, 2, 27, 9, 11]
IM-000000010965479-AP2.png ::::::::: [8, 7, 4, 3, 4, 4, 14, 0, 3, 2, 5, 4, 4, 4, 18, 48, 8, 3, 1, 4, 5, 13, 1, 1, 3, 6, 5, 4, 5, 19]
IM-000000010772103-AP1.png ::::::::: [8, 9, 4, 3, 14, 4, 5]
IM-000000011190599-AP1.png ::::::::: [-3, -6, 11, 7, 7, -8, 6, 9, 8, -3, -4]
IM-000000011379419-AP2.png ::::::::: [-5, 0, -4, 2, 62, 5, 4, 4, 4, -11, 372]
IM-000000011387282-AP1.png ::::::::: [10, 4, 15, 21, 2, 10, 4]
IM-000000011379443-AP9.png ::::::::: [5, 6, 24, 3, 7, 5, 7, 5, 7, 9, 4, 7, 8, 3, 7]
IM-000000009480622-AP1.png ::::::::: [10, 3, 17, 4]
IM-000000011387445-AP1.png ::::::::: [-4, 9, 4, -3, 17, -3, -2, 6, 5]
IM-000000009433102-AP1.png ::::::::: [7, 7, 4, 6]
IM-000000011379657-AP1.png ::::::::: [16, 5, 2, 6, 5, 5, 4, 4, -10, 5, 4, 20]
IM-000000011378804-AP20.png ::::::::: [-3, -2, -3, -5, 16, 5, 6, 4, 3, 18, 3, 6, 4, 16, 5, 4, 4, 4, 16, 4, 7, 3, 15, 5, 5, 3, 3]
IM-000000011379470-AP1.png ::::::::: [-4, -6, -3, 9, -12, 7, 7, 7, 7, 8, 8, 6, 7, 8, -10, -28, -9]
IM-000000011378667-AP1.png ::::::::: [3, 0]
IM-000000011254332-AP1.png ::::::::: [-1, -3, 19, 4]
IM-000000010865975-AP1.png ::::::::: [12, -9, 2, 2, 2]
IM-000000009418599-AP1.png ::::::::: [6, 3, 4, 6, 4, 7, 6]
IM-000000010712587-AP1.png ::::::::: [14, -5]
IM-000000011386871-AP1.png ::::::::: [-2, -5, 17, 5, 7]
IM-000000011098840-AP2.png ::::::::: [2, 14, 3, 2, 5, 4, 4, 3, 4, 4, 4, 4, 3, 4, 4, 3, 3, 3, 4, 3, 3, 3]
IM-000000010929702-AP1.png ::::::::: [-4, -3, -3, -5, 8, 3, 4, 2, 4, 2, 3, -1, 3, 15, 17, 13, 2, 2, 4, 4, 4, 171, 1, 1, 0, 1, 1]
IM-000000011369972-AP1.png ::::::::: [16, 5]
IM-000000010843146-AP1.png ::::::::: [8, 8, 3, 3, 3, 14, 3, 2, 3, 3, 4, 5, 4, 19]
IM-000000011186271-AP1.png ::::::::: [15, 6, 7, 5, 14, 2]
IM-000000011386922-AP1.png ::::::::: [14, 4]
IM-000000011387163-AP1.png ::::::::: [10, 3, 14, 22, 20, -7, 3, 11]
IM-000000011387384-AP2.png ::::::::: [21]
IM-000000010585549-AP1.png ::::::::: [9, 8, 7, 7, 7, 7, 8, 8, 7, 6]
IM-000000011379120-AP1.png ::::::::: [0, 0, 10, 2]
IM-000000010772396-AP1.png ::::::::: [-6, -6, 10, 7, 8, -8, 6, 6]
IM-000000010662988-AP1.png ::::::::: [5, 6, 4, 8]
IM-000000011378804-AP22.png ::::::::: [-3, -2, -3, 5, 3, 5, 4, 5, 16, 3, 7, 4, 15, -63, -62, 4, 5, 17, 3, 6, 4, 15, 6, 5, 3, 5]
IM-000000011386948-AP1.png ::::::::: [3, 26, 3, 16, 4, 16, 3, 17, 4, 16, -3, 4, 16, 5, 17, 4, 4, 16, 3, 17, 4, 4, 15, 4]
IM-000000011379149-AP1.png ::::::::: [10, 4, 2, 0, 13, 3, 4]
IM-000000011186251-AP2.png ::::::::: []
IM-000000011143056-AP1.png ::::::::: [5, 5, 5, 9, 4, -12, 6, 6, 7, 10, 20, 7, 6, 8, 8, 13]
IM-000000009436489-AP1.png ::::::::: [14, 9, 26, 55, 26]
IM-000000010772567-AP1.png ::::::::: [5, 7, 4, 5, 2, 2, 12, 4, 4, 18]
IM-000000011378639-AP1.png ::::::::: [8, -1, -2, -2, -3, 8, 3, 6, 7, 18, 8, 7, 19, 2, 19, -9, 6, 22, 4, 20, 3, 22, 6, 23, 3]
IM-000000010755800-AP2.png ::::::::: [7, -1, -2, -2, -3, 8, 17, 5]
IM-000000011369019-AP39.png ::::::::: [13, 4, 4, 4, 4]
IM-000000011249355-AP1.png ::::::::: [8, 7, 5, 17, 2, 3]
IM-000000011379276-AP2.png ::::::::: [5, -5, 0, -3, 3, 62, 3, 3, 4, 4, 374]
IM-000000010663073-AP1.png ::::::::: [6, 3, 1, 13, 1, 1]
IM-000000011677806-AP1.png ::::::::: [19, 7, 12, 7, 14, 6, 14, 7]
IM-000000011379530-AP1.png ::::::::: [3, 5, 3]
IM-000000011379972-AP1.png ::::::::: [4, 5]
IM-000000010676276-AP1.png ::::::::: [10, 0, 1, 1]
IM-000000011101899-AP1.png ::::::::: [9, 8, 2, 3, 4, 13, 3, 5]
IM-000000010733603-AP1.png ::::::::: [20, 3, 3, 3, 5, 15, 3, 15, 3, 5, 2, 11, 2, 5, 14, 2, 1, 1]
IM-000000011369019-AP2.png ::::::::: [13, 4, 4, 4, 4]
IM-000000011386671-AP2.png ::::::::: [6, 0, -1, -10, -7, -5, -4, -5, -7, -4, -3, -1, 6, 3, 15, 6, 7, 14, 4, 5, 15, 4, 7, 15, 4, 6, 15, 4, 3, -6, 15, 5, 4, 16, 6, 5, 16, 6, 6]
IM-000000011459575-AP11.png ::::::::: [-3, -4, -5, -4, 5, 3, 13, 2, 12, 3, 6, 4, 15, 2, 14, 4]
IM-000000011387583-AP1.png ::::::::: [-8, 10, 3]
IM-000000011367517-AP1.png ::::::::: [9, 6]
IM-000000011378874-AP1.png ::::::::: [11, 21, -7, 21]
IM-000000011686659-AP12.png ::::::::: [-4, -2, -4, -5, 3, 13, -9, 5, 9, 5, 5, 14, 3, 3, -125, -69, 3, 3, 15, 4, 8, 7, 4, 15, 0, 2, 3]
IM-000000010865935-AP1.png ::::::::: [12, 4, 5, 4, 4]
IM-000000011249352-AP1.png ::::::::: [-10, 12, 7, 8]
IM-000000011186273-AP1.png ::::::::: [15, 7, 13, 0]
IM-000000010948372-AP1.png ::::::::: [-4, -3, -3, -2, 6, -9, 3, 4, 15, 15, 15, 3, 0, 4, 4, 4, 2, 1, 5, 4, 4, 2, 4, 159, 2, 1, 0, 3, 2]
IM-000000011379204-AP1.png ::::::::: [11, 3, 9, 3, 16, 20, 2, 9, -7, 3, 8, -8, 3, 9, 3, 12, 3]
IM-000000011386879-AP1.png ::::::::: [-4, -9, -3, 17, 5, 9, 5, 8, 4, 9, 3, 9, 5, 9, 6, 9, 4, 10, 4, 7, 3, 9, 5, 6, 4, 8, 5]
IM-000000010965551-AP1.png ::::::::: [-7, 3, -8, -7, -2, 0, -1]
IM-000000010652229-AP1.png ::::::::: [-1, -1, 5, -7, 8, 7, 6, -7, 7, -6, 6, 7]
IM-000000011378804-AP17.png ::::::::: [-3, -2, -3, -6, 5, 4, 6, 5, 16, 4, 5, 4, 5, 17, 5, 7, 4, 15, 4, -109, -81, 2, 13, -9, 4, 8, 3, 15]
IM-000000010952149-AP1.png ::::::::: [8, 9, 3, 16, 2, 4, 20, 8, 18, 3, 5]
IM-000000011378619-AP1.png ::::::::: [6, -3, -2, -3, -3, 7, 6, 6, 17, 8, 7, 19, 3, 5, 24, 4, 5, 23, 4, 5, 22, 4, 5, 22, 3, 6, 21, 3, 7, 20, 4, 5, 22, 5]
IM-000000011286384-AP1.png ::::::::: [13, 5, 4, 5, 4]
IM-000000011379456-AP4.png ::::::::: [4, 5, 5, 3]
IM-000000011796877-AP1.png ::::::::: [1, -9, 548]
IM-000000011379263-AP1.png ::::::::: [-3, -4, 17, 4, 8]
IM-000000011378611-AP4.png ::::::::: [-3, -3, -3, -3, 8, 5, 23, 4, 5, 6, 6, 24, 4, 4, 6, 5, 23, 4, -6, 6, 7, 5, 22, 3, 3, 4, 6, 23, 4, 4, 6, 5, 35]
IM-000000010842434-AP1.png ::::::::: [13]
IM-000000011102079-AP1.png ::::::::: [12, 7, 8, 8, 7, 6, 7, 7, 7]
IM-000000011794225-AP1.png ::::::::: [8, -2, -2, -2, -3]
IM-000000011378593-AP1.png ::::::::: [7, -1, -2, -4, -4, 8, 6, 6, 5, 18, 8, 9, 19, 4]
IM-000000011310221-AP1.png ::::::::: [0, 15, 14, 15, 12, 110, 4, 366]
IM-000000011386715-AP1.png ::::::::: [13, -1, -5, 12, -4, -3, 11, -5, -2, 12, -2]
IM-000000011387232-AP1.png ::::::::: [-2, -4, 15, 3, 4, 10, 3, 3]
IM-000000010832526-AP1.png ::::::::: [10, 7, 9, 8, 8, 7, 7]
IM-000000011386881-AP2.png ::::::::: [-3, -10, -4, 17, 4, 7, 4, 8, 4, 8, 4, 9, 4, 9, 3, 9, 5, 10, 5, 8, 5, 6]
IM-000000010679224-AP1.png ::::::::: [4, 2, 1, 2]
IM-000000011379508-AP1.png ::::::::: [13, 5, 6]
IM-000000011387155-AP1.png ::::::::: [11, 3, 9, -7, 4, 10, 1, 9, 3, 8, -8, 4, 11, 3, 12, 3, 12, 3]
IM-000000011386728-AP1.png ::::::::: [11, 3, 11, 3, 15, 21, -7, 23, 3]
IM-000000011386739-AP1.png ::::::::: [16, 7, 11, 13, 8, 10, 12, 12, 11, 10, 12, 12, 11, 11, 13, 12, 12, 9, 11, 9, -7, 9, 10]
IM-000000011064237-AP1.png ::::::::: [-4, -2, -5, 22, 5, 8, -9, 16, -10, 3, 7, -11, -8, 5, 8, 17, 15, 4, 10, 4, 9, 3, 10, 14, -10, 14]
IM-000000011102691-AP1.png ::::::::: [-12, 8, 8, 17, 3, 3, 5, 4, 4, 5, 4, 4, 4, 4]
IM-000000011379685-AP1.png ::::::::: [7]
IM-000000011379440-AP7.png ::::::::: [9, 8, 7, 8, 7, 9, 8]
IM-000000011379440-AP2.png ::::::::: [9, 7, -11, 8, 6, 10, 6, 10, 4, 11, 9]
IM-000000011310474-AP18.png ::::::::: [19, 5, 6, 5, 5, 4, 5, 6, 5, 6, 6, 6, 6, 5, 6, 6, 5, 7, 7]
IM-000000011387317-AP1.png ::::::::: [18, 4, 6, 6, 5]
IM-000000010809068-AP4.png ::::::::: [10, -7, 1, 0, 0, 1]
IM-000000011379309-AP1.png ::::::::: [10, 3, 16, 21, 22, -7, 3, 12]
IM-000000011186432-AP1.png ::::::::: [13, 4, 5, 3]
IM-000000011378578-AP1.png ::::::::: [7, -3, -2, -2, -2]
IM-000000010842922-AP1.png ::::::::: [-4, -4, -3, 7, -9, 4, 3, 4, 4, 15, 16, 14, 2, 0, 4, 5, 4, 1, -11, 205, 2, -1, 0, 2, 1]
IM-000000011143055-AP1.png ::::::::: [6, 5, 4, 8, 6, 8, 11]
IM-000000011598501-AP1.png ::::::::: [-5, -1, 3, 4, 2, 352]
IM-000000011387279-AP1.png ::::::::: [11, -9, -1, 0, 3, 1, 1]
IM-000000011386696-AP2.png ::::::::: [-3, 10, 5, -3, -2, 5, 5, 6, 5, 4, -3, -2, 4, 5, 5, 5]
IM-000000011201057-AP1.png ::::::::: [2, 15, 2, 4, 3, 3, 3, 3, 4, 3, 4, 3, 4]
IM-000000011378635-AP2.png ::::::::: [7, -3, -1, -2, -3]
IM-000000011387399-AP1.png ::::::::: [7, 1, 13, 5, 3]
IM-000000011379481-AP1.png ::::::::: [-12, 4, 28, 4, 4, 2, 7, 15]
IM-000000011386898-AP1.png ::::::::: [-2, -5, 16, 5, 7]
IM-000000011387483-AP1.png ::::::::: [-1, -5, 16, 3, 1, 4, 5, 6, 3, 3, 3, 3, 4, 4, 4, 5, 5, 4, 4, 5]
IM-000000011379799-AP1.png ::::::::: [-6, 0, -3, 3, 19, 9, 59, 6, 34, 9, 59, 1, -3, 3, 197]
IM-000000011127054-AP1.png ::::::::: [-1, 14, 15, 14, 14, 13, 86, 4, 365]
IM-000000011459575-AP5.png ::::::::: [-3, -2, -3, -5, 4, 3, 8, 5, 14, 3, 3, 14, 3, 7, -49, -54, 1, 2, 13, 3, 8, 3, 15, 3, 1, 15]
IM-000000010473802-AP1.png ::::::::: [4, 4, 4, 7]
IM-000000010865976-AP1.png ::::::::: [-10, 12, 3, 1, 3, 2, 3]
IM-000000011387035-AP2.png ::::::::: [1, -11, 3, 18, 4, 19, 3, 17, -11, 4, 19, 4, 3, 30, 5, 32, -10, 3]
IM-000000011379916-AP1.png ::::::::: [13, 5, 4, 5, 5, 357, -10]
IM-000000011387188-AP1.png ::::::::: [7, 9, 8, 7, 8, 24, 25, 20]
IM-000000011379818-AP2.png ::::::::: [-11, -1, 2, 19, 7, 60, 3, 0, 31, 9, 58, 7, 34, 10, 58, 8, 32, 20]
IM-000000010288286-AP1.png ::::::::: [-2, -3, 12]
IM-000000010831843-AP5.png ::::::::: [11, 7, 7, 8, 8, 8, 8, 8, 9, 8, 8, 8, 8, 9, 9, 9, 8, 8, 8, 8, 8, 9, 8, 8]
IM-000000011379353-AP1.png ::::::::: [1, 14, 14]
IM-000000010652236-AP1.png ::::::::: [-1, -2, 4, 6, 7, 7, 5]
IM-000000010831546-AP1.png ::::::::: [-9, 11, 0, 2, 2]
IM-000000010579474-AP2.png ::::::::: [0, 32, 32, 40, 6, 4, 4, 15, 5, 4, 3, 17, 1, 3]
IM-000000011386731-AP1.png ::::::::: [15, 9, 11, 11, 9, 11, 10, 13, 10, 10, 11, 9, -8, 11, 10, 11, 11, 11, 10, 11, 9, 10, 11]
IM-000000011101917-AP1.png ::::::::: [9, 9, 2, 4, 3, 13, 3, 4, 18]
IM-000000011513089-AP1.png ::::::::: [10, 4, 4, 4, 4, 4, 4, 5, 5]
IM-000000010708248-AP1.png ::::::::: [8, 7, 3, 5, 13, 3, 5]
IM-000000009428244-AP1.png ::::::::: [14, 11, 27]
IM-000000011386927-AP1.png ::::::::: [-5, 0, 9, 11, 2, 14, 3, 12, 3, 11, -11, 3, 12, -10, 2, 12, 2, 5, 14, 1, 5, 14, -10, 1, 13, 2, 13, -10, 3, 3, 13, 2]
IM-000000010741418-AP1.png ::::::::: [4, 3, 1, 2, 4, 3, 1, 1, 4, 2, 2, 2, 7, 3, 2, 3]
IM-000000011322047-AP1.png ::::::::: [7, 8, 3, 4, 5, 14, 5, 3, 4, 4]
IM-000000009793863-AP1.png ::::::::: [4, 19, 18, 5, 4, 4, 8, 3, 4]
IM-000000009930263-AP2.png ::::::::: [8, 2, 2, 1, 4, 3, 3, 3, 3, 2, 1, 2, 3, 3, 2, 3, 4, 4]
IM-000000010881232-AP1.png ::::::::: [4, 2, 2, 12, 2, 2]
IM-000000010901645-AP1.png ::::::::: [-4, -4, -3, 8, 2, 3, 4, 4, 15, 16, 14, 2, 0, 4, 3, 3, 2, 0, -7, 196, 2, -1, 0, 2, 1]
IM-000000011186378-AP1.png ::::::::: [14, 5, 4, 3, 4]
IM-000000011378608-AP1.png ::::::::: [7, -1, -1, -3, -4]
IM-000000010731885-AP1.png ::::::::: [5, 2, 2]
IM-000000011387035-AP1.png ::::::::: [3, 5, 3, 16, 4, 18, 3, 4, 15, -10, 3, 16, -10, 4, 19, 5, 3, 31, 5]
IM-000000011379424-AP2.png ::::::::: [2, 23, 4]
IM-000000011387644-AP1.png ::::::::: [-4, -4, 23, 11]
IM-000000010733588-AP1.png ::::::::: [-10, 21, 3, 1, 2, 14, 4, 6, 2, 13, 4, 6, 2]
IM-000000009457732-AP1.png ::::::::: [23, 5, 25, 6, 25, 5, 25, 5, 26, 6]
IM-000000011386760-AP1.png ::::::::: [38, -3, -3, 34, 37]
IM-000000011269479-AP1.png ::::::::: [4, 13, 6, 12, 14, 13, 13, 12, 11, 13, 14, 14, 12, 13, 13, 12, 13, 5, 14]
IM-000000011386720-AP1.png ::::::::: [19, 7, 4]
IM-000000011379278-AP2.png ::::::::: [8, 12, 6, 4, 5, 5, 4, 5, 7, 6, 12, 4, 4, 4, 6, 5, 6, 8, 12, 6, 5, 4, 5, 5, 5, 6, 9, 12, 6, 5, 5, 4, 6, 4, 6, 9, 12, 5, 4, 5, 3, 5, 6]
IM-000000011379715-AP2.png ::::::::: [13, 3, 8, 10, 6]
IM-000000011387123-AP1.png ::::::::: [4, 8, -9, 24, 25]
IM-000000010663061-AP1.png ::::::::: [6, 3, 1, 13, 1, 1]
IM-000000011378649-AP2.png ::::::::: [-2, -3, -1, -3]
IM-000000011379623-AP1.png ::::::::: [15, 8, 6, 7]
IM-000000011379554-AP1.png ::::::::: [8, 6, 9, 17, 5, 8, 16, 7, 6, 6]
IM-000000011387345-AP1.png ::::::::: [0, 0, 21, 3]
IM-000000011386693-AP1.png ::::::::: [-3, 10, 5, -4, -2, 5]
IM-000000011379198-AP1.png ::::::::: [5]
IM-000000011379016-AP1.png ::::::::: [14, 4, 5]
IM-000000011500982-AP1.png ::::::::: [3, 5, 4, 5, 7, 5, 5, 7]
IM-000000010865953-AP1.png ::::::::: [12, 4, 3, 4, 4]
IM-000000011379668-AP1.png ::::::::: [9]
IM-000000010952151-AP2.png ::::::::: [9, 8, 4, 2, 3, 14, -1, 1, 4, 3, 4, 17, 45, 9, 3, 4, 2, 14, 4, 3, 4, 1, 3, 16]
IM-000000010756064-AP1.png ::::::::: [11, 8, 6, 7]
IM-000000011667222-AP1.png ::::::::: [4, 1, 9, 2, 450]
IM-000000011379382-AP3.png ::::::::: [2, 0, -6, 18, 13, -5, 3, 9, 14, -5, 2, 8, 12, -4, 5, 9, 13, -4, 4, 8, -10]
IM-000000011386959-AP1.png ::::::::: [2, 4, 1, 18, 2, 3, 30, 2, 18, 5, 19, 5, 21, 3, 18, 6]
IM-000000011459575-AP4.png ::::::::: [-5, -3, -3, -5, 3, 3, 7, 4, 15, 3, 2, 14, 3, 6, 4, -45, -45, 2, 15, 3, 6, 4, 14, 4, 4]
IM-000000011379381-AP1.png ::::::::: [3, 1, 23, -6, 4, 7, -9]
IM-000000011387374-AP1.png ::::::::: [21, -8, 102, 8]
IM-000000011387413-AP1.png ::::::::: [10, 3, 16, 20, 22, 1, 8, 21, 2, 8, -7, 3, 10, -7, 4, 15, 2, 16, 4]
IM-000000009411510-AP3.png ::::::::: [5, 7, 6, 6, 6, 4, 4]
IM-000000011387362-AP1.png ::::::::: [12]
IM-000000011333685-AP1.png ::::::::: [10, 7, 8, 8, 7, 6, 8, 8, 5]
IM-000000009423673-AP1.png ::::::::: [3, 2, 14, 3]
IM-000000011386960-AP1.png ::::::::: [10, 3, 16, 21, 2, 9, 1, 9, -7, 4, 15, 3, 16, 1]
IM-000000011379109-AP1.png ::::::::: [15, 8, 7, 9, 7, 8, 10]
IM-000000011387606-AP1.png ::::::::: [5, 15, 4, 4, 4, 4]
IM-000000011379814-AP2.png ::::::::: [-6, -1, -4, 4, 17, 33, 10, 60, 6, 33, 9, 60, 7, 172]
IM-000000011435888-AP1.png ::::::::: [1, 548]
IM-000000011379589-AP1.png ::::::::: [12, 17, 3, 1, 1, 3]
IM-000000010652233-AP1.png ::::::::: [-3, -2, 4, 5, -10, 6]
IM-000000010963995-AP1.png ::::::::: [12, 5, 6, 5]
IM-000000009411514-AP2.png ::::::::: [4]
IM-000000011369019-AP27.png ::::::::: [13, 4, 4, 5]
IM-000000011378710-AP1.png ::::::::: [-10, 20, 12, 12]
IM-000000011387240-AP1.png ::::::::: [11, 3, 8, 2, 8, 2, 15, -7, 23, 21, 0, 9, 20, 2, 9, -7, 3, 10]
IM-000000011379561-AP1.png ::::::::: [12, 14, 61, 7, 31, 9, 8]
IM-000000010663071-AP1.png ::::::::: [5, 0]
IM-000000011548113-AP1.png ::::::::: [-2, -4, 25, 24, 23, 23, 23, 23, 22, 22, 24]
IM-000000011378644-AP1.png ::::::::: [-3, -2, -1, -4, 8, 7, 5, 17, 8, 8, 19, 5, 21, -8, 6]
IM-000000010756067-AP1.png ::::::::: [10, 8, 7, 7, 8, 8]
IM-000000011378579-AP2.png ::::::::: [6, -3, -2, -2, -2]
IM-000000011379952-AP1.png ::::::::: [13, 5, 4, 4, 5, 4, 5, 5, 5, 4, 4, 3, 5, 4, 4, 4, 19]
IM-000000011386921-AP1.png ::::::::: [14, 6]
IM-000000011343859-AP1.png ::::::::: [7, 1, -1]
IM-000000011249351-AP1.png ::::::::: [9, 7, 7]
IM-000000011857053-AP1.png ::::::::: [7, 10, 11, 10, -7, 10, 9, 10, 8, 10]
IM-000000011379522-AP1.png ::::::::: [12, 4]
IM-000000009564047-AP1.png ::::::::: [1, 4, 32, 4, 4]
IM-000000011387473-AP1.png ::::::::: [-3, 10, 5, -5, -3, 5, 3, 4, 4, 2, -3, -2, 5, 2, 5, 5]
IM-000000011378804-AP15.png ::::::::: [-3, -2, -3, -6, -7, 4, 3, 7, 2, 16, 3, 4, 4, 4, 16, 2, 6, 1, 15, 6, 5, 5, 1, 15, 2, 6, 3, 13]
IM-000000010733569-AP1.png ::::::::: [21, 3, 5, 4, 13, 3, 16, 4, 15, 3, 5, 2, 3, 16, 5, 5, 5]
IM-000000011387376-AP1.png ::::::::: [3, 4, 5, 5, 2, 6, 5, 6]
IM-000000011186395-AP1.png ::::::::: [13, 5, 5, 4, 4]
IM-000000010756065-AP1.png ::::::::: [10, 9, 8, 8]
IM-000000011387161-AP1.png ::::::::: [9, 3]
IM-000000011143054-AP1.png ::::::::: [6, 2, 3, 10, 7, 6, 6, 11]
IM-000000011200858-AP1.png ::::::::: [10, 14, 13, 13]
IM-000000011379256-AP1.png ::::::::: [4, 3, 3, 3, 5, 3, 4, 3, 4, 2]
IM-000000011386972-AP1.png ::::::::: [10, 3, 14, 22, 21, 2, 9, 20, 3, 10, 3, 10, 2, 9, 2, 11, -7, 4, 15, 3, 16]
IM-000000011379650-AP2.png ::::::::: [1, 5, 7, 4, 4, 4, 6, 4, 3, 4, 5, 4, 4, 4, 5, 5, 4, 3, 5, 6, 4, 5, 5, 6, 5, 4, 4, 5, 5, 5, 6, 6, 5, 5, 4, 6, 4, 4, 5, 6, 6, 4, 4, 4, 4, 5, 4, 5, 4, 6, 5, 4, 6]
IM-000000011379909-AP1.png ::::::::: [13, 4, 4, 4, 5, 5, 4, 3, 316, -11]
IM-000000009457731-AP1.png ::::::::: [24, 4]
IM-000000011379196-AP1.png ::::::::: [3]
IM-000000011143056-AP2.png ::::::::: [5, 4, 4, 10, 6, 5, 5, 2, 4, 11, 19, 6, 8, 6, 7, 4, 7, 10, 19, 5, 7, 8, 7, 7, 13, 18, 7, 6, 8, 7, 7, 12]
IM-000000011379574-AP1.png ::::::::: [9, 11, 5, 8, 9, 10, 6]
IM-000000011188933-AP1.png ::::::::: [9, 10, 11]
IM-000000010759568-AP1.png ::::::::: [23, -12, 7]
IM-000000011802745-AP1.png ::::::::: [10, 6, 8, 7]
IM-000000010652231-AP1.png ::::::::: [-1, -1, 4, 6, 7, 5, -7, 5, 6, 6]
IM-000000011191756-AP1.png ::::::::: [4, 14, 6, 12, 12, 11, 12, 5, 13, 11, 4]
IM-000000010557088-AP1.png ::::::::: [7, 7, 7, 6, 8, 8, 7, 6, 9, 8]
IM-000000011387111-AP1.png ::::::::: [3, -13, -13]
IM-000000010733583-AP1.png ::::::::: [21, 3, 2, 3, 15, 4, 15, 2, 14, 4, 6]
IM-000000011387418-AP1.png ::::::::: [-12, 12, 2, 3, -3, 12, 13, 5, 3, -6, 5, 10, 13, 3, 3, -6, 7, 13, 13, 4, 4, -5, 6, 12]
IM-000000010617010-AP1.png ::::::::: [-5, -6, 17, 4, 4, 4]
IM-000000011186404-AP1.png ::::::::: [13, 4, 4, 3]
IM-000000010579474-AP1.png ::::::::: [-1, 32, 8, 6, 6, 6, 7, 7, 8, 6, 8, 8, 7, 6, 7, 8, 7, 6, 7, 7, 7, 5, 7, 7, 7, 17]
IM-000000011188934-AP1.png ::::::::: [9]
IM-000000011343294-AP2.png ::::::::: [-5, -4, 4, -3, -4, 5, -4, -4, 4, -3, -3, 4, -3, -4, 4, 2, 2, 5, -4, -4]
IM-000000010529633-AP1.png ::::::::: [12, 7, 5, 6, 6, 6, 5, 6, 5, 5, 6, 5, 5, 5]
IM-000000010892936-AP1.png ::::::::: [10, 2, 3, 3, 1, 4, 3, 4, 2, 0, 17, 2, 2, 2, 2, 52, -11, 6, -10, 9, 13, 2, 3, 2, 2, 52, -10, 6, -10, 9, 14, 3, 3, 2, 55, -10, 7, -9, 10, 32]
IM-000000011378661-AP1.png ::::::::: [7, -2, 0, -2, -2]
IM-000000011379461-AP16.png ::::::::: [1, 1, 23, -5, 4, 8]
IM-000000010865955-AP1.png ::::::::: [11, 4, 4, 5, 4]
IM-000000011387673-AP1.png ::::::::: [-8, -3, -3, 12, 279]
IM-000000011378814-AP2.png ::::::::: [-3, -4, 4, -2, -4, 5, 1, -1, 4, -2, -6, 5, -4, -4, 5, -2, -3]
IM-000000011310368-AP1.png ::::::::: [8, 8, 3, 4, 3, 16, 4, 5]
IM-000000011379366-AP1.png ::::::::: [3, 2, 3, 6, 6, 0, -13, -11, 6, 6]
IM-000000011379642-AP1.png ::::::::: [13, 3, 8]
IM-000000011459351-AP1.png ::::::::: [16, 4, 4, 14, -1, 4]
IM-000000011379891-AP1.png ::::::::: [14, 5, 6, 3, 5, 358]
IM-000000011286382-AP1.png ::::::::: [-11, 14, 5, 4, 4]
IM-000000011379818-AP3.png ::::::::: [-5, 0, -5, 4, 22, 60, 9, 33, 8, 59, 8, 34, 10, 61, 8, 34, 9, 26]
IM-000000011379754-AP1.png ::::::::: [3]
IM-000000011378600-AP1.png ::::::::: [8, -2, -3, -2, -3, 8, 4, 6, 16, 8, 8, 19, 4, 24, 6, 22, 6, 22, 4, 23, 3, 22, 3, 22, 5, 22, 5, 21, 5, 33]
IM-000000011379222-AP1.png ::::::::: [7, 5]
IM-000000011379823-AP1.png ::::::::: [10, -4, -5, 7, 11, -5, -4, 8]
IM-000000011379445-AP6.png ::::::::: [3, -12, 6, 24, 3, 6]
IM-000000011379510-AP1.png ::::::::: [6, 19, 4, 5, 5, 4, 5, 5, 6, 6, 6, 6]
IM-000000011550130-AP2.png ::::::::: [-2, -3]
IM-000000011387464-AP2.png ::::::::: [-3, 9, 4, -3, -2, 5, 5, 6, 5, 4, -3, -2, 4, 4, 5, 5, 3, -3, -2, 4, 3, 5, 5, 3, -3, -2, 5, 5, 5, 4]
IM-000000011379500-AP1.png ::::::::: [13, 2]
IM-000000011102001-AP1.png ::::::::: [6, 18, 3, 21, 4, 17, 4]
IM-000000011386948-AP2.png ::::::::: [-6, 1, 12, 3, 17, 3, 17, 3, 15, 4, 15, 4, 16, 4, 17, 3, 17, 3, 17, 4, 18, 3, 17, 3]
IM-000000010881208-AP1.png ::::::::: [4, 0, 2]
IM-000000011386730-AP1.png ::::::::: [16, 10, 10, 11, 10, 10, 11, 12, 13, 10, 10, 10, 11, 11, 11, 12, 12, 8, 11, 7, -8, 10, 9]
IM-000000011379780-AP1.png ::::::::: [5]
IM-000000010529107-AP1.png ::::::::: [-5, -5, 8, 15]
IM-000000010904574-AP1.png ::::::::: [8, 7, 4, 3, 3, 15, 4, 3, 5, 5, 4, 5, 4, 4, 4, 4, 4, 5, 3, 19]
IM-000000010733602-AP1.png ::::::::: [19, -11, 4, 13, -12, 4, 5, 16, 3, 1, -12, 1]
IM-000000010733573-AP1.png ::::::::: [-10, 20, 3, 15, 3, 4, 1, 11, 2, 6, 13, 6, 6, 5]
IM-000000011379973-AP1.png ::::::::: [4, 3, -10, 5, 5, 3, -10, -10, 5]
IM-000000010965479-AP3.png ::::::::: []
IM-000000011378779-AP1.png ::::::::: [8, 3]
IM-000000011379401-AP2.png ::::::::: [3, 0, -7, 23, -4, 3, 5, -10, 13, -6, 5, 9]
IM-000000011386905-AP1.png ::::::::: [-3, -10, -4, 17, 5, 6]
IM-000000011511178-AP1.png ::::::::: [6, 2, 0, 12, 2, 0]
IM-000000010890124-AP1.png ::::::::: [-5, -5, -3, 7, 2, 16, 16, 15, 2, 2, 4, 4, 3, 2, -10, 241, 1, 2, 1, 2, 0]
IM-000000011143060-AP1.png ::::::::: [5, 4, 3, 10, 7, 5, 7, 5, 10]
IM-000000011379333-AP2.png ::::::::: [13, 15, 14, 12]
IM-000000011370742-AP1.png ::::::::: [8, 7, 4, 4, 2, 13, 3, 4]
IM-000000011387105-AP1.png ::::::::: [3, -13]
IM-000000011378803-AP1.png ::::::::: [1, -5, 127]
IM-000000010865989-AP1.png ::::::::: [-8, 7, -9, -3, -1, -2, 0]
IM-000000011386934-AP2.png ::::::::: [1, 8, 2, 12, -12, 1, 11, -13, -11, 3, 13, 2, 13, 3]
IM-000000011386944-AP1.png ::::::::: [2, 28, 3, 5, 36, 17]
IM-000000011378586-AP1.png ::::::::: [8, -2, -2, -3, -3, 8, 4, 6, 17, 8, 8, 19, 4, 6, 6, 6, 22, 5, 5, 6, 5, 23, 5, 6, 6, 5, 23, 5, 6, 6, 7, 23, 3, 5, 6, 5, 23]
IM-000000010638076-AP1.png ::::::::: [11]
IM-000000010655224-AP1.png ::::::::: [8, 9, 2, 5, 4, 13, 1, 5, 19]
IM-000000011378913-AP1.png ::::::::: [13, 3, 216]
IM-000000010819088-AP6.png ::::::::: [6, 5, 5, 6, 17, 5, 1, 5, 4, 4, 14, 6, 3, 5, 17, 6, 5, 2, 4, 4, 4, 14, -10, 7, 4, 6, 17, 4, 6]
IM-000000011378631-AP1.png ::::::::: [8, -2, -1, -2, -3]
IM-000000011379338-AP1.png ::::::::: [5, 21, 8, 7, 6]
IM-000000011387010-AP1.png ::::::::: [4, 4, 5, 2, 1, -11, 4, 3, 6, 33, 5, 63, 6, 6, 7, 6]
IM-000000011379382-AP2.png ::::::::: [3, 0, -7, 24, -4, 3, 9, 14, -5, 4, 10, 15, -4, 4, 9, 14, -4, 5, 8, 11, -4, 4, 6, 13, -4, 4, 9, 13, -4, 5, 8, 12, -4, 5, 7, -10, -8, 14, 2]
IM-000000010071904-AP1.png ::::::::: [5, 17, 10, 5, 6]
IM-000000010814247-AP1.png ::::::::: [9, -11, 8, 14, 12, 8, 12, 14, 8, 13]
IM-000000011379588-AP1.png ::::::::: [-7, 19, 3, 4, 2, 0]
IM-000000011379361-AP1.png ::::::::: [9, 3, 5, 5, 4, 4, 4, 2, 3, 3, 5, 4, 4, 3, 5, 4, 6]
IM-000000011379412-AP1.png ::::::::: [14, -7, 6, 6, 11, 8, 9, 14, 7, 9]
IM-000000011249368-AP1.png ::::::::: [-8, 24, 7, 6, 7, 7, 6, 8, 7]
IM-000000011387565-AP1.png ::::::::: [5, 7, 14, -3]
IM-000000009466516-AP1.png ::::::::: [5, 2, 13, 5]
IM-000000011378898-AP1.png ::::::::: [0, 0, 10, 2]
IM-000000010662990-AP1.png ::::::::: [5, 6, -5, 5, 8]
IM-000000011378615-AP2.png ::::::::: [8, -1, -1, -2, -3, 7, 23, 4, 4, 34]
IM-000000011387521-AP2.png ::::::::: [18, -3, -3]
IM-000000011378648-AP2.png ::::::::: [6, -4, -3, -2, -2]
IM-000000011343858-AP1.png ::::::::: [6, 1, 0, 8, 1, 2]
IM-000000011379801-AP1.png ::::::::: [-7, 0, -3, 2, 21, 8, 58, 7, 120, 5, 5, 4, 4, 180]
IM-000000011379101-AP2.png ::::::::: [5, 12, 21, 5, 5, 7, 5, 23, 4, 5, 8, 23, 22, 7, 5, 7, 22, 6, 5, 6, 144]
IM-000000011253951-AP2.png ::::::::: [16, 2, 4, -3, -4, 1, 3, 29, 3, 5, -3, -2, 2, 3]
IM-000000011386923-AP1.png ::::::::: [14, 5]
IM-000000011387230-AP2.png ::::::::: [2, 64]
IM-000000010854737-AP1.png ::::::::: [7, 7, 4, 3, 2, 15, 4, 3, 5]
IM-000000010731884-AP1.png ::::::::: [6, 3, 1, 1, 0]
IM-000000011386879-AP3.png ::::::::: [-1, -4, 16, 4, 7, 4, 8]
IM-000000011387630-AP1.png ::::::::: [15, 2, 4, 9, 3, 0, 9, 1, 5, 8, 3, 2, 10, 2, 4]
IM-000000011387385-AP1.png ::::::::: [12, 3, 4, 2, 12, 12]
IM-000000011387485-AP1.png ::::::::: [-1, -4, 16, 4, 2, 4, 4, 5, 2, 2, 4, 4, 5, 4, 6, 5, 4, 4, 8]
IM-000000011254336-AP1.png ::::::::: [-3, -5, 18, 4]
IM-000000011127055-AP1.png ::::::::: [-3, 14, 174, 5]
IM-000000010859297-AP1.png ::::::::: [11, 7, 7, 6, 6, 7]
IM-000000009677502-AP1.png ::::::::: [-7, 0, 10, 10, 2, 3, 66, 7]
IM-000000011379058-AP1.png ::::::::: [13, 4, 6]
IM-000000011379262-AP2.png ::::::::: [-3, -8, -2, 31, 8, 8, 8, 9, 6, 8]
IM-000000011379334-AP1.png ::::::::: [10, -6, 6, -6, 20, -6, 6, -7, 5, 18, 5, 3, 259, 17, 4, 3]
IM-000000010854739-AP1.png ::::::::: [-11, 7, 8, 3, 2, 3, 14, 3, 3, 5]
IM-000000011379430-AP2.png ::::::::: [12, 6]
IM-000000011186418-AP1.png ::::::::: [-10, 14, 4, 4, 4, 4]
IM-000000011379369-AP1.png ::::::::: [6, 9, 6, 3, 6, 4, 6, 4]
IM-000000011284773-AP1.png ::::::::: [6, 19, 2, 4, 6, 9, 4, 5]
IM-000000010733581-AP1.png ::::::::: [-9, 19, 3, 1, 3, 15, 3, 3, 4, 15, 4, 2, -12, 1, 4, 14, -12, 4, 2, 5, 13, 4, 1, 1]
IM-000000011379595-AP1.png ::::::::: [19, 3, 3, 1, 1]
IM-000000011678625-AP1.png ::::::::: [12, 3, 4, 34, 23, 5, 7, 6, 55, 7, 8, 8, 9, 22, -11, 21, 6, 6, 7, 20, 6]
IM-000000010840195-AP1.png ::::::::: [7, 11, 10, 11, 11, 11, 10, 11, 10]
IM-000000010733591-AP1.png ::::::::: [21, 2, 2, 3, 3, 13, 4, 3, 4, 13, -11, 4, 3, 2, 13, 3, 2, -12, 1]
IM-000000011376572-AP1.png ::::::::: [10, 8, 8, 8]
IM-000000011009945-AP1.png ::::::::: [4, 5, 3, 5, 4, 3, 5, 4, 5, 4, 5, 5, 4, 5, 4, 6, 5, 6, 4, 6]
IM-000000011386858-AP1.png ::::::::: [11, 3, 16, 21, 19, 2]
IM-000000011387365-AP1.png ::::::::: [12, 5, 3, -2, 13, 17, 11, -7, 11, 14, 2, 2, 6, 4, -4, -2, 4, 11, 11, 20]
IM-000000011378588-AP2.png ::::::::: [7, -1, -2, -3, -3]
IM-000000009606437-AP5.png ::::::::: [5, 5, 7, 4, 4, 5, 37]
IM-000000009421314-AP1.png ::::::::: [5, 3, 5, 6, 6, 6, 6]
IM-000000010485223-AP1.png ::::::::: [6, 18]
IM-000000011186421-AP1.png ::::::::: [13, 5, 5, 5, 5]
IM-000000011378712-AP1.png ::::::::: [-10, 21, 13, 13, 12, 14]
IM-000000011828276-AP1.png ::::::::: [15, 6]
IM-000000011386733-AP1.png ::::::::: [16, 11, 11, 9, 9, 11, 12, 11, 13, 9, 10, 12, 11, 11, 11, 12, 11, 9, 10, 10, 11, 11]
IM-000000010666197-AP1.png ::::::::: [-4, -2, -5, 24, 3, 9]
IM-000000011254325-AP1.png ::::::::: [-1, -2, 19, 5]
IM-000000011379192-AP1.png ::::::::: [3]
IM-000000010652225-AP1.png ::::::::: [-2, -2, 5, 6, 7, 8, 6, 8]
IM-000000011386904-AP1.png ::::::::: [-3, -10, -4, 17, 4, 9, 4, 10, 3, 9, 5, 9, 4, 8, 5, 9, 4, 10, 5, 9, 5, 6]
IM-000000011333681-AP1.png ::::::::: [12, 7, 8, 8, 8, 8]
IM-000000010652238-AP1.png ::::::::: [-1, -2, 5, 7, 6, 5, -7, 8, 6, -7, 6, -10, 5, -9]
IM-000000011254323-AP1.png ::::::::: [-3, -9, -3, 19, 5]
IM-000000011101955-AP1.png ::::::::: [-4, -5, -4, -5, 8, 3, 4, 2, 5, 4, 16, 16, 14, 2, 3, 4, 5, 3, 1, -10, 193, 1, 2, 1, 3, -1]
IM-000000011686659-AP11.png ::::::::: [-3, -2, -4, -5, 5, 2, 14, 4, 7, 7, 5, 14, 2, 3, 2, 15, 5, 7, 7, 6, 15, 3, 3, 3, 4, 1, 1]
IM-000000011379333-AP1.png ::::::::: [10, 15, 14, 13, 12, 16, 14, 13, 11, -9, 14, 11]
IM-000000011379443-AP6.png ::::::::: [4, 6, 26, 3, 6, 6, -11, 5, 7, 9, 3, 5, 8, 3, 6]
IM-000000011101911-AP1.png ::::::::: [11, 7, 9, 6, -9, 9, 8]
IM-000000011523182-AP1.png ::::::::: [-3, -2, -4, -6, 4, 4, 6, 5, 27, 3, 3, 4, 4]
IM-000000011741699-AP1.png ::::::::: [5, 4, 2, 2]
IM-000000011378984-AP1.png ::::::::: [10, 3, 16, 20, 21, -8, 23, 2, 9, -7, 3, 8, 3, 9, 1, 9, -7, 3, 10, 2, 9, -8, 3, 11, -7, 5, 12]
IM-000000011379440-AP5.png ::::::::: [10, 8, 7, 7, 5, 8, 9]
IM-000000011379373-AP1.png ::::::::: [-9, 2, -1, -8, 25, -5, 4, 10, 13, -4, 5, 10, 13, -6, 4, 9, 12, -5, 3, 9, 15, -4, 4, 8, 14, 5, 8]
IM-000000011285439-AP1.png ::::::::: [10, 0]
IM-000000011143059-AP1.png ::::::::: [6, 4, 5, 10, 6, 7, 12]
IM-000000011583836-AP1.png ::::::::: [5, 1, 11, 2, 1, 10, 0, 10, 0, 10, 2, 10, -1, -11]
IM-000000011685260-AP1.png ::::::::: [6, 6, 16, 4, -11, 3]
IM-000000011386904-AP2.png ::::::::: [-3]
IM-000000010731886-AP1.png ::::::::: [5, 1, 1, 1, 9, 0, 1, 2, 1, 11, 0, 0, 1, 1]
IM-000000009479483-AP2.png ::::::::: [2, 1, 6, 5]
IM-000000011143058-AP1.png ::::::::: [6, 4, 4, 9, 5, 4, 6, 7, 6, 10]
IM-000000010301545-AP2.png ::::::::: [2, 5, 4, 24, 5, 14, 5, 4, 16, 4]
IM-000000010534569-AP1.png ::::::::: [-7, -4, -7, 8, 7]
IM-000000010881253-AP1.png ::::::::: [-1, 0, 9, 1]
IM-000000011379343-AP1.png ::::::::: [9, -6, 388, 15, 6, 4]
IM-000000011249371-AP1.png ::::::::: [-9, 21, 8, 6, 9]
IM-000000011186251-AP1.png ::::::::: [8, 8, 4, 5, 3, 16, 4, 4, 18, 8, 4, 4, 3, 14, 0, 2]
IM-000000010638217-AP1.png ::::::::: [8, 10]
IM-000000010865965-AP1.png ::::::::: [12, 3, 3, 4, 4]
IM-000000011380030-AP1.png ::::::::: [3, -1, 16, 3, 4, 2]
IM-000000011249374-AP1.png ::::::::: [4]
IM-000000011386943-AP1.png ::::::::: [2, 27, 3, 36]
IM-000000011387354-AP1.png ::::::::: [12]
IM-000000011378884-AP1.png ::::::::: [3, -2, 19, 2, 5, 2]
IM-000000011378956-AP1.png ::::::::: [3, 6, 5, 5, 6, 3, 4, 4, 4, 5, 5, 4, 1, 5, 5, 5, 5, 5, 5, 5, 5, 5]
IM-000000011322085-AP1.png ::::::::: [7, 1, 3, 8, 1, 1, 7, 1, 3]
IM-000000010865961-AP1.png ::::::::: [13, 4, 3, 3]
IM-000000010712583-AP1.png ::::::::: [13, -5]
IM-000000011379837-AP1.png ::::::::: [4, 3, 3, 1, 14, 3]
IM-000000011344106-AP1.png ::::::::: [-10, 11, 7, 8, 8, 6, 7, 7, 7, 7, 7, 7, 7, 7, 8, 7, 6, 6, 7, 6, 6, 7]
IM-000000010768804-AP1.png ::::::::: [17, 8, 6]
IM-000000010865958-AP1.png ::::::::: [12, -8, 3, 3, 3, 4]
IM-000000011379805-AP3.png ::::::::: [5, -9, 0, 3, 62, 4, 5, 3, 4, 374]
IM-000000010881247-AP1.png ::::::::: [3, 11]
IM-000000011378606-AP3.png ::::::::: [7, -2, -3, -3, -3]
IM-000000011367584-AP1.png ::::::::: [8, 10, -8, 11, 10, 10, 11, 11, 10, 11]
IM-000000011387369-AP1.png ::::::::: [5, 16]
IM-000000009411514-AP1.png ::::::::: [5, 3, 6, 5, 7, 7, 6]
IM-000000011379836-AP1.png ::::::::: [4, 4, 1, 11, 3, 3, 3, 13, 3, 13, 4, 14, 3, 13, 4, 15, 4]
IM-000000010676246-AP1.png ::::::::: [11, -8, 1, 2, 1, 0]
IM-000000011386966-AP1.png ::::::::: [11, 3, 15, -8, 23, 21, 1]
IM-000000011379453-AP2.png ::::::::: [-14, 2, 27, 9, 11]
IM-000000010965479-AP2.png ::::::::: [8, 7, 4, 3, 4, 4, 14, 0, 3, 2, 5, 4, 4, 4, 18, 48, 8, 3, 1, 4, 5, 13, 1, 1, 3, 6, 5, 4, 5, 19]
IM-000000010772103-AP1.png ::::::::: [8, 9, 4, 3, 14, 4, 5]
IM-000000011190599-AP1.png ::::::::: [-3, -6, 11, 7, 7, -8, 6, 9, 8, -3, -4]
IM-000000011379419-AP2.png ::::::::: [-5, 0, -4, 2, 62, 5, 4, 4, 4, -11, 372]
IM-000000011387282-AP1.png ::::::::: [10, 4, 15, 21, 2, 10, 4]
IM-000000011379443-AP9.png ::::::::: [5, 6, 24, 3, 7, 5, 7, 5, 7, 9, 4, 7, 8, 3, 7]
IM-000000009480622-AP1.png ::::::::: [10, 3, 17, 4]
IM-000000011387445-AP1.png ::::::::: [-4, 9, 4, -3, 17, -3, -2, 6, 5]
IM-000000009433102-AP1.png ::::::::: [7, 7, 4, 6]
IM-000000011379657-AP1.png ::::::::: [16, 5, 2, 6, 5, 5, 4, 4, -10, 5, 4, 20]
IM-000000011378804-AP20.png ::::::::: [-3, -2, -3, -5, 16, 5, 6, 4, 3, 18, 3, 6, 4, 16, 5, 4, 4, 4, 16, 4, 7, 3, 15, 5, 5, 3, 3]
IM-000000011379470-AP1.png ::::::::: [-4, -6, -3, 9, -12, 7, 7, 7, 7, 8, 8, 6, 7, 8, -10, -28, -9]
IM-000000011378667-AP1.png ::::::::: [3, 0]
IM-000000011254332-AP1.png ::::::::: [-1, -3, 19, 4]
IM-000000010865975-AP1.png ::::::::: [12, -9, 2, 2, 2]
IM-000000009418599-AP1.png ::::::::: [6, 3, 4, 6, 4, 7, 6]
IM-000000010712587-AP1.png ::::::::: [14, -5]
IM-000000011386871-AP1.png ::::::::: [-2, -5, 17, 5, 7]
IM-000000011098840-AP2.png ::::::::: [2, 14, 3, 2, 5, 4, 4, 3, 4, 4, 4, 4, 3, 4, 4, 3, 3, 3, 4, 3, 3, 3]
IM-000000010929702-AP1.png ::::::::: [-4, -3, -3, -5, 8, 3, 4, 2, 4, 2, 3, -1, 3, 15, 17, 13, 2, 2, 4, 4, 4, 171, 1, 1, 0, 1, 1]
IM-000000011369972-AP1.png ::::::::: [16, 5]
IM-000000010843146-AP1.png ::::::::: [8, 8, 3, 3, 3, 14, 3, 2, 3, 3, 4, 5, 4, 19]
IM-000000011186271-AP1.png ::::::::: [15, 6, 7, 5, 14, 2]
IM-000000011386922-AP1.png ::::::::: [14, 4]
IM-000000011387163-AP1.png ::::::::: [10, 3, 14, 22, 20, -7, 3, 11]
IM-000000011387384-AP2.png ::::::::: [21]
IM-000000010585549-AP1.png ::::::::: [9, 8, 7, 7, 7, 7, 8, 8, 7, 6]
IM-000000011379120-AP1.png ::::::::: [0, 0, 10, 2]
IM-000000010772396-AP1.png ::::::::: [-6, -6, 10, 7, 8, -8, 6, 6]
IM-000000010662988-AP1.png ::::::::: [5, 6, 4, 8]
IM-000000011378804-AP22.png ::::::::: [-3, -2, -3, 5, 3, 5, 4, 5, 16, 3, 7, 4, 15, -63, -62, 4, 5, 17, 3, 6, 4, 15, 6, 5, 3, 5]
IM-000000011386948-AP1.png ::::::::: [3, 26, 3, 16, 4, 16, 3, 17, 4, 16, -3, 4, 16, 5, 17, 4, 4, 16, 3, 17, 4, 4, 15, 4]
IM-000000011379149-AP1.png ::::::::: [10, 4, 2, 0, 13, 3, 4]
IM-000000011186251-AP2.png ::::::::: []
IM-000000011143056-AP1.png ::::::::: [5, 5, 5, 9, 4, -12, 6, 6, 7, 10, 20, 7, 6, 8, 8, 13]
IM-000000009436489-AP1.png ::::::::: [14, 9, 26, 55, 26]
IM-000000010772567-AP1.png ::::::::: [5, 7, 4, 5, 2, 2, 12, 4, 4, 18]
IM-000000011378639-AP1.png ::::::::: [8, -1, -2, -2, -3, 8, 3, 6, 7, 18, 8, 7, 19, 2, 19, -9, 6, 22, 4, 20, 3, 22, 6, 23, 3]
IM-000000010755800-AP2.png ::::::::: [7, -1, -2, -2, -3, 8, 17, 5]
IM-000000011369019-AP39.png ::::::::: [13, 4, 4, 4, 4]
IM-000000011249355-AP1.png ::::::::: [8, 7, 5, 17, 2, 3]
IM-000000011379276-AP2.png ::::::::: [5, -5, 0, -3, 3, 62, 3, 3, 4, 4, 374]
IM-000000010663073-AP1.png ::::::::: [6, 3, 1, 13, 1, 1]
IM-000000011677806-AP1.png ::::::::: [19, 7, 12, 7, 14, 6, 14, 7]
IM-000000011379530-AP1.png ::::::::: [3, 5, 3]
IM-000000011379972-AP1.png ::::::::: [4, 5]
IM-000000010676276-AP1.png ::::::::: [10, 0, 1, 1]
IM-000000011101899-AP1.png ::::::::: [9, 8, 2, 3, 4, 13, 3, 5]
IM-000000010733603-AP1.png ::::::::: [20, 3, 3, 3, 5, 15, 3, 15, 3, 5, 2, 11, 2, 5, 14, 2, 1, 1]
IM-000000011369019-AP2.png ::::::::: [13, 4, 4, 4, 4]
IM-000000011386671-AP2.png ::::::::: [6, 0, -1, -10, -7, -5, -4, -5, -7, -4, -3, -1, 6, 3, 15, 6, 7, 14, 4, 5, 15, 4, 7, 15, 4, 6, 15, 4, 3, -6, 15, 5, 4, 16, 6, 5, 16, 6, 6]
IM-000000011459575-AP11.png ::::::::: [-3, -4, -5, -4, 5, 3, 13, 2, 12, 3, 6, 4, 15, 2, 14, 4]
IM-000000011387583-AP1.png ::::::::: [-8, 10, 3]
IM-000000011367517-AP1.png ::::::::: [9, 6]
IM-000000011378874-AP1.png ::::::::: [11, 21, -7, 21]
IM-000000011686659-AP12.png ::::::::: [-4, -2, -4, -5, 3, 13, -9, 5, 9, 5, 5, 14, 3, 3, -125, -69, 3, 3, 15, 4, 8, 7, 4, 15, 0, 2, 3]
IM-000000010865935-AP1.png ::::::::: [12, 4, 5, 4, 4]
IM-000000011249352-AP1.png ::::::::: [-10, 12, 7, 8]
IM-000000011186273-AP1.png ::::::::: [15, 7, 13, 0]
IM-000000010948372-AP1.png ::::::::: [-4, -3, -3, -2, 6, -9, 3, 4, 15, 15, 15, 3, 0, 4, 4, 4, 2, 1, 5, 4, 4, 2, 4, 159, 2, 1, 0, 3, 2]
IM-000000011379204-AP1.png ::::::::: [11, 3, 9, 3, 16, 20, 2, 9, -7, 3, 8, -8, 3, 9, 3, 12, 3]
IM-000000011386879-AP1.png ::::::::: [-4, -9, -3, 17, 5, 9, 5, 8, 4, 9, 3, 9, 5, 9, 6, 9, 4, 10, 4, 7, 3, 9, 5, 6, 4, 8, 5]
IM-000000010965551-AP1.png ::::::::: [-7, 3, -8, -7, -2, 0, -1]
IM-000000010652229-AP1.png ::::::::: [-1, -1, 5, -7, 8, 7, 6, -7, 7, -6, 6, 7]
IM-000000011378804-AP17.png ::::::::: [-3, -2, -3, -6, 5, 4, 6, 5, 16, 4, 5, 4, 5, 17, 5, 7, 4, 15, 4, -109, -81, 2, 13, -9, 4, 8, 3, 15]
IM-000000010952149-AP1.png ::::::::: [8, 9, 3, 16, 2, 4, 20, 8, 18, 3, 5]
IM-000000011378619-AP1.png ::::::::: [6, -3, -2, -3, -3, 7, 6, 6, 17, 8, 7, 19, 3, 5, 24, 4, 5, 23, 4, 5, 22, 4, 5, 22, 3, 6, 21, 3, 7, 20, 4, 5, 22, 5]
IM-000000011286384-AP1.png ::::::::: [13, 5, 4, 5, 4]
IM-000000011379456-AP4.png ::::::::: [4, 5, 5, 3]
IM-000000011796877-AP1.png ::::::::: [1, -9, 548]
IM-000000011379263-AP1.png ::::::::: [-3, -4, 17, 4, 8]
IM-000000011378611-AP4.png ::::::::: [-3, -3, -3, -3, 8, 5, 23, 4, 5, 6, 6, 24, 4, 4, 6, 5, 23, 4, -6, 6, 7, 5, 22, 3, 3, 4, 6, 23, 4, 4, 6, 5, 35]
IM-000000010842434-AP1.png ::::::::: [13]
IM-000000011102079-AP1.png ::::::::: [12, 7, 8, 8, 7, 6, 7, 7, 7]
IM-000000011794225-AP1.png ::::::::: [8, -2, -2, -2, -3]
IM-000000011378593-AP1.png ::::::::: [7, -1, -2, -4, -4, 8, 6, 6, 5, 18, 8, 9, 19, 4]
IM-000000011310221-AP1.png ::::::::: [0, 15, 14, 15, 12, 110, 4, 366]
IM-000000011386715-AP1.png ::::::::: [13, -1, -5, 12, -4, -3, 11, -5, -2, 12, -2]
IM-000000011387232-AP1.png ::::::::: [-2, -4, 15, 3, 4, 10, 3, 3]
IM-000000010832526-AP1.png ::::::::: [10, 7, 9, 8, 8, 7, 7]
IM-000000011386881-AP2.png ::::::::: [-3, -10, -4, 17, 4, 7, 4, 8, 4, 8, 4, 9, 4, 9, 3, 9, 5, 10, 5, 8, 5, 6]
IM-000000010679224-AP1.png ::::::::: [4, 2, 1, 2]
IM-000000011379508-AP1.png ::::::::: [13, 5, 6]
IM-000000011387155-AP1.png ::::::::: [11, 3, 9, -7, 4, 10, 1, 9, 3, 8, -8, 4, 11, 3, 12, 3, 12, 3]
IM-000000011386728-AP1.png ::::::::: [11, 3, 11, 3, 15, 21, -7, 23, 3]
IM-000000011386739-AP1.png ::::::::: [16, 7, 11, 13, 8, 10, 12, 12, 11, 10, 12, 12, 11, 11, 13, 12, 12, 9, 11, 9, -7, 9, 10]
IM-000000011064237-AP1.png ::::::::: [-4, -2, -5, 22, 5, 8, -9, 16, -10, 3, 7, -11, -8, 5, 8, 17, 15, 4, 10, 4, 9, 3, 10, 14, -10, 14]
IM-000000011102691-AP1.png ::::::::: [-12, 8, 8, 17, 3, 3, 5, 4, 4, 5, 4, 4, 4, 4]
IM-000000011379685-AP1.png ::::::::: [7]
IM-000000011379440-AP7.png ::::::::: [9, 8, 7, 8, 7, 9, 8]
IM-000000011379440-AP2.png ::::::::: [9, 7, -11, 8, 6, 10, 6, 10, 4, 11, 9]
IM-000000011310474-AP18.png ::::::::: [19, 5, 6, 5, 5, 4, 5, 6, 5, 6, 6, 6, 6, 5, 6, 6, 5, 7, 7]
IM-000000011387317-AP1.png ::::::::: [18, 4, 6, 6, 5]
IM-000000010809068-AP4.png ::::::::: [10, -7, 1, 0, 0, 1]
IM-000000011379309-AP1.png ::::::::: [10, 3, 16, 21, 22, -7, 3, 12]
IM-000000011186432-AP1.png ::::::::: [13, 4, 5, 3]
IM-000000011378578-AP1.png ::::::::: [7, -3, -2, -2, -2]
IM-000000010842922-AP1.png ::::::::: [-4, -4, -3, 7, -9, 4, 3, 4, 4, 15, 16, 14, 2, 0, 4, 5, 4, 1, -11, 205, 2, -1, 0, 2, 1]
IM-000000011143055-AP1.png ::::::::: [6, 5, 4, 8, 6, 8, 11]
IM-000000011598501-AP1.png ::::::::: [-5, -1, 3, 4, 2, 352]
IM-000000011387279-AP1.png ::::::::: [11, -9, -1, 0, 3, 1, 1]
IM-000000011386696-AP2.png ::::::::: [-3, 10, 5, -3, -2, 5, 5, 6, 5, 4, -3, -2, 4, 5, 5, 5]
IM-000000011201057-AP1.png ::::::::: [2, 15, 2, 4, 3, 3, 3, 3, 4, 3, 4, 3, 4]
IM-000000011378635-AP2.png ::::::::: [7, -3, -1, -2, -3]
IM-000000011387399-AP1.png ::::::::: [7, 1, 13, 5, 3]
IM-000000011379481-AP1.png ::::::::: [-12, 4, 28, 4, 4, 2, 7, 15]
IM-000000011386898-AP1.png ::::::::: [-2, -5, 16, 5, 7]
IM-000000011387483-AP1.png ::::::::: [-1, -5, 16, 3, 1, 4, 5, 6, 3, 3, 3, 3, 4, 4, 4, 5, 5, 4, 4, 5]
IM-000000011379799-AP1.png ::::::::: [-6, 0, -3, 3, 19, 9, 59, 6, 34, 9, 59, 1, -3, 3, 197]
IM-000000011127054-AP1.png ::::::::: [-1, 14, 15, 14, 14, 13, 86, 4, 365]
IM-000000011459575-AP5.png ::::::::: [-3, -2, -3, -5, 4, 3, 8, 5, 14, 3, 3, 14, 3, 7, -49, -54, 1, 2, 13, 3, 8, 3, 15, 3, 1, 15]
IM-000000010473802-AP1.png ::::::::: [4, 4, 4, 7]
IM-000000010865976-AP1.png ::::::::: [-10, 12, 3, 1, 3, 2, 3]
IM-000000011387035-AP2.png ::::::::: [1, -11, 3, 18, 4, 19, 3, 17, -11, 4, 19, 4, 3, 30, 5, 32, -10, 3]
IM-000000011379916-AP1.png ::::::::: [13, 5, 4, 5, 5, 357, -10]
IM-000000011387188-AP1.png ::::::::: [7, 9, 8, 7, 8, 24, 25, 20]
IM-000000011379818-AP2.png ::::::::: [-11, -1, 2, 19, 7, 60, 3, 0, 31, 9, 58, 7, 34, 10, 58, 8, 32, 20]
IM-000000010288286-AP1.png ::::::::: [-2, -3, 12]
IM-000000010831843-AP5.png ::::::::: [11, 7, 7, 8, 8, 8, 8, 8, 9, 8, 8, 8, 8, 9, 9, 9, 8, 8, 8, 8, 8, 9, 8, 8]
IM-000000011379353-AP1.png ::::::::: [1, 14, 14]
IM-000000010652236-AP1.png ::::::::: [-1, -2, 4, 6, 7, 7, 5]
IM-000000010831546-AP1.png ::::::::: [-9, 11, 0, 2, 2]
IM-000000010579474-AP2.png ::::::::: [0, 32, 32, 40, 6, 4, 4, 15, 5, 4, 3, 17, 1, 3]
IM-000000011386731-AP1.png ::::::::: [15, 9, 11, 11, 9, 11, 10, 13, 10, 10, 11, 9, -8, 11, 10, 11, 11, 11, 10, 11, 9, 10, 11]
IM-000000011101917-AP1.png ::::::::: [9, 9, 2, 4, 3, 13, 3, 4, 18]
IM-000000011513089-AP1.png ::::::::: [10, 4, 4, 4, 4, 4, 4, 5, 5]
IM-000000010708248-AP1.png ::::::::: [8, 7, 3, 5, 13, 3, 5]
IM-000000009428244-AP1.png ::::::::: [14, 11, 27]
IM-000000011386927-AP1.png ::::::::: [-5, 0, 9, 11, 2, 14, 3, 12, 3, 11, -11, 3, 12, -10, 2, 12, 2, 5, 14, 1, 5, 14, -10, 1, 13, 2, 13, -10, 3, 3, 13, 2]
IM-000000010741418-AP1.png ::::::::: [4, 3, 1, 2, 4, 3, 1, 1, 4, 2, 2, 2, 7, 3, 2, 3]
IM-000000011322047-AP1.png ::::::::: [7, 8, 3, 4, 5, 14, 5, 3, 4, 4]
IM-000000009793863-AP1.png ::::::::: [4, 19, 18, 5, 4, 4, 8, 3, 4]
IM-000000009930263-AP2.png ::::::::: [8, 2, 2, 1, 4, 3, 3, 3, 3, 2, 1, 2, 3, 3, 2, 3, 4, 4]
IM-000000010881232-AP1.png ::::::::: [4, 2, 2, 12, 2, 2]
IM-000000010901645-AP1.png ::::::::: [-4, -4, -3, 8, 2, 3, 4, 4, 15, 16, 14, 2, 0, 4, 3, 3, 2, 0, -7, 196, 2, -1, 0, 2, 1]
IM-000000011186378-AP1.png ::::::::: [14, 5, 4, 3, 4]
IM-000000011378608-AP1.png ::::::::: [7, -1, -1, -3, -4]
IM-000000010731885-AP1.png ::::::::: [5, 2, 2]
IM-000000011387035-AP1.png ::::::::: [3, 5, 3, 16, 4, 18, 3, 4, 15, -10, 3, 16, -10, 4, 19, 5, 3, 31, 5]
IM-000000011379424-AP2.png ::::::::: [2, 23, 4]
IM-000000011387644-AP1.png ::::::::: [-4, -4, 23, 11]
IM-000000010733588-AP1.png ::::::::: [-10, 21, 3, 1, 2, 14, 4, 6, 2, 13, 4, 6, 2]
IM-000000009457732-AP1.png ::::::::: [23, 5, 25, 6, 25, 5, 25, 5, 26, 6]
IM-000000011386760-AP1.png ::::::::: [38, -3, -3, 34, 37]
IM-000000011269479-AP1.png ::::::::: [4, 13, 6, 12, 14, 13, 13, 12, 11, 13, 14, 14, 12, 13, 13, 12, 13, 5, 14]
IM-000000011386720-AP1.png ::::::::: [19, 7, 4]
IM-000000011379278-AP2.png ::::::::: [8, 12, 6, 4, 5, 5, 4, 5, 7, 6, 12, 4, 4, 4, 6, 5, 6, 8, 12, 6, 5, 4, 5, 5, 5, 6, 9, 12, 6, 5, 5, 4, 6, 4, 6, 9, 12, 5, 4, 5, 3, 5, 6]
IM-000000011379715-AP2.png ::::::::: [13, 3, 8, 10, 6]
IM-000000011387123-AP1.png ::::::::: [4, 8, -9, 24, 25]
IM-000000010663061-AP1.png ::::::::: [6, 3, 1, 13, 1, 1]
IM-000000011378649-AP2.png ::::::::: [-2, -3, -1, -3]
IM-000000011379623-AP1.png ::::::::: [15, 8, 6, 7]
IM-000000011379554-AP1.png ::::::::: [8, 6, 9, 17, 5, 8, 16, 7, 6, 6]
IM-000000011387345-AP1.png ::::::::: [0, 0, 21, 3]
IM-000000011386693-AP1.png ::::::::: [-3, 10, 5, -4, -2, 5]
IM-000000011379198-AP1.png ::::::::: [5]
IM-000000011379016-AP1.png ::::::::: [14, 4, 5]
IM-000000011500982-AP1.png ::::::::: [3, 5, 4, 5, 7, 5, 5, 7]
IM-000000010865953-AP1.png ::::::::: [12, 4, 3, 4, 4]
IM-000000011379668-AP1.png ::::::::: [9]
IM-000000010952151-AP2.png ::::::::: [9, 8, 4, 2, 3, 14, -1, 1, 4, 3, 4, 17, 45, 9, 3, 4, 2, 14, 4, 3, 4, 1, 3, 16]
IM-000000010756064-AP1.png ::::::::: [11, 8, 6, 7]
IM-000000011667222-AP1.png ::::::::: [4, 1, 9, 2, 450]
IM-000000011379382-AP3.png ::::::::: [2, 0, -6, 18, 13, -5, 3, 9, 14, -5, 2, 8, 12, -4, 5, 9, 13, -4, 4, 8, -10]
IM-000000011386959-AP1.png ::::::::: [2, 4, 1, 18, 2, 3, 30, 2, 18, 5, 19, 5, 21, 3, 18, 6]
IM-000000011459575-AP4.png ::::::::: [-5, -3, -3, -5, 3, 3, 7, 4, 15, 3, 2, 14, 3, 6, 4, -45, -45, 2, 15, 3, 6, 4, 14, 4, 4]
IM-000000011379381-AP1.png ::::::::: [3, 1, 23, -6, 4, 7, -9]
IM-000000011387374-AP1.png ::::::::: [21, -8, 102, 8]
IM-000000011387413-AP1.png ::::::::: [10, 3, 16, 20, 22, 1, 8, 21, 2, 8, -7, 3, 10, -7, 4, 15, 2, 16, 4]
IM-000000009411510-AP3.png ::::::::: [5, 7, 6, 6, 6, 4, 4]
IM-000000011387362-AP1.png ::::::::: [12]
IM-000000011333685-AP1.png ::::::::: [10, 7, 8, 8, 7, 6, 8, 8, 5]
IM-000000009423673-AP1.png ::::::::: [3, 2, 14, 3]
IM-000000011386960-AP1.png ::::::::: [10, 3, 16, 21, 2, 9, 1, 9, -7, 4, 15, 3, 16, 1]
IM-000000011379109-AP1.png ::::::::: [15, 8, 7, 9, 7, 8, 10]
IM-000000011387606-AP1.png ::::::::: [5, 15, 4, 4, 4, 4]
IM-000000011379814-AP2.png ::::::::: [-6, -1, -4, 4, 17, 33, 10, 60, 6, 33, 9, 60, 7, 172]
IM-000000011435888-AP1.png ::::::::: [1, 548]
IM-000000011379589-AP1.png ::::::::: [12, 17, 3, 1, 1, 3]
IM-000000010652233-AP1.png ::::::::: [-3, -2, 4, 5, -10, 6]
IM-000000010963995-AP1.png ::::::::: [12, 5, 6, 5]
IM-000000009411514-AP2.png ::::::::: [4]
IM-000000011369019-AP27.png ::::::::: [13, 4, 4, 5]
IM-000000011378710-AP1.png ::::::::: [-10, 20, 12, 12]
IM-000000011387240-AP1.png ::::::::: [11, 3, 8, 2, 8, 2, 15, -7, 23, 21, 0, 9, 20, 2, 9, -7, 3, 10]
IM-000000011379561-AP1.png ::::::::: [12, 14, 61, 7, 31, 9, 8]
IM-000000010663071-AP1.png ::::::::: [5, 0]
IM-000000011548113-AP1.png ::::::::: [-2, -4, 25, 24, 23, 23, 23, 23, 22, 22, 24]
IM-000000011378644-AP1.png ::::::::: [-3, -2, -1, -4, 8, 7, 5, 17, 8, 8, 19, 5, 21, -8, 6]
IM-000000010756067-AP1.png ::::::::: [10, 8, 7, 7, 8, 8]
IM-000000011378579-AP2.png ::::::::: [6, -3, -2, -2, -2]
IM-000000011379952-AP1.png ::::::::: [13, 5, 4, 4, 5, 4, 5, 5, 5, 4, 4, 3, 5, 4, 4, 4, 19]
IM-000000011386921-AP1.png ::::::::: [14, 6]
IM-000000011343859-AP1.png ::::::::: [7, 1, -1]
IM-000000011249351-AP1.png ::::::::: [9, 7, 7]
IM-000000011857053-AP1.png ::::::::: [7, 10, 11, 10, -7, 10, 9, 10, 8, 10]
IM-000000011379522-AP1.png ::::::::: [12, 4]
IM-000000009564047-AP1.png ::::::::: [1, 4, 32, 4, 4]
IM-000000011387473-AP1.png ::::::::: [-3, 10, 5, -5, -3, 5, 3, 4, 4, 2, -3, -2, 5, 2, 5, 5]
IM-000000011378804-AP15.png ::::::::: [-3, -2, -3, -6, -7, 4, 3, 7, 2, 16, 3, 4, 4, 4, 16, 2, 6, 1, 15, 6, 5, 5, 1, 15, 2, 6, 3, 13]
IM-000000010733569-AP1.png ::::::::: [21, 3, 5, 4, 13, 3, 16, 4, 15, 3, 5, 2, 3, 16, 5, 5, 5]
IM-000000011387376-AP1.png ::::::::: [3, 4, 5, 5, 2, 6, 5, 6]
IM-000000011186395-AP1.png ::::::::: [13, 5, 5, 4, 4]
IM-000000010756065-AP1.png ::::::::: [10, 9, 8, 8]
IM-000000011387161-AP1.png ::::::::: [9, 3]
IM-000000011143054-AP1.png ::::::::: [6, 2, 3, 10, 7, 6, 6, 11]
IM-000000011200858-AP1.png ::::::::: [10, 14, 13, 13]
IM-000000011379256-AP1.png ::::::::: [4, 3, 3, 3, 5, 3, 4, 3, 4, 2]
IM-000000011386972-AP1.png ::::::::: [10, 3, 14, 22, 21, 2, 9, 20, 3, 10, 3, 10, 2, 9, 2, 11, -7, 4, 15, 3, 16]
IM-000000011379650-AP2.png ::::::::: [1, 5, 7, 4, 4, 4, 6, 4, 3, 4, 5, 4, 4, 4, 5, 5, 4, 3, 5, 6, 4, 5, 5, 6, 5, 4, 4, 5, 5, 5, 6, 6, 5, 5, 4, 6, 4, 4, 5, 6, 6, 4, 4, 4, 4, 5, 4, 5, 4, 6, 5, 4, 6]
IM-000000011379909-AP1.png ::::::::: [13, 4, 4, 4, 5, 5, 4, 3, 316, -11]
IM-000000009457731-AP1.png ::::::::: [24, 4]
IM-000000011379196-AP1.png ::::::::: [3]
IM-000000011143056-AP2.png ::::::::: [5, 4, 4, 10, 6, 5, 5, 2, 4, 11, 19, 6, 8, 6, 7, 4, 7, 10, 19, 5, 7, 8, 7, 7, 13, 18, 7, 6, 8, 7, 7, 12]
IM-000000011379574-AP1.png ::::::::: [9, 11, 5, 8, 9, 10, 6]
IM-000000011188933-AP1.png ::::::::: [9, 10, 11]
IM-000000010759568-AP1.png ::::::::: [23, -12, 7]
IM-000000011802745-AP1.png ::::::::: [10, 6, 8, 7]
IM-000000010652231-AP1.png ::::::::: [-1, -1, 4, 6, 7, 5, -7, 5, 6, 6]
IM-000000011191756-AP1.png ::::::::: [4, 14, 6, 12, 12, 11, 12, 5, 13, 11, 4]
IM-000000010557088-AP1.png ::::::::: [7, 7, 7, 6, 8, 8, 7, 6, 9, 8]
IM-000000011387111-AP1.png ::::::::: [3, -13, -13]
IM-000000010733583-AP1.png ::::::::: [21, 3, 2, 3, 15, 4, 15, 2, 14, 4, 6]
IM-000000011387418-AP1.png ::::::::: [-12, 12, 2, 3, -3, 12, 13, 5, 3, -6, 5, 10, 13, 3, 3, -6, 7, 13, 13, 4, 4, -5, 6, 12]
IM-000000010617010-AP1.png ::::::::: [-5, -6, 17, 4, 4, 4]
IM-000000011186404-AP1.png ::::::::: [13, 4, 4, 3]
IM-000000010579474-AP1.png ::::::::: [-1, 32, 8, 6, 6, 6, 7, 7, 8, 6, 8, 8, 7, 6, 7, 8, 7, 6, 7, 7, 7, 5, 7, 7, 7, 17]
IM-000000011188934-AP1.png ::::::::: [9]
IM-000000011343294-AP2.png ::::::::: [-5, -4, 4, -3, -4, 5, -4, -4, 4, -3, -3, 4, -3, -4, 4, 2, 2, 5, -4, -4]
IM-000000010529633-AP1.png ::::::::: [12, 7, 5, 6, 6, 6, 5, 6, 5, 5, 6, 5, 5, 5]
IM-000000010892936-AP1.png ::::::::: [10, 2, 3, 3, 1, 4, 3, 4, 2, 0, 17, 2, 2, 2, 2, 52, -11, 6, -10, 9, 13, 2, 3, 2, 2, 52, -10, 6, -10, 9, 14, 3, 3, 2, 55, -10, 7, -9, 10, 32]
IM-000000011378661-AP1.png ::::::::: [7, -2, 0, -2, -2]
IM-000000011379461-AP16.png ::::::::: [1, 1, 23, -5, 4, 8]
IM-000000010865955-AP1.png ::::::::: [11, 4, 4, 5, 4]
IM-000000011387673-AP1.png ::::::::: [-8, -3, -3, 12, 279]
IM-000000011378814-AP2.png ::::::::: [-3, -4, 4, -2, -4, 5, 1, -1, 4, -2, -6, 5, -4, -4, 5, -2, -3]
IM-000000011310368-AP1.png ::::::::: [8, 8, 3, 4, 3, 16, 4, 5]
IM-000000011379366-AP1.png ::::::::: [3, 2, 3, 6, 6, 0, -13, -11, 6, 6]
IM-000000011379642-AP1.png ::::::::: [13, 3, 8]
IM-000000011459351-AP1.png ::::::::: [16, 4, 4, 14, -1, 4]
IM-000000011379891-AP1.png ::::::::: [14, 5, 6, 3, 5, 358]
IM-000000011286382-AP1.png ::::::::: [-11, 14, 5, 4, 4]
IM-000000011379818-AP3.png ::::::::: [-5, 0, -5, 4, 22, 60, 9, 33, 8, 59, 8, 34, 10, 61, 8, 34, 9, 26]
IM-000000011379754-AP1.png ::::::::: [3]
IM-000000011378600-AP1.png ::::::::: [8, -2, -3, -2, -3, 8, 4, 6, 16, 8, 8, 19, 4, 24, 6, 22, 6, 22, 4, 23, 3, 22, 3, 22, 5, 22, 5, 21, 5, 33]
IM-000000011379222-AP1.png ::::::::: [7, 5]
IM-000000011379823-AP1.png ::::::::: [10, -4, -5, 7, 11, -5, -4, 8]
IM-000000011379445-AP6.png ::::::::: [3, -12, 6, 24, 3, 6]
IM-000000011379510-AP1.png ::::::::: [6, 19, 4, 5, 5, 4, 5, 5, 6, 6, 6, 6]
IM-000000011550130-AP2.png ::::::::: [-2, -3]
IM-000000011387464-AP2.png ::::::::: [-3, 9, 4, -3, -2, 5, 5, 6, 5, 4, -3, -2, 4, 4, 5, 5, 3, -3, -2, 4, 3, 5, 5, 3, -3, -2, 5, 5, 5, 4]
IM-000000011379500-AP1.png ::::::::: [13, 2]
IM-000000011102001-AP1.png ::::::::: [6, 18, 3, 21, 4, 17, 4]
IM-000000011386948-AP2.png ::::::::: [-6, 1, 12, 3, 17, 3, 17, 3, 15, 4, 15, 4, 16, 4, 17, 3, 17, 3, 17, 4, 18, 3, 17, 3]
IM-000000010881208-AP1.png ::::::::: [4, 0, 2]
IM-000000011386730-AP1.png ::::::::: [16, 10, 10, 11, 10, 10, 11, 12, 13, 10, 10, 10, 11, 11, 11, 12, 12, 8, 11, 7, -8, 10, 9]
IM-000000011379780-AP1.png ::::::::: [5]
IM-000000010529107-AP1.png ::::::::: [-5, -5, 8, 15]
IM-000000010904574-AP1.png ::::::::: [8, 7, 4, 3, 3, 15, 4, 3, 5, 5, 4, 5, 4, 4, 4, 4, 4, 5, 3, 19]
IM-000000010733602-AP1.png ::::::::: [19, -11, 4, 13, -12, 4, 5, 16, 3, 1, -12, 1]
IM-000000010733573-AP1.png ::::::::: [-10, 20, 3, 15, 3, 4, 1, 11, 2, 6, 13, 6, 6, 5]
IM-000000011379973-AP1.png ::::::::: [4, 3, -10, 5, 5, 3, -10, -10, 5]
IM-000000010965479-AP3.png ::::::::: []
IM-000000011378779-AP1.png ::::::::: [8, 3]
IM-000000011379401-AP2.png ::::::::: [3, 0, -7, 23, -4, 3, 5, -10, 13, -6, 5, 9]
IM-000000011386905-AP1.png ::::::::: [-3, -10, -4, 17, 5, 6]
IM-000000011511178-AP1.png ::::::::: [6, 2, 0, 12, 2, 0]
IM-000000010890124-AP1.png ::::::::: [-5, -5, -3, 7, 2, 16, 16, 15, 2, 2, 4, 4, 3, 2, -10, 241, 1, 2, 1, 2, 0]
IM-000000011143060-AP1.png ::::::::: [5, 4, 3, 10, 7, 5, 7, 5, 10]
IM-000000011379333-AP2.png ::::::::: [13, 15, 14, 12]
IM-000000011370742-AP1.png ::::::::: [8, 7, 4, 4, 2, 13, 3, 4]
IM-000000011387105-AP1.png ::::::::: [3, -13]
IM-000000011378803-AP1.png ::::::::: [1, -5, 127]
IM-000000010865989-AP1.png ::::::::: [-8, 7, -9, -3, -1, -2, 0]
IM-000000011386934-AP2.png ::::::::: [1, 8, 2, 12, -12, 1, 11, -13, -11, 3, 13, 2, 13, 3]
IM-000000011386944-AP1.png ::::::::: [2, 28, 3, 5, 36, 17]
IM-000000011378586-AP1.png ::::::::: [8, -2, -2, -3, -3, 8, 4, 6, 17, 8, 8, 19, 4, 6, 6, 6, 22, 5, 5, 6, 5, 23, 5, 6, 6, 5, 23, 5, 6, 6, 7, 23, 3, 5, 6, 5, 23]
IM-000000010638076-AP1.png ::::::::: [11]
IM-000000010655224-AP1.png ::::::::: [8, 9, 2, 5, 4, 13, 1, 5, 19]
IM-000000011378913-AP1.png ::::::::: [13, 3, 216]
IM-000000010819088-AP6.png ::::::::: [6, 5, 5, 6, 17, 5, 1, 5, 4, 4, 14, 6, 3, 5, 17, 6, 5, 2, 4, 4, 4, 14, -10, 7, 4, 6, 17, 4, 6]
IM-000000011378631-AP1.png ::::::::: [8, -2, -1, -2, -3]
IM-000000011379338-AP1.png ::::::::: [5, 21, 8, 7, 6]
IM-000000011387010-AP1.png ::::::::: [4, 4, 5, 2, 1, -11, 4, 3, 6, 33, 5, 63, 6, 6, 7, 6]
IM-000000011379382-AP2.png ::::::::: [3, 0, -7, 24, -4, 3, 9, 14, -5, 4, 10, 15, -4, 4, 9, 14, -4, 5, 8, 11, -4, 4, 6, 13, -4, 4, 9, 13, -4, 5, 8, 12, -4, 5, 7, -10, -8, 14, 2]
IM-000000010071904-AP1.png ::::::::: [5, 17, 10, 5, 6]
IM-000000010814247-AP1.png ::::::::: [9, -11, 8, 14, 12, 8, 12, 14, 8, 13]
IM-000000011379588-AP1.png ::::::::: [-7, 19, 3, 4, 2, 0]
IM-000000011379361-AP1.png ::::::::: [9, 3, 5, 5, 4, 4, 4, 2, 3, 3, 5, 4, 4, 3, 5, 4, 6]
IM-000000011379412-AP1.png ::::::::: [14, -7, 6, 6, 11, 8, 9, 14, 7, 9]
IM-000000011249368-AP1.png ::::::::: [-8, 24, 7, 6, 7, 7, 6, 8, 7]
IM-000000011387565-AP1.png ::::::::: [5, 7, 14, -3]
IM-000000009466516-AP1.png ::::::::: [5, 2, 13, 5]
IM-000000011378898-AP1.png ::::::::: [0, 0, 10, 2]
IM-000000010662990-AP1.png ::::::::: [5, 6, -5, 5, 8]
IM-000000011378615-AP2.png ::::::::: [8, -1, -1, -2, -3, 7, 23, 4, 4, 34]
IM-000000011387521-AP2.png ::::::::: [18, -3, -3]
IM-000000011378648-AP2.png ::::::::: [6, -4, -3, -2, -2]
IM-000000011343858-AP1.png ::::::::: [6, 1, 0, 8, 1, 2]
IM-000000011379801-AP1.png ::::::::: [-7, 0, -3, 2, 21, 8, 58, 7, 120, 5, 5, 4, 4, 180]
IM-000000011379101-AP2.png ::::::::: [5, 12, 21, 5, 5, 7, 5, 23, 4, 5, 8, 23, 22, 7, 5, 7, 22, 6, 5, 6, 144]
IM-000000011253951-AP2.png ::::::::: [16, 2, 4, -3, -4, 1, 3, 29, 3, 5, -3, -2, 2, 3]
IM-000000011386923-AP1.png ::::::::: [14, 5]
IM-000000011387230-AP2.png ::::::::: [2, 64]
IM-000000010854737-AP1.png ::::::::: [7, 7, 4, 3, 2, 15, 4, 3, 5]
IM-000000010731884-AP1.png ::::::::: [6, 3, 1, 1, 0]
IM-000000011386879-AP3.png ::::::::: [-1, -4, 16, 4, 7, 4, 8]
IM-000000011387630-AP1.png ::::::::: [15, 2, 4, 9, 3, 0, 9, 1, 5, 8, 3, 2, 10, 2, 4]
IM-000000011387385-AP1.png ::::::::: [12, 3, 4, 2, 12, 12]
IM-000000011387485-AP1.png ::::::::: [-1, -4, 16, 4, 2, 4, 4, 5, 2, 2, 4, 4, 5, 4, 6, 5, 4, 4, 8]
IM-000000011254336-AP1.png ::::::::: [-3, -5, 18, 4]
IM-000000011127055-AP1.png ::::::::: [-3, 14, 174, 5]
IM-000000010859297-AP1.png ::::::::: [11, 7, 7, 6, 6, 7]
IM-000000009677502-AP1.png ::::::::: [-7, 0, 10, 10, 2, 3, 66, 7]
IM-000000011379058-AP1.png ::::::::: [13, 4, 6]
IM-000000011379262-AP2.png ::::::::: [-3, -8, -2, 31, 8, 8, 8, 9, 6, 8]
IM-000000011379334-AP1.png ::::::::: [10, -6, 6, -6, 20, -6, 6, -7, 5, 18, 5, 3, 259, 17, 4, 3]
IM-000000010854739-AP1.png ::::::::: [-11, 7, 8, 3, 2, 3, 14, 3, 3, 5]
IM-000000011379430-AP2.png ::::::::: [12, 6]
IM-000000011186418-AP1.png ::::::::: [-10, 14, 4, 4, 4, 4]
IM-000000011379369-AP1.png ::::::::: [6, 9, 6, 3, 6, 4, 6, 4]
IM-000000011284773-AP1.png ::::::::: [6, 19, 2, 4, 6, 9, 4, 5]
IM-000000010733581-AP1.png ::::::::: [-9, 19, 3, 1, 3, 15, 3, 3, 4, 15, 4, 2, -12, 1, 4, 14, -12, 4, 2, 5, 13, 4, 1, 1]
IM-000000011379595-AP1.png ::::::::: [19, 3, 3, 1, 1]
IM-000000011678625-AP1.png ::::::::: [12, 3, 4, 34, 23, 5, 7, 6, 55, 7, 8, 8, 9, 22, -11, 21, 6, 6, 7, 20, 6]
IM-000000010840195-AP1.png ::::::::: [7, 11, 10, 11, 11, 11, 10, 11, 10]
IM-000000010733591-AP1.png ::::::::: [21, 2, 2, 3, 3, 13, 4, 3, 4, 13, -11, 4, 3, 2, 13, 3, 2, -12, 1]
IM-000000011376572-AP1.png ::::::::: [10, 8, 8, 8]
IM-000000011009945-AP1.png ::::::::: [4, 5, 3, 5, 4, 3, 5, 4, 5, 4, 5, 5, 4, 5, 4, 6, 5, 6, 4, 6]
IM-000000011386858-AP1.png ::::::::: [11, 3, 16, 21, 19, 2]
IM-000000011387365-AP1.png ::::::::: [12, 5, 3, -2, 13, 17, 11, -7, 11, 14, 2, 2, 6, 4, -4, -2, 4, 11, 11, 20]
IM-000000011378588-AP2.png ::::::::: [7, -1, -2, -3, -3]
IM-000000009606437-AP5.png ::::::::: [5, 5, 7, 4, 4, 5, 37]
IM-000000009421314-AP1.png ::::::::: [5, 3, 5, 6, 6, 6, 6]
IM-000000010485223-AP1.png ::::::::: [6, 18]
IM-000000011186421-AP1.png ::::::::: [13, 5, 5, 5, 5]
IM-000000011378712-AP1.png ::::::::: [-10, 21, 13, 13, 12, 14]
IM-000000011828276-AP1.png ::::::::: [15, 6]
IM-000000011386733-AP1.png ::::::::: [16, 11, 11, 9, 9, 11, 12, 11, 13, 9, 10, 12, 11, 11, 11, 12, 11, 9, 10, 10, 11, 11]
IM-000000010666197-AP1.png ::::::::: [-4, -2, -5, 24, 3, 9]
IM-000000011254325-AP1.png ::::::::: [-1, -2, 19, 5]
IM-000000011379192-AP1.png ::::::::: [3]
IM-000000010652225-AP1.png ::::::::: [-2, -2, 5, 6, 7, 8, 6, 8]
IM-000000011386904-AP1.png ::::::::: [-3, -10, -4, 17, 4, 9, 4, 10, 3, 9, 5, 9, 4, 8, 5, 9, 4, 10, 5, 9, 5, 6]
IM-000000011333681-AP1.png ::::::::: [12, 7, 8, 8, 8, 8]
IM-000000010652238-AP1.png ::::::::: [-1, -2, 5, 7, 6, 5, -7, 8, 6, -7, 6, -10, 5, -9]
IM-000000011254323-AP1.png ::::::::: [-3, -9, -3, 19, 5]
IM-000000011101955-AP1.png ::::::::: [-4, -5, -4, -5, 8, 3, 4, 2, 5, 4, 16, 16, 14, 2, 3, 4, 5, 3, 1, -10, 193, 1, 2, 1, 3, -1]
IM-000000011686659-AP11.png ::::::::: [-3, -2, -4, -5, 5, 2, 14, 4, 7, 7, 5, 14, 2, 3, 2, 15, 5, 7, 7, 6, 15, 3, 3, 3, 4, 1, 1]
IM-000000011379333-AP1.png ::::::::: [10, 15, 14, 13, 12, 16, 14, 13, 11, -9, 14, 11]
IM-000000011379443-AP6.png ::::::::: [4, 6, 26, 3, 6, 6, -11, 5, 7, 9, 3, 5, 8, 3, 6]
IM-000000011101911-AP1.png ::::::::: [11, 7, 9, 6, -9, 9, 8]
IM-000000011523182-AP1.png ::::::::: [-3, -2, -4, -6, 4, 4, 6, 5, 27, 3, 3, 4, 4]
IM-000000011741699-AP1.png ::::::::: [5, 4, 2, 2]
IM-000000011378984-AP1.png ::::::::: [10, 3, 16, 20, 21, -8, 23, 2, 9, -7, 3, 8, 3, 9, 1, 9, -7, 3, 10, 2, 9, -8, 3, 11, -7, 5, 12]
IM-000000011379440-AP5.png ::::::::: [10, 8, 7, 7, 5, 8, 9]
IM-000000011379373-AP1.png ::::::::: [-9, 2, -1, -8, 25, -5, 4, 10, 13, -4, 5, 10, 13, -6, 4, 9, 12, -5, 3, 9, 15, -4, 4, 8, 14, 5, 8]
IM-000000011285439-AP1.png ::::::::: [10, 0]
IM-000000011143059-AP1.png ::::::::: [6, 4, 5, 10, 6, 7, 12]
IM-000000011583836-AP1.png ::::::::: [5, 1, 11, 2, 1, 10, 0, 10, 0, 10, 2, 10, -1, -11]
IM-000000011685260-AP1.png ::::::::: [6, 6, 16, 4, -11, 3]
IM-000000011386904-AP2.png ::::::::: [-3]
IM-000000010731886-AP1.png ::::::::: [5, 1, 1, 1, 9, 0, 1, 2, 1, 11, 0, 0, 1, 1]
IM-000000009479483-AP2.png ::::::::: [2, 1, 6, 5]
IM-000000011143058-AP1.png ::::::::: [6, 4, 4, 9, 5, 4, 6, 7, 6, 10]
IM-000000010301545-AP2.png ::::::::: [2, 5, 4, 24, 5, 14, 5, 4, 16, 4]
IM-000000010534569-AP1.png ::::::::: [-7, -4, -7, 8, 7]
IM-000000010881253-AP1.png ::::::::: [-1, 0, 9, 1]
IM-000000011379343-AP1.png ::::::::: [9, -6, 388, 15, 6, 4]
IM-000000011249371-AP1.png ::::::::: [-9, 21, 8, 6, 9]
IM-000000011186251-AP1.png ::::::::: [8, 8, 4, 5, 3, 16, 4, 4, 18, 8, 4, 4, 3, 14, 0, 2]
IM-000000010638217-AP1.png ::::::::: [8, 10]
IM-000000010865965-AP1.png ::::::::: [12, 3, 3, 4, 4]
IM-000000011380030-AP1.png ::::::::: [3, -1, 16, 3, 4, 2]
IM-000000011249374-AP1.png ::::::::: [4]
IM-000000011386943-AP1.png ::::::::: [2, 27, 3, 36]
IM-000000011387354-AP1.png ::::::::: [12]
IM-000000011378884-AP1.png ::::::::: [3, -2, 19, 2, 5, 2]
IM-000000011378956-AP1.png ::::::::: [3, 6, 5, 5, 6, 3, 4, 4, 4, 5, 5, 4, 1, 5, 5, 5, 5, 5, 5, 5, 5, 5]
IM-000000011322085-AP1.png ::::::::: [7, 1, 3, 8, 1, 1, 7, 1, 3]
IM-000000010865961-AP1.png ::::::::: [13, 4, 3, 3]
IM-000000010712583-AP1.png ::::::::: [13, -5]
IM-000000011379837-AP1.png ::::::::: [4, 3, 3, 1, 14, 3]
IM-000000011344106-AP1.png ::::::::: [-10, 11, 7, 8, 8, 6, 7, 7, 7, 7, 7, 7, 7, 7, 8, 7, 6, 6, 7, 6, 6, 7]
IM-000000010768804-AP1.png ::::::::: [17, 8, 6]
IM-000000010865958-AP1.png ::::::::: [12, -8, 3, 3, 3, 4]
IM-000000011379805-AP3.png ::::::::: [5, -9, 0, 3, 62, 4, 5, 3, 4, 374]
IM-000000010881247-AP1.png ::::::::: [3, 11]
IM-000000011378606-AP3.png ::::::::: [7, -2, -3, -3, -3]
IM-000000011367584-AP1.png ::::::::: [8, 10, -8, 11, 10, 10, 11, 11, 10, 11]
IM-000000011387369-AP1.png ::::::::: [5, 16]
IM-000000009411514-AP1.png ::::::::: [5, 3, 6, 5, 7, 7, 6]
IM-000000011379836-AP1.png ::::::::: [4, 4, 1, 11, 3, 3, 3, 13, 3, 13, 4, 14, 3, 13, 4, 15, 4]
IM-000000010676246-AP1.png ::::::::: [11, -8, 1, 2, 1, 0]
IM-000000011386966-AP1.png ::::::::: [11, 3, 15, -8, 23, 21, 1]
IM-000000011379453-AP2.png ::::::::: [-14, 2, 27, 9, 11]
IM-000000010965479-AP2.png ::::::::: [8, 7, 4, 3, 4, 4, 14, 0, 3, 2, 5, 4, 4, 4, 18, 48, 8, 3, 1, 4, 5, 13, 1, 1, 3, 6, 5, 4, 5, 19]
IM-000000010772103-AP1.png ::::::::: [8, 9, 4, 3, 14, 4, 5]
IM-000000011190599-AP1.png ::::::::: [-3, -6, 11, 7, 7, -8, 6, 9, 8, -3, -4]
IM-000000011379419-AP2.png ::::::::: [-5, 0, -4, 2, 62, 5, 4, 4, 4, -11, 372]
IM-000000011387282-AP1.png ::::::::: [10, 4, 15, 21, 2, 10, 4]
IM-000000011379443-AP9.png ::::::::: [5, 6, 24, 3, 7, 5, 7, 5, 7, 9, 4, 7, 8, 3, 7]
IM-000000009480622-AP1.png ::::::::: [10, 3, 17, 4]
IM-000000011387445-AP1.png ::::::::: [-4, 9, 4, -3, 17, -3, -2, 6, 5]
IM-000000009433102-AP1.png ::::::::: [7, 7, 4, 6]
IM-000000011379657-AP1.png ::::::::: [16, 5, 2, 6, 5, 5, 4, 4, -10, 5, 4, 20]
IM-000000011378804-AP20.png ::::::::: [-3, -2, -3, -5, 16, 5, 6, 4, 3, 18, 3, 6, 4, 16, 5, 4, 4, 4, 16, 4, 7, 3, 15, 5, 5, 3, 3]
IM-000000011379470-AP1.png ::::::::: [-4, -6, -3, 9, -12, 7, 7, 7, 7, 8, 8, 6, 7, 8, -10, -28, -9]
IM-000000011378667-AP1.png ::::::::: [3, 0]
IM-000000011254332-AP1.png ::::::::: [-1, -3, 19, 4]
IM-000000010865975-AP1.png ::::::::: [12, -9, 2, 2, 2]
IM-000000009418599-AP1.png ::::::::: [6, 3, 4, 6, 4, 7, 6]
IM-000000010712587-AP1.png ::::::::: [14, -5]
IM-000000011386871-AP1.png ::::::::: [-2, -5, 17, 5, 7]
IM-000000011098840-AP2.png ::::::::: [2, 14, 3, 2, 5, 4, 4, 3, 4, 4, 4, 4, 3, 4, 4, 3, 3, 3, 4, 3, 3, 3]
IM-000000010929702-AP1.png ::::::::: [-4, -3, -3, -5, 8, 3, 4, 2, 4, 2, 3, -1, 3, 15, 17, 13, 2, 2, 4, 4, 4, 171, 1, 1, 0, 1, 1]
IM-000000011369972-AP1.png ::::::::: [16, 5]
IM-000000010843146-AP1.png ::::::::: [8, 8, 3, 3, 3, 14, 3, 2, 3, 3, 4, 5, 4, 19]
IM-000000011186271-AP1.png ::::::::: [15, 6, 7, 5, 14, 2]
IM-000000011386922-AP1.png ::::::::: [14, 4]
IM-000000011387163-AP1.png ::::::::: [10, 3, 14, 22, 20, -7, 3, 11]
IM-000000011387384-AP2.png ::::::::: [21]
IM-000000010585549-AP1.png ::::::::: [9, 8, 7, 7, 7, 7, 8, 8, 7, 6]
IM-000000011379120-AP1.png ::::::::: [0, 0, 10, 2]
IM-000000010772396-AP1.png ::::::::: [-6, -6, 10, 7, 8, -8, 6, 6]
IM-000000010662988-AP1.png ::::::::: [5, 6, 4, 8]
IM-000000011378804-AP22.png ::::::::: [-3, -2, -3, 5, 3, 5, 4, 5, 16, 3, 7, 4, 15, -63, -62, 4, 5, 17, 3, 6, 4, 15, 6, 5, 3, 5]
IM-000000011386948-AP1.png ::::::::: [3, 26, 3, 16, 4, 16, 3, 17, 4, 16, -3, 4, 16, 5, 17, 4, 4, 16, 3, 17, 4, 4, 15, 4]
IM-000000011379149-AP1.png ::::::::: [10, 4, 2, 0, 13, 3, 4]
IM-000000011186251-AP2.png ::::::::: []
IM-000000011143056-AP1.png ::::::::: [5, 5, 5, 9, 4, -12, 6, 6, 7, 10, 20, 7, 6, 8, 8, 13]
IM-000000009436489-AP1.png ::::::::: [14, 9, 26, 55, 26]
IM-000000010772567-AP1.png ::::::::: [5, 7, 4, 5, 2, 2, 12, 4, 4, 18]
IM-000000011378639-AP1.png ::::::::: [8, -1, -2, -2, -3, 8, 3, 6, 7, 18, 8, 7, 19, 2, 19, -9, 6, 22, 4, 20, 3, 22, 6, 23, 3]
IM-000000010755800-AP2.png ::::::::: [7, -1, -2, -2, -3, 8, 17, 5]
IM-000000011369019-AP39.png ::::::::: [13, 4, 4, 4, 4]
IM-000000011249355-AP1.png ::::::::: [8, 7, 5, 17, 2, 3]
IM-000000011379276-AP2.png ::::::::: [5, -5, 0, -3, 3, 62, 3, 3, 4, 4, 374]
IM-000000010663073-AP1.png ::::::::: [6, 3, 1, 13, 1, 1]
IM-000000011677806-AP1.png ::::::::: [19, 7, 12, 7, 14, 6, 14, 7]
IM-000000011379530-AP1.png ::::::::: [3, 5, 3]
IM-000000011379972-AP1.png ::::::::: [4, 5]
IM-000000010676276-AP1.png ::::::::: [10, 0, 1, 1]
IM-000000011101899-AP1.png ::::::::: [9, 8, 2, 3, 4, 13, 3, 5]
IM-000000010733603-AP1.png ::::::::: [20, 3, 3, 3, 5, 15, 3, 15, 3, 5, 2, 11, 2, 5, 14, 2, 1, 1]
IM-000000011369019-AP2.png ::::::::: [13, 4, 4, 4, 4]
IM-000000011386671-AP2.png ::::::::: [6, 0, -1, -10, -7, -5, -4, -5, -7, -4, -3, -1, 6, 3, 15, 6, 7, 14, 4, 5, 15, 4, 7, 15, 4, 6, 15, 4, 3, -6, 15, 5, 4, 16, 6, 5, 16, 6, 6]
IM-000000011459575-AP11.png ::::::::: [-3, -4, -5, -4, 5, 3, 13, 2, 12, 3, 6, 4, 15, 2, 14, 4]
IM-000000011387583-AP1.png ::::::::: [-8, 10, 3]
IM-000000011367517-AP1.png ::::::::: [9, 6]
IM-000000011378874-AP1.png ::::::::: [11, 21, -7, 21]
IM-000000011686659-AP12.png ::::::::: [-4, -2, -4, -5, 3, 13, -9, 5, 9, 5, 5, 14, 3, 3, -125, -69, 3, 3, 15, 4, 8, 7, 4, 15, 0, 2, 3]
IM-000000010865935-AP1.png ::::::::: [12, 4, 5, 4, 4]
IM-000000011249352-AP1.png ::::::::: [-10, 12, 7, 8]
IM-000000011186273-AP1.png ::::::::: [15, 7, 13, 0]
IM-000000010948372-AP1.png ::::::::: [-4, -3, -3, -2, 6, -9, 3, 4, 15, 15, 15, 3, 0, 4, 4, 4, 2, 1, 5, 4, 4, 2, 4, 159, 2, 1, 0, 3, 2]
IM-000000011379204-AP1.png ::::::::: [11, 3, 9, 3, 16, 20, 2, 9, -7, 3, 8, -8, 3, 9, 3, 12, 3]
IM-000000011386879-AP1.png ::::::::: [-4, -9, -3, 17, 5, 9, 5, 8, 4, 9, 3, 9, 5, 9, 6, 9, 4, 10, 4, 7, 3, 9, 5, 6, 4, 8, 5]
IM-000000010965551-AP1.png ::::::::: [-7, 3, -8, -7, -2, 0, -1]
IM-000000010652229-AP1.png ::::::::: [-1, -1, 5, -7, 8, 7, 6, -7, 7, -6, 6, 7]
IM-000000011378804-AP17.png ::::::::: [-3, -2, -3, -6, 5, 4, 6, 5, 16, 4, 5, 4, 5, 17, 5, 7, 4, 15, 4, -109, -81, 2, 13, -9, 4, 8, 3, 15]
IM-000000010952149-AP1.png ::::::::: [8, 9, 3, 16, 2, 4, 20, 8, 18, 3, 5]
IM-000000011378619-AP1.png ::::::::: [6, -3, -2, -3, -3, 7, 6, 6, 17, 8, 7, 19, 3, 5, 24, 4, 5, 23, 4, 5, 22, 4, 5, 22, 3, 6, 21, 3, 7, 20, 4, 5, 22, 5]
IM-000000011286384-AP1.png ::::::::: [13, 5, 4, 5, 4]
IM-000000011379456-AP4.png ::::::::: [4, 5, 5, 3]
IM-000000011796877-AP1.png ::::::::: [1, -9, 548]
IM-000000011379263-AP1.png ::::::::: [-3, -4, 17, 4, 8]
IM-000000011378611-AP4.png ::::::::: [-3, -3, -3, -3, 8, 5, 23, 4, 5, 6, 6, 24, 4, 4, 6, 5, 23, 4, -6, 6, 7, 5, 22, 3, 3, 4, 6, 23, 4, 4, 6, 5, 35]
IM-000000010842434-AP1.png ::::::::: [13]
IM-000000011102079-AP1.png ::::::::: [12, 7, 8, 8, 7, 6, 7, 7, 7]
IM-000000011794225-AP1.png ::::::::: [8, -2, -2, -2, -3]
IM-000000011378593-AP1.png ::::::::: [7, -1, -2, -4, -4, 8, 6, 6, 5, 18, 8, 9, 19, 4]
IM-000000011310221-AP1.png ::::::::: [0, 15, 14, 15, 12, 110, 4, 366]
IM-000000011386715-AP1.png ::::::::: [13, -1, -5, 12, -4, -3, 11, -5, -2, 12, -2]
IM-000000011387232-AP1.png ::::::::: [-2, -4, 15, 3, 4, 10, 3, 3]
IM-000000010832526-AP1.png ::::::::: [10, 7, 9, 8, 8, 7, 7]
IM-000000011386881-AP2.png ::::::::: [-3, -10, -4, 17, 4, 7, 4, 8, 4, 8, 4, 9, 4, 9, 3, 9, 5, 10, 5, 8, 5, 6]
IM-000000010679224-AP1.png ::::::::: [4, 2, 1, 2]
IM-000000011379508-AP1.png ::::::::: [13, 5, 6]
IM-000000011387155-AP1.png ::::::::: [11, 3, 9, -7, 4, 10, 1, 9, 3, 8, -8, 4, 11, 3, 12, 3, 12, 3]
IM-000000011386728-AP1.png ::::::::: [11, 3, 11, 3, 15, 21, -7, 23, 3]
IM-000000011386739-AP1.png ::::::::: [16, 7, 11, 13, 8, 10, 12, 12, 11, 10, 12, 12, 11, 11, 13, 12, 12, 9, 11, 9, -7, 9, 10]
IM-000000011064237-AP1.png ::::::::: [-4, -2, -5, 22, 5, 8, -9, 16, -10, 3, 7, -11, -8, 5, 8, 17, 15, 4, 10, 4, 9, 3, 10, 14, -10, 14]
IM-000000011102691-AP1.png ::::::::: [-12, 8, 8, 17, 3, 3, 5, 4, 4, 5, 4, 4, 4, 4]
IM-000000011379685-AP1.png ::::::::: [7]
IM-000000011379440-AP7.png ::::::::: [9, 8, 7, 8, 7, 9, 8]
IM-000000011379440-AP2.png ::::::::: [9, 7, -11, 8, 6, 10, 6, 10, 4, 11, 9]
IM-000000011310474-AP18.png ::::::::: [19, 5, 6, 5, 5, 4, 5, 6, 5, 6, 6, 6, 6, 5, 6, 6, 5, 7, 7]
IM-000000011387317-AP1.png ::::::::: [18, 4, 6, 6, 5]
IM-000000010809068-AP4.png ::::::::: [10, -7, 1, 0, 0, 1]
IM-000000011379309-AP1.png ::::::::: [10, 3, 16, 21, 22, -7, 3, 12]
IM-000000011186432-AP1.png ::::::::: [13, 4, 5, 3]
IM-000000011378578-AP1.png ::::::::: [7, -3, -2, -2, -2]
IM-000000010842922-AP1.png ::::::::: [-4, -4, -3, 7, -9, 4, 3, 4, 4, 15, 16, 14, 2, 0, 4, 5, 4, 1, -11, 205, 2, -1, 0, 2, 1]
IM-000000011143055-AP1.png ::::::::: [6, 5, 4, 8, 6, 8, 11]
IM-000000011598501-AP1.png ::::::::: [-5, -1, 3, 4, 2, 352]
IM-000000011387279-AP1.png ::::::::: [11, -9, -1, 0, 3, 1, 1]
IM-000000011386696-AP2.png ::::::::: [-3, 10, 5, -3, -2, 5, 5, 6, 5, 4, -3, -2, 4, 5, 5, 5]
IM-000000011201057-AP1.png ::::::::: [2, 15, 2, 4, 3, 3, 3, 3, 4, 3, 4, 3, 4]
IM-000000011378635-AP2.png ::::::::: [7, -3, -1, -2, -3]
IM-000000011387399-AP1.png ::::::::: [7, 1, 13, 5, 3]
IM-000000011379481-AP1.png ::::::::: [-12, 4, 28, 4, 4, 2, 7, 15]
IM-000000011386898-AP1.png ::::::::: [-2, -5, 16, 5, 7]
IM-000000011387483-AP1.png ::::::::: [-1, -5, 16, 3, 1, 4, 5, 6, 3, 3, 3, 3, 4, 4, 4, 5, 5, 4, 4, 5]
IM-000000011379799-AP1.png ::::::::: [-6, 0, -3, 3, 19, 9, 59, 6, 34, 9, 59, 1, -3, 3, 197]
IM-000000011127054-AP1.png ::::::::: [-1, 14, 15, 14, 14, 13, 86, 4, 365]
IM-000000011459575-AP5.png ::::::::: [-3, -2, -3, -5, 4, 3, 8, 5, 14, 3, 3, 14, 3, 7, -49, -54, 1, 2, 13, 3, 8, 3, 15, 3, 1, 15]
IM-000000010473802-AP1.png ::::::::: [4, 4, 4, 7]
IM-000000010865976-AP1.png ::::::::: [-10, 12, 3, 1, 3, 2, 3]
IM-000000011387035-AP2.png ::::::::: [1, -11, 3, 18, 4, 19, 3, 17, -11, 4, 19, 4, 3, 30, 5, 32, -10, 3]
IM-000000011379916-AP1.png ::::::::: [13, 5, 4, 5, 5, 357, -10]
IM-000000011387188-AP1.png ::::::::: [7, 9, 8, 7, 8, 24, 25, 20]
IM-000000011379818-AP2.png ::::::::: [-11, -1, 2, 19, 7, 60, 3, 0, 31, 9, 58, 7, 34, 10, 58, 8, 32, 20]
IM-000000010288286-AP1.png ::::::::: [-2, -3, 12]
IM-000000010831843-AP5.png ::::::::: [11, 7, 7, 8, 8, 8, 8, 8, 9, 8, 8, 8, 8, 9, 9, 9, 8, 8, 8, 8, 8, 9, 8, 8]
IM-000000011379353-AP1.png ::::::::: [1, 14, 14]
IM-000000010652236-AP1.png ::::::::: [-1, -2, 4, 6, 7, 7, 5]
IM-000000010831546-AP1.png ::::::::: [-9, 11, 0, 2, 2]
IM-000000010579474-AP2.png ::::::::: [0, 32, 32, 40, 6, 4, 4, 15, 5, 4, 3, 17, 1, 3]
IM-000000011386731-AP1.png ::::::::: [15, 9, 11, 11, 9, 11, 10, 13, 10, 10, 11, 9, -8, 11, 10, 11, 11, 11, 10, 11, 9, 10, 11]
IM-000000011101917-AP1.png ::::::::: [9, 9, 2, 4, 3, 13, 3, 4, 18]
IM-000000011513089-AP1.png ::::::::: [10, 4, 4, 4, 4, 4, 4, 5, 5]
IM-000000010708248-AP1.png ::::::::: [8, 7, 3, 5, 13, 3, 5]
IM-000000009428244-AP1.png ::::::::: [14, 11, 27]
IM-000000011386927-AP1.png ::::::::: [-5, 0, 9, 11, 2, 14, 3, 12, 3, 11, -11, 3, 12, -10, 2, 12, 2, 5, 14, 1, 5, 14, -10, 1, 13, 2, 13, -10, 3, 3, 13, 2]
IM-000000010741418-AP1.png ::::::::: [4, 3, 1, 2, 4, 3, 1, 1, 4, 2, 2, 2, 7, 3, 2, 3]
IM-000000011322047-AP1.png ::::::::: [7, 8, 3, 4, 5, 14, 5, 3, 4, 4]
IM-000000009793863-AP1.png ::::::::: [4, 19, 18, 5, 4, 4, 8, 3, 4]
IM-000000009930263-AP2.png ::::::::: [8, 2, 2, 1, 4, 3, 3, 3, 3, 2, 1, 2, 3, 3, 2, 3, 4, 4]
IM-000000010881232-AP1.png ::::::::: [4, 2, 2, 12, 2, 2]
IM-000000010901645-AP1.png ::::::::: [-4, -4, -3, 8, 2, 3, 4, 4, 15, 16, 14, 2, 0, 4, 3, 3, 2, 0, -7, 196, 2, -1, 0, 2, 1]
IM-000000011186378-AP1.png ::::::::: [14, 5, 4, 3, 4]
IM-000000011378608-AP1.png ::::::::: [7, -1, -1, -3, -4]
IM-000000010731885-AP1.png ::::::::: [5, 2, 2]
IM-000000011387035-AP1.png ::::::::: [3, 5, 3, 16, 4, 18, 3, 4, 15, -10, 3, 16, -10, 4, 19, 5, 3, 31, 5]
IM-000000011379424-AP2.png ::::::::: [2, 23, 4]
IM-000000011387644-AP1.png ::::::::: [-4, -4, 23, 11]
IM-000000010733588-AP1.png ::::::::: [-10, 21, 3, 1, 2, 14, 4, 6, 2, 13, 4, 6, 2]
IM-000000009457732-AP1.png ::::::::: [23, 5, 25, 6, 25, 5, 25, 5, 26, 6]
IM-000000011386760-AP1.png ::::::::: [38, -3, -3, 34, 37]
IM-000000011269479-AP1.png ::::::::: [4, 13, 6, 12, 14, 13, 13, 12, 11, 13, 14, 14, 12, 13, 13, 12, 13, 5, 14]
IM-000000011386720-AP1.png ::::::::: [19, 7, 4]
IM-000000011379278-AP2.png ::::::::: [8, 12, 6, 4, 5, 5, 4, 5, 7, 6, 12, 4, 4, 4, 6, 5, 6, 8, 12, 6, 5, 4, 5, 5, 5, 6, 9, 12, 6, 5, 5, 4, 6, 4, 6, 9, 12, 5, 4, 5, 3, 5, 6]
IM-000000011379715-AP2.png ::::::::: [13, 3, 8, 10, 6]
IM-000000011387123-AP1.png ::::::::: [4, 8, -9, 24, 25]
IM-000000010663061-AP1.png ::::::::: [6, 3, 1, 13, 1, 1]
IM-000000011378649-AP2.png ::::::::: [-2, -3, -1, -3]
IM-000000011379623-AP1.png ::::::::: [15, 8, 6, 7]
IM-000000011379554-AP1.png ::::::::: [8, 6, 9, 17, 5, 8, 16, 7, 6, 6]
IM-000000011387345-AP1.png ::::::::: [0, 0, 21, 3]
IM-000000011386693-AP1.png ::::::::: [-3, 10, 5, -4, -2, 5]
IM-000000011379198-AP1.png ::::::::: [5]
IM-000000011379016-AP1.png ::::::::: [14, 4, 5]
IM-000000011500982-AP1.png ::::::::: [3, 5, 4, 5, 7, 5, 5, 7]
IM-000000010865953-AP1.png ::::::::: [12, 4, 3, 4, 4]
IM-000000011379668-AP1.png ::::::::: [9]
IM-000000010952151-AP2.png ::::::::: [9, 8, 4, 2, 3, 14, -1, 1, 4, 3, 4, 17, 45, 9, 3, 4, 2, 14, 4, 3, 4, 1, 3, 16]
IM-000000010756064-AP1.png ::::::::: [11, 8, 6, 7]
IM-000000011667222-AP1.png ::::::::: [4, 1, 9, 2, 450]
IM-000000011379382-AP3.png ::::::::: [2, 0, -6, 18, 13, -5, 3, 9, 14, -5, 2, 8, 12, -4, 5, 9, 13, -4, 4, 8, -10]
IM-000000011386959-AP1.png ::::::::: [2, 4, 1, 18, 2, 3, 30, 2, 18, 5, 19, 5, 21, 3, 18, 6]
IM-000000011459575-AP4.png ::::::::: [-5, -3, -3, -5, 3, 3, 7, 4, 15, 3, 2, 14, 3, 6, 4, -45, -45, 2, 15, 3, 6, 4, 14, 4, 4]
IM-000000011379381-AP1.png ::::::::: [3, 1, 23, -6, 4, 7, -9]
IM-000000011387374-AP1.png ::::::::: [21, -8, 102, 8]
IM-000000011387413-AP1.png ::::::::: [10, 3, 16, 20, 22, 1, 8, 21, 2, 8, -7, 3, 10, -7, 4, 15, 2, 16, 4]
IM-000000009411510-AP3.png ::::::::: [5, 7, 6, 6, 6, 4, 4]
IM-000000011387362-AP1.png ::::::::: [12]
IM-000000011333685-AP1.png ::::::::: [10, 7, 8, 8, 7, 6, 8, 8, 5]
IM-000000009423673-AP1.png ::::::::: [3, 2, 14, 3]
IM-000000011386960-AP1.png ::::::::: [10, 3, 16, 21, 2, 9, 1, 9, -7, 4, 15, 3, 16, 1]
IM-000000011379109-AP1.png ::::::::: [15, 8, 7, 9, 7, 8, 10]
IM-000000011387606-AP1.png ::::::::: [5, 15, 4, 4, 4, 4]
IM-000000011379814-AP2.png ::::::::: [-6, -1, -4, 4, 17, 33, 10, 60, 6, 33, 9, 60, 7, 172]
IM-000000011435888-AP1.png ::::::::: [1, 548]
IM-000000011379589-AP1.png ::::::::: [12, 17, 3, 1, 1, 3]
IM-000000010652233-AP1.png ::::::::: [-3, -2, 4, 5, -10, 6]
IM-000000010963995-AP1.png ::::::::: [12, 5, 6, 5]
IM-000000009411514-AP2.png ::::::::: [4]
IM-000000011369019-AP27.png ::::::::: [13, 4, 4, 5]
IM-000000011378710-AP1.png ::::::::: [-10, 20, 12, 12]
IM-000000011387240-AP1.png ::::::::: [11, 3, 8, 2, 8, 2, 15, -7, 23, 21, 0, 9, 20, 2, 9, -7, 3, 10]
IM-000000011379561-AP1.png ::::::::: [12, 14, 61, 7, 31, 9, 8]
IM-000000010663071-AP1.png ::::::::: [5, 0]
IM-000000011548113-AP1.png ::::::::: [-2, -4, 25, 24, 23, 23, 23, 23, 22, 22, 24]
IM-000000011378644-AP1.png ::::::::: [-3, -2, -1, -4, 8, 7, 5, 17, 8, 8, 19, 5, 21, -8, 6]
IM-000000010756067-AP1.png ::::::::: [10, 8, 7, 7, 8, 8]
IM-000000011378579-AP2.png ::::::::: [6, -3, -2, -2, -2]
IM-000000011379952-AP1.png ::::::::: [13, 5, 4, 4, 5, 4, 5, 5, 5, 4, 4, 3, 5, 4, 4, 4, 19]
IM-000000011386921-AP1.png ::::::::: [14, 6]
IM-000000011343859-AP1.png ::::::::: [7, 1, -1]
IM-000000011249351-AP1.png ::::::::: [9, 7, 7]
IM-000000011857053-AP1.png ::::::::: [7, 10, 11, 10, -7, 10, 9, 10, 8, 10]
IM-000000011379522-AP1.png ::::::::: [12, 4]
IM-000000009564047-AP1.png ::::::::: [1, 4, 32, 4, 4]
IM-000000011387473-AP1.png ::::::::: [-3, 10, 5, -5, -3, 5, 3, 4, 4, 2, -3, -2, 5, 2, 5, 5]
IM-000000011378804-AP15.png ::::::::: [-3, -2, -3, -6, -7, 4, 3, 7, 2, 16, 3, 4, 4, 4, 16, 2, 6, 1, 15, 6, 5, 5, 1, 15, 2, 6, 3, 13]
